#VRML V2.0 utf8
# 3D model generated by easyeda2kicad.py (https://github.com/uPesy/easyeda2kicad.py)

Shape{
    appearance Appearance {
        material  Material 	{
            diffuseColor 0.6666666666666666 0.6980392156862745 0.7686274509803922
            specularColor 0.3333333333333333 0.34901960784313724 0.3843137254901961
            ambientIntensity 0.6967
            transparency 0.0
            shininess 0.5
        }
    }
    geometry IndexedFaceSet {
        ccw TRUE
        solid FALSE
        coord DEF co Coordinate {
            point [
                -0.6496 0.0964 -0.333, -0.6496 0.0964 -0.1968, -0.6496 -0.1004 -0.333, -0.6496 -0.1004 -0.1968, -0.8465 0.0964 -0.0927, -0.8465 0.0964 -0.333, -0.8465 0.0631 -0.0946, -0.8465 -0.0022 -0.0984, -0.8465 -0.067 -0.0959, -0.8465 -0.1004 -0.333, -0.8465 -0.1004 -0.0927, -0.1509 0.0964 -0.333, -0.1509 0.0964 -0.1968, -0.1509 -0.1004 -0.333, -0.1509 -0.1004 -0.1968, -0.3478 -0.1004 -0.1968, -0.3478 0.0964 -0.1968, -0.3478 -0.1004 -0.333, -0.3478 0.0964 -0.333, 0.3478 0.0964 -0.333, 0.3478 0.0964 -0.1968, 0.3478 -0.1004 -0.333, 0.3478 -0.1004 -0.1968, 0.1509 -0.1004 -0.1968, 0.1509 0.0964 -0.1968, 0.1509 -0.1004 -0.333, 0.1509 0.0964 -0.333
            ]
        }
        coordIndex [
            0,1,2,-1,2,1,3,-1,4,5,6,-1,6,5,7,-1,7,5,8,-1,8,5,9,-1,8,9,10,-1,11,12,13,-1,13,12,14,-1,15,16,17,-1,17,16,18,-1,19,20,21,-1,21,20,22,-1,23,24,25,-1,25,24,26,-1,
        ]
    }
}
Shape{
    appearance Appearance {
        material  Material 	{
            diffuseColor 1.0 1.0 1.0
            specularColor 0.5019607843137255 0.5019607843137255 0.5019607843137255
            ambientIntensity 1.0
            transparency 0.0
            shininess 0.5
        }
    }
    geometry IndexedFaceSet {
        ccw TRUE
        solid FALSE
        coord DEF co Coordinate {
            point [
                -0.7283 -0.1725 -0.1968, -0.7415 -0.1004 -0.1968, -0.6496 -0.1004 -0.1968, -0.4977 0.5564 -0.1968, -0.4066 0.6259 -0.1968, -0.1509 0.0964 -0.1968, 0.6191 0.4179 -0.1968, 0.0287 0.7455 -0.1968, 0.6118 0.4283 -0.1968, 0.1424 0.7323 -0.1968, 0.6704 0.3299 -0.1968, 0.7132 0.2237 -0.1968, 0.6496 0.0964 -0.1968, 0.7393 0.1122 -0.1968, 0.7415 0.0964 -0.1968, 0.2529 0.702 -0.1968, 0.3574 0.6551 -0.1968, 0.539 0.5167 -0.1968, 0.4535 0.5929 -0.1968, 0.7415 -0.1004 -0.1968, 0.7393 -0.1162 -0.1968, 0.6496 -0.1004 -0.1968, 0.7132 -0.2277 -0.1968, 0.6704 -0.3339 -0.1968, 0.6118 -0.4324 -0.1968, 0.539 -0.5207 -0.1968, 0.4535 -0.5969 -0.1968, -0.7415 0.0964 -0.1968, -0.7283 0.1684 -0.1968, -0.6496 0.0964 -0.1968, -0.6938 0.2776 -0.1968, 0.3574 -0.6592 -0.1968, 0.2529 -0.706 -0.1968, 0.1424 -0.7364 -0.1968, 0.0287 -0.7495 -0.1968, -0.0858 -0.7451 -0.1968, -0.1982 -0.7233 -0.1968, -0.306 -0.6846 -0.1968, -0.4066 -0.6299 -0.1968, -0.4977 -0.5605 -0.1968, -0.5771 -0.4779 -0.1968, -0.643 -0.3843 -0.1968, -0.6938 -0.2816 -0.1968, 0.1509 -0.1004 -0.1968, 0.3478 -0.1004 -0.1968, 0.3478 0.0964 -0.1968, -0.3478 0.0964 -0.1968, -0.643 0.3802 -0.1968, -0.5771 0.4739 -0.1968, -0.3478 -0.1004 -0.1968, -0.1509 -0.1004 -0.1968, 0.1509 0.0964 -0.1968, -0.306 0.6806 -0.1968, -0.1982 0.7193 -0.1968, -0.0858 0.7411 -0.1968
            ]
        }
        coordIndex [
            0,1,2,-1,3,4,5,-1,6,7,8,-1,8,7,9,-1,10,11,12,-1,12,11,13,-1,12,13,14,-1,9,15,8,-1,8,15,16,-1,8,16,17,-1,17,16,18,-1,19,20,21,-1,21,20,22,-1,21,22,23,-1,23,24,21,-1,21,24,25,-1,21,25,26,-1,27,28,29,-1,29,28,30,-1,26,31,21,-1,21,31,32,-1,21,32,33,-1,34,35,2,-1,2,35,36,-1,2,36,37,-1,37,38,2,-1,2,38,39,-1,2,39,40,-1,40,41,2,-1,2,41,42,-1,2,42,0,-1,34,43,44,-1,33,34,21,-1,21,34,44,-1,21,44,12,-1,12,44,45,-1,46,47,5,-1,5,47,48,-1,5,48,3,-1,30,47,29,-1,29,47,46,-1,29,46,2,-1,2,46,49,-1,2,49,34,-1,34,49,50,-1,34,50,43,-1,43,50,5,-1,43,5,51,-1,51,5,4,-1,51,4,52,-1,52,53,51,-1,51,53,54,-1,51,54,45,-1,45,54,7,-1,45,7,12,-1,12,7,6,-1,12,6,10,-1,
        ]
    }
}
Shape{
    appearance Appearance {
        material  Material 	{
            diffuseColor 1.0 1.0 1.0
            specularColor 0.8784313725490196 0.8784313725490196 0.8784313725490196
            ambientIntensity 1.0
            transparency 0.0
            shininess 0.5
        }
    }
    geometry IndexedFaceSet {
        ccw TRUE
        solid FALSE
        coord DEF co Coordinate {
            point [
                0.9449 -0.5572 0.1511, 0.9449 -0.6429 0.1969, 0.9339 -0.6589 0.1969, -0.8465 -0.1004 -0.0927, -0.7415 -0.1004 -0.1968, -0.7283 -0.1725 -0.1968, 0.8465 0.0964 -0.0927, 0.7415 0.0964 -0.1968, 0.7393 0.1122 -0.1968, -0.7415 0.0964 -0.1968, -0.8465 0.0964 -0.0927, -1.1117 0.2581 0.1969, -1.1122 0.2549 0.1969, -0.8465 0.0631 -0.0946, -1.1384 0.0854 0.1969, 0.6704 -0.3339 -0.1968, 0.9449 -0.4699 0.1095, 0.6118 -0.4324 -0.1968, 0.7132 -0.2277 -0.1968, 0.7393 -0.1162 -0.1968, 0.9449 -0.148 0.0112, 0.7415 -0.1004 -0.1968, 0.8465 -0.1004 -0.0927, 0.9449 -0.2252 0.026, 0.9449 -0.301 0.0462, 0.9449 -0.3865 0.0752, 0.7132 0.2237 -0.1968, 0.9449 0.2213 0.026, 0.9449 0.1439 0.0112, 0.9449 0.0709 0.0028, 0.8465 -0.002 -0.0984, 0.9449 -0.002 0.0, 0.9449 -0.0751 0.0028, 0.6704 0.3299 -0.1968, 0.9449 0.3823 0.0752, 0.9449 0.297 0.0462, 0.6191 0.4179 -0.1968, 0.9449 0.5535 0.1512, 0.9449 0.4658 0.1095, 0.9113 -0.6863 0.1969, 0.539 -0.5207 -0.1968, 0.8226 -0.7937 0.1969, 0.7977 -0.8159 0.1969, 0.4535 -0.5969 -0.1968, 0.6922 -0.91 0.1969, 0.666 -0.927 0.1969, 0.3574 -0.6592 -0.1968, 0.5454 -1.005 0.1969, 0.5189 -1.0169 0.1969, 0.2529 -0.706 -0.1968, 0.3859 -1.0765 0.1969, 0.36 -1.0837 0.1969, 0.1424 -0.7364 -0.1968, 0.2174 -1.1229 0.1969, 0.1928 -1.1257 0.1969, 0.0287 -0.7495 -0.1968, 0.0437 -1.1429 0.1969, 0.0212 -1.142 0.1969, -0.0858 -0.7451 -0.1968, -0.1309 -1.1362 0.1969, -0.151 -1.1323 0.1969, -0.1982 -0.7233 -0.1968, -0.3025 -1.1029 0.1969, -0.3197 -1.0968 0.1969, -0.306 -0.6846 -0.1968, -0.467 -1.0439 0.1969, -0.4812 -1.0361 0.1969, -0.4066 -0.6299 -0.1968, -0.6206 -0.9603 0.1969, -0.6317 -0.9519 0.1969, -0.4977 -0.5605 -0.1968, -0.7596 -0.8544 0.1969, -0.7678 -0.8459 0.1969, -0.5771 -0.4779 -0.1968, -0.8808 -0.7284 0.1969, -0.8864 -0.7205 0.1969, -0.643 -0.3843 -0.1968, -0.9814 -0.5855 0.1969, -0.9847 -0.5787 0.1969, -0.6938 -0.2816 -0.1968, -1.059 -0.4288 0.1969, -1.0606 -0.4237 0.1969, -1.1117 -0.2622 0.1969, -1.1122 -0.259 0.1969, -0.8465 -0.067 -0.0959, -1.1384 -0.0894 0.1969, -0.8465 -0.0022 -0.0984, -1.1384 -0.0883 0.1969, -1.1384 0.0843 0.1969, -0.7283 0.1684 -0.1968, -1.0606 0.4197 0.1969, -0.6938 0.2776 -0.1968, -1.059 0.4248 0.1969, -0.9847 0.5747 0.1969, -0.643 0.3802 -0.1968, -0.9814 0.5814 0.1969, -0.8864 0.7165 0.1969, -0.5771 0.4739 -0.1968, -0.8808 0.7244 0.1969, -0.7678 0.8418 0.1969, -0.4977 0.5564 -0.1968, -0.7596 0.8503 0.1969, -0.6317 0.9478 0.1969, -0.4066 0.6259 -0.1968, -0.6206 0.9563 0.1969, -0.4812 1.0321 0.1969, -0.306 0.6806 -0.1968, -0.467 1.0398 0.1969, -0.3197 1.0927 0.1969, -0.1982 0.7193 -0.1968, -0.3025 1.0989 0.1969, -0.151 1.1283 0.1969, -0.0858 0.7411 -0.1968, -0.1309 1.1322 0.1969, 0.0212 1.138 0.1969, 0.0287 0.7455 -0.1968, 0.0437 1.1389 0.1969, 0.1928 1.1217 0.1969, 0.1424 0.7323 -0.1968, 0.2174 1.1188 0.1969, 0.36 1.0796 0.1969, 0.2529 0.702 -0.1968, 0.3859 1.0725 0.1969, 0.5189 1.0129 0.1969, 0.3574 0.6551 -0.1968, 0.5454 1.001 0.1969, 0.666 0.923 0.1969, 0.4535 0.5929 -0.1968, 0.6922 0.906 0.1969, 0.7977 0.8119 0.1969, 0.539 0.5167 -0.1968, 0.8226 0.7897 0.1969, 0.9113 0.6822 0.1969, 0.6118 0.4283 -0.1968, 0.9339 0.6548 0.1969, 0.9449 0.6389 0.1969
            ]
        }
        coordIndex [
            0,1,2,-1,3,4,5,-1,6,7,8,-1,9,10,11,-1,11,10,12,-1,12,10,13,-1,12,13,14,-1,15,16,17,-1,17,16,0,-1,18,19,20,-1,20,19,21,-1,20,21,22,-1,20,23,18,-1,18,23,24,-1,18,24,15,-1,15,24,25,-1,15,25,16,-1,26,27,8,-1,8,27,28,-1,8,28,6,-1,6,28,29,-1,6,29,30,-1,30,29,31,-1,30,31,22,-1,22,31,32,-1,22,32,20,-1,33,34,26,-1,26,34,35,-1,26,35,27,-1,36,37,33,-1,33,37,38,-1,33,38,34,-1,0,2,17,-1,17,2,39,-1,17,39,40,-1,39,41,40,-1,40,41,42,-1,40,42,43,-1,42,44,43,-1,43,44,45,-1,43,45,46,-1,45,47,46,-1,46,47,48,-1,46,48,49,-1,48,50,49,-1,49,50,51,-1,49,51,52,-1,51,53,52,-1,52,53,54,-1,52,54,55,-1,54,56,55,-1,55,56,57,-1,55,57,58,-1,57,59,58,-1,58,59,60,-1,58,60,61,-1,60,62,61,-1,61,62,63,-1,61,63,64,-1,63,65,64,-1,64,65,66,-1,64,66,67,-1,66,68,67,-1,67,68,69,-1,67,69,70,-1,69,71,70,-1,70,71,72,-1,70,72,73,-1,72,74,73,-1,73,74,75,-1,73,75,76,-1,75,77,76,-1,76,77,78,-1,76,78,79,-1,78,80,79,-1,79,80,81,-1,79,81,5,-1,5,81,82,-1,5,82,3,-1,3,82,83,-1,3,83,84,-1,84,83,85,-1,84,85,86,-1,86,85,87,-1,86,87,13,-1,13,87,88,-1,13,88,14,-1,9,11,89,-1,89,11,90,-1,89,90,91,-1,90,92,91,-1,91,92,93,-1,91,93,94,-1,93,95,94,-1,94,95,96,-1,94,96,97,-1,96,98,97,-1,97,98,99,-1,97,99,100,-1,99,101,100,-1,100,101,102,-1,100,102,103,-1,102,104,103,-1,103,104,105,-1,103,105,106,-1,105,107,106,-1,106,107,108,-1,106,108,109,-1,108,110,109,-1,109,110,111,-1,109,111,112,-1,111,113,112,-1,112,113,114,-1,112,114,115,-1,114,116,115,-1,115,116,117,-1,115,117,118,-1,117,119,118,-1,118,119,120,-1,118,120,121,-1,120,122,121,-1,121,122,123,-1,121,123,124,-1,123,125,124,-1,124,125,126,-1,124,126,127,-1,126,128,127,-1,127,128,129,-1,127,129,130,-1,129,131,130,-1,130,131,132,-1,130,132,133,-1,133,132,134,-1,133,134,36,-1,36,134,135,-1,36,135,37,-1,
        ]
    }
}
Shape{
    appearance Appearance {
        material  Material 	{
            diffuseColor 0.6666666666666666 0.6980392156862745 0.7686274509803922
            specularColor 0.3333333333333333 0.34901960784313724 0.3843137254901961
            ambientIntensity 0.6967
            transparency 0.0
            shininess 0.5
        }
    }
    geometry IndexedFaceSet {
        ccw TRUE
        solid FALSE
        coord DEF co Coordinate {
            point [
                0.6496 -0.1004 -0.1968, 0.6496 0.0964 -0.1968, 0.6496 -0.1004 -0.333, 0.6496 0.0964 -0.333, 0.8465 0.0964 -0.333, 0.8465 0.0964 -0.0927, 0.8465 -0.1004 -0.333, 0.8465 -0.002 -0.0984, 0.8465 -0.1004 -0.0927
            ]
        }
        coordIndex [
            0,1,2,-1,2,1,3,-1,4,5,6,-1,6,5,7,-1,6,7,8,-1,
        ]
    }
}
Shape{
    appearance Appearance {
        material  Material 	{
            diffuseColor 1.0 1.0 1.0
            specularColor 0.5019607843137255 0.5019607843137255 0.5019607843137255
            ambientIntensity 1.0
            transparency 0.0
            shininess 0.5
        }
    }
    geometry IndexedFaceSet {
        ccw TRUE
        solid FALSE
        coord DEF co Coordinate {
            point [
                0.5545 0.9959 0.6177, 0.5398 1.0039 0.6198, 0.5398 1.004 0.7874, 0.402 1.0664 0.6934, 0.3862 1.0722 0.6955, 0.3862 1.0724 0.7874, -0.1104 1.1344 0.5637, -0.1106 1.1343 0.5634, -0.1106 1.1343 0.6253, -0.2699 1.1073 0.2735, -0.2763 1.1058 0.1969, -0.2749 1.1061 0.2725, -0.2763 1.1058 0.2724, -0.2401 1.1142 0.3187, -0.2355 1.1152 0.3168, -0.2324 1.1158 0.3164, -0.2205 1.1182 0.3148, -0.2145 1.1194 0.3154, -0.1561 1.129 0.317, -0.1106 1.1343 0.1969, -0.1727 1.1266 0.317, -0.1561 1.129 0.3318, -0.1557 1.129 0.3318, -0.1551 1.1291 0.3307, -0.1518 1.1296 0.3267, -0.149 1.13 0.3231, -0.1433 1.1307 0.3189, -0.1439 1.1306 0.3193, -0.1481 1.1301 0.3225, -0.1395 1.1312 0.3173, -0.1371 1.1315 0.3162, -0.1342 1.1318 0.3158, -0.1267 1.1327 0.3148, -0.1186 1.1335 0.3157, -0.117 1.1337 0.3158, -0.1139 1.134 0.317, -0.111 1.1343 0.3181, -0.1106 1.1343 0.3183, -0.258 1.1102 0.3416, -0.2574 1.1103 0.3367, -0.2763 1.1058 0.2869, -0.2581 1.1102 0.343, -0.2573 1.1104 0.3362, -0.256 1.1106 0.3325, -0.2557 1.1107 0.3316, -0.2542 1.111 0.3293, -0.253 1.1113 0.3274, -0.2518 1.1116 0.3262, -0.2446 1.1132 0.3205, -0.2464 1.1128 0.3216, -0.2699 1.1073 0.2884, -0.2476 1.1125 0.3224, -0.2728 1.1066 0.2874, -0.2745 1.1062 0.2872, -0.1731 1.1265 0.6621, -0.1839 1.1248 0.659, -0.2102 1.1202 0.6622, -0.1081 1.1346 0.6485, -0.1106 1.1343 0.6503, -0.1106 1.1343 0.7874, -0.1177 1.1336 0.6552, -0.1207 1.1333 0.6572, -0.1272 1.1326 0.6597, -0.1342 1.1318 0.6623, -0.138 1.1313 0.6627, -0.1527 1.1295 0.6644, -0.1566 1.1289 0.6641, -0.1698 1.127 0.663, -0.1839 1.1248 0.641, -0.1769 1.1259 0.6437, -0.1839 1.1248 0.5508, -0.1691 1.1271 0.6468, -0.1661 1.1275 0.6472, -0.1528 1.1294 0.6489, -0.1473 1.1302 0.6486, -0.1473 1.1302 0.6486, -0.1388 1.1312 0.647, -0.1363 1.1316 0.6465, -0.1313 1.1321 0.6443, -0.127 1.1326 0.6423, -0.1247 1.1329 0.6405, -0.1167 1.1337 0.6341, -0.1156 1.1338 0.6328, -0.1111 1.1343 0.626, -0.1158 1.1338 0.5559, -0.1185 1.1335 0.5533, -0.119 1.1335 0.5529, -0.1249 1.1329 0.5487, -0.1276 1.1326 0.5468, -0.1312 1.1322 0.5455, -0.1366 1.1315 0.5434, -0.1382 1.1313 0.5432, -0.1499 1.1298 0.5418, -0.1542 1.1293 0.542, -0.1622 1.1281 0.5434, -0.1701 1.127 0.5447, -0.1735 1.1264 0.5462, -0.2105 1.1201 0.3301, -0.2133 1.1196 0.3297, -0.22 1.1183 0.3589, -0.2221 1.1179 0.3284, -0.2257 1.1172 0.3287, -0.2293 1.1165 0.329, -0.2316 1.116 0.3297, -0.2342 1.1154 0.3304, -0.2347 1.1153 0.3307, -0.2348 1.1153 0.3308, -0.2369 1.1149 0.3319, -0.237 1.1148 0.3321, -0.2383 1.1146 0.3333, -0.2388 1.1145 0.3337, -0.2395 1.1143 0.3348, -0.2398 1.1143 0.3352, -0.2402 1.1142 0.3364, -0.2408 1.114 0.3377, -0.2409 1.114 0.3385, -0.2414 1.1139 0.3413, -0.2412 1.114 0.3436, -0.2411 1.114 0.3437, -0.2407 1.1141 0.3454, -0.2405 1.1141 0.3459, -0.24 1.1142 0.3468, -0.2394 1.1143 0.3479, -0.2391 1.1144 0.3483, -0.2303 1.1162 0.3545, -0.2372 1.1148 0.3504, -0.205 1.1211 0.3324, -0.2139 1.1195 0.3617, -0.1996 1.1221 0.3347, -0.1968 1.1226 0.3365, -0.2084 1.1205 0.365, -0.195 1.1229 0.3376, -0.2035 1.1214 0.368, -0.2025 1.1216 0.369, -0.1998 1.1221 0.3715, -0.1727 1.1266 0.3784, -0.195 1.1229 0.3204, -0.2043 1.1213 0.3172, -0.207 1.1208 0.3163, -0.199 1.1222 0.3729, -0.1982 1.1224 0.3742, -0.1972 1.1226 0.3768, -0.1961 1.1228 0.3796, -0.1959 1.1228 0.3811, -0.1714 1.1268 0.3893, -0.1566 1.129 0.4109, -0.1583 1.1287 0.4099, -0.1974 1.1225 0.3974, -0.1618 1.1282 0.4077, -0.1621 1.1282 0.4074, -0.1651 1.1278 0.4044, -0.1652 1.1277 0.4043, -0.1676 1.1274 0.4006, -0.1686 1.1272 0.3991, -0.1951 1.1229 0.3866, -0.1952 1.1229 0.3873, -0.1712 1.1268 0.3918, -0.1957 1.1228 0.3922, -0.1959 1.1228 0.3927, -0.1697 1.1271 0.3959, -0.1971 1.1226 0.3965, -0.1106 1.1343 0.5376, -0.1212 1.1333 0.4122, -0.1251 1.1328 0.4127, -0.1386 1.1313 0.4145, -0.148 1.1301 0.4135, -0.1499 1.1298 0.4132, -0.2001 1.122 0.4016, -0.1989 1.1223 0.3997, -0.1538 1.1293 0.4119, -0.2014 1.1218 0.4028, -0.2057 1.121 0.407, -0.111 1.1343 0.5373, -0.1137 1.134 0.535, -0.2069 1.1208 0.4077, -0.2086 1.1205 0.4088, -0.2134 1.1196 0.4108, -0.2179 1.1187 0.4126, -0.221 1.1181 0.413, -0.2316 1.116 0.4145, -0.243 1.1135 0.4134, -0.2537 1.1112 0.4103, -0.2666 1.1082 0.4123, -0.2537 1.1112 0.3941, -0.2763 1.1057 0.387, -0.2102 1.1202 0.5287, -0.2763 1.1058 0.4123, -0.1266 1.1327 0.5293, -0.1284 1.1325 0.529, -0.1391 1.1312 0.5273, -0.1192 1.1335 0.5326, -0.1839 1.1248 0.5343, -0.1824 1.1251 0.5335, -0.1772 1.1259 0.5318, -0.1674 1.1274 0.5285, -0.1653 1.1277 0.5283, -0.1474 1.1302 0.5265, -0.1435 1.1307 0.5266, -0.2392 1.1144 0.3996, -0.23 1.1163 0.4009, -0.2286 1.1166 0.4009, -0.2268 1.117 0.4007, -0.2241 1.1175 0.4001, -0.2215 1.118 0.3996, -0.2204 1.1182 0.399, -0.2171 1.1189 0.3974, -0.2165 1.119 0.3969, -0.2146 1.1194 0.3952, -0.2467 1.1127 0.3973, -0.242 1.1138 0.3992, -0.2145 1.1194 0.3951, -0.2136 1.1196 0.3937, -0.2133 1.1196 0.3934, -0.213 1.1197 0.3924, -0.2126 1.1198 0.3914, -0.2125 1.1198 0.3907, -0.2121 1.1198 0.3881, -0.2121 1.1198 0.3877, -0.2126 1.1198 0.3851, -0.2127 1.1197 0.3843, -0.2133 1.1196 0.3829, -0.2139 1.1195 0.3815, -0.2144 1.1194 0.381, -0.2157 1.1192 0.3793, -0.2219 1.1179 0.3754, -0.2316 1.116 0.3711, -0.2347 1.1153 0.3698, -0.2518 1.1116 0.3952, -0.2409 1.114 0.3666, -0.2465 1.1128 0.3638, -0.2489 1.1123 0.3618, -0.2527 1.1114 0.3587, -0.2541 1.1111 0.3565, -0.2551 1.1108 0.355, -0.2561 1.1106 0.3524, -0.2572 1.1104 0.3497, -0.1088 1.1345 0.6226, -0.1072 1.1347 0.6182, -0.1075 1.1346 0.6174, -0.1028 1.1351 0.594, -0.1074 1.1347 0.5719, -0.1045 1.1349 0.6095, -0.1047 1.1349 0.6112, -0.1044 1.1349 0.58, -0.1047 1.1349 0.577, -0.1065 1.1347 0.5721, -0.1087 1.1345 0.5662, -0.098 1.1355 0.3523, -0.0993 1.1354 0.3555, -0.1059 1.1348 0.3894, -0.1004 1.1353 0.3582, -0.1014 1.1352 0.3595, -0.1037 1.135 0.3628, -0.1039 1.135 0.363, -0.1063 1.1348 0.3651, -0.1106 1.1343 0.368, -0.1106 1.1343 0.3923, -0.1104 1.1344 0.3679, -0.1082 1.1346 0.3667, -0.0262 1.1394 0.4351, -0.0262 1.1394 0.3924, -0.0777 1.1371 0.4351, -0.0739 1.1373 0.3924, -0.0777 1.1371 0.4505, -0.0739 1.1373 0.3771, -0.0978 1.1355 0.3507, -0.0262 1.1394 0.3771, -0.0262 1.1394 0.3322, -0.0807 1.1369 0.3322, -0.0975 1.1355 0.3357, -0.0966 1.1356 0.3425, -0.1097 1.1344 0.319, -0.1048 1.1349 0.3223, -0.0807 1.1369 0.317, -0.1034 1.135 0.3238, -0.1028 1.1351 0.3245, -0.1003 1.1353 0.328, -0.0998 1.1353 0.3286, -0.0986 1.1355 0.3316, -0.0978 1.1355 0.3336, -0.097 1.1356 0.3447, 0.0575 1.1383 0.1969, -0.009 1.1397 0.317, -0.1018 1.1352 0.5447, -0.0793 1.137 0.5287, -0.1003 1.1353 0.5464, -0.0793 1.137 0.5439, -0.009 1.1397 0.5287, -0.009 1.1397 0.4505, -0.1059 1.1348 0.4057, -0.1083 1.1346 0.407, -0.1106 1.1343 0.4079, -0.1149 1.1339 0.4097, -0.0262 1.1394 0.6622, -0.009 1.1397 0.6622, 0.0575 1.1383 0.7874, -0.0948 1.1358 0.5547, -0.092 1.136 0.5588, -0.0262 1.1394 0.5439, -0.0901 1.1362 0.5642, -0.087 1.1364 0.5726, -0.0849 1.1366 0.5955, -0.0872 1.1364 0.6123, -0.0868 1.1364 0.5748, -0.0847 1.1366 0.5929, -0.0848 1.1366 0.5951, -0.0877 1.1363 0.6162, -0.0905 1.1361 0.623, -0.0937 1.1359 0.631, -0.0962 1.1356 0.6343, -0.104 1.135 0.6448, -0.1077 1.1346 0.6483, -0.2272 1.1169 0.6468, -0.2272 1.1169 0.6041, -0.2763 1.1058 0.6468, -0.2737 1.1064 0.6041, -0.2272 1.1169 0.5888, -0.2272 1.1169 0.5439, -0.2737 1.1064 0.5888, -0.2763 1.1058 0.5439, -0.2763 1.1058 0.7874, -0.2763 1.1058 0.6622, -0.2774 1.1055 0.6622, -0.3047 1.0983 0.5287, -0.3047 1.0983 0.6622, -0.2774 1.1055 0.6468, -0.3412 1.0875 0.6622, -0.436 1.0532 0.7874, -0.355 1.0831 0.6606, -0.3596 1.0816 0.6601, -0.3674 1.0789 0.6571, -0.3754 1.0763 0.6542, -0.3787 1.0751 0.6518, -0.389 1.0714 0.6445, -0.394 1.0696 0.6391, -0.3944 1.0694 0.6385, -0.4 1.0674 0.6299, -0.4017 1.0667 0.6273, -0.4037 1.066 0.6213, -0.4359 1.0532 0.5887, -0.406 1.0651 0.6149, -0.4063 1.065 0.6113, -0.4079 1.0644 0.5972, -0.4075 1.0645 0.5896, -0.4073 1.0646 0.588, -0.4053 1.0654 0.5764, -0.4049 1.0655 0.5745, -0.4148 1.0617 0.5287, -0.4015 1.0668 0.5663, -0.399 1.0677 0.5604, -0.3967 1.0686 0.5574, -0.389 1.0714 0.5474, -0.3874 1.072 0.5459, -0.3787 1.0751 0.5397, -0.3744 1.0766 0.5367, -0.3688 1.0785 0.5345, -0.3602 1.0814 0.5312, -0.3579 1.0822 0.5309, -0.3399 1.0879 0.5287, -0.2803 1.1048 0.5439, -0.2803 1.1048 0.5287, -0.2763 1.1058 0.5287, -0.3107 1.0966 0.3329, -0.3112 1.0965 0.3329, -0.3088 1.0972 0.3407, -0.3131 1.0959 0.3406, -0.2968 1.1005 0.3765, -0.3256 1.0923 0.3765, -0.2847 1.1036 0.4123, -0.3381 1.0885 0.4123, -0.3717 1.0775 0.4505, -0.3546 1.0833 0.4123, -0.3717 1.0775 0.317, -0.334 1.0898 0.3575, -0.3132 1.0959 0.3026, -0.3128 1.096 0.3017, -0.3094 1.097 0.295, -0.305 1.0982 0.2865, -0.304 1.0985 0.2854, -0.436 1.0532 0.317, -0.436 1.0532 0.1969, -0.4388 1.052 0.317, -0.3 1.0996 0.2806, -0.2992 1.0998 0.2797, -0.2956 1.1008 0.2772, -0.2934 1.1014 0.2755, -0.2911 1.102 0.2746, -0.2872 1.103 0.2731, -0.2864 1.1032 0.273, -0.2804 1.1047 0.2721, -0.4383 1.0522 0.5955, -0.4617 1.0422 0.6622, -0.5862 0.9777 0.7874, -0.4785 1.0346 0.6622, -0.5014 1.0237 0.5955, -0.5241 1.0123 0.5287, -0.5862 0.9777 0.38, -0.4619 1.0421 0.4505, -0.4965 1.0261 0.4505, -0.5095 1.0197 0.4489, -0.5138 1.0176 0.4484, -0.5212 1.0138 0.4454, -0.5286 1.01 0.4425, -0.5317 1.0083 0.4401, -0.5414 1.0032 0.4328, -0.5461 1.0006 0.4274, -0.5465 1.0004 0.4268, -0.5517 0.9976 0.4182, -0.5533 0.9967 0.4156, -0.5552 0.9956 0.4096, -0.5573 0.9945 0.4032, -0.5576 0.9943 0.3996, -0.436 1.0532 0.4505, -0.436 1.0532 0.4351, -0.4949 1.0269 0.5652, -0.4443 1.0497 0.5652, -0.5011 1.0239 0.547, -0.4384 1.0522 0.547, -0.5072 1.0209 0.5287, -0.436 1.0532 0.5395, -0.4325 1.0546 0.5287, -0.559 0.9935 0.3855, -0.5587 0.9937 0.3779, -0.5585 0.9938 0.3763, -0.5566 0.9949 0.3647, -0.5563 0.995 0.3628, -0.5655 0.9898 0.317, -0.5531 0.9968 0.3546, -0.5507 0.9981 0.3487, -0.5486 0.9993 0.3457, -0.5414 1.0032 0.3357, -0.5399 1.004 0.3342, -0.5317 1.0083 0.328, -0.5278 1.0104 0.325, -0.5819 0.9803 0.317, -0.5862 0.9777 0.1969, -0.5862 0.9777 0.3311, -0.5874 0.977 0.3353, -0.5224 1.0132 0.3228, -0.5144 1.0173 0.3195, -0.5122 1.0184 0.3192, -0.4952 1.0267 0.317, -0.4619 1.0421 0.317, -0.4388 1.052 0.3322, -0.115 1.1339 0.3703, -0.1163 1.1338 0.3706, -0.1152 1.1339 0.3951, -0.1281 1.1325 0.3737, -0.1181 1.1336 0.3968, -0.1421 1.1308 0.3756, -0.137 1.1315 0.4009, -0.1323 1.132 0.4005, -0.129 1.1324 0.4002, -0.1233 1.133 0.3984, -0.1561 1.129 0.3776, -0.1559 1.129 0.3818, -0.1553 1.1291 0.3849, -0.1544 1.1292 0.3894, -0.1542 1.1293 0.3899, -0.1527 1.1295 0.393, -0.1525 1.1295 0.3935, -0.1517 1.1296 0.3945, -0.1504 1.1298 0.3961, -0.1499 1.1298 0.3965, -0.1477 1.1301 0.3982, -0.1472 1.1302 0.3985, -0.1452 1.1304 0.3993, -0.1436 1.1306 0.4, -0.1419 1.1309 0.4002, -0.2574 1.1103 0.3482, -0.2847 1.1036 0.3648, -0.2791 1.1051 0.2865, -0.2807 1.1047 0.2867, -0.283 1.1041 0.287, -0.2838 1.1039 0.2873, -0.2864 1.1032 0.2882, -0.2865 1.1032 0.2883, -0.2885 1.1027 0.2897, -0.2894 1.1024 0.2902, -0.2907 1.1021 0.2917, -0.2921 1.1017 0.2933, -0.2928 1.1015 0.2945, -0.2957 1.1008 0.2999, -0.2993 1.0998 0.3086, -0.3028 1.0988 0.3172, -0.3879 1.0718 0.4351, -0.3879 1.0718 0.3924, -0.4325 1.0546 0.3924, -0.4325 1.0546 0.3771, -0.3879 1.0718 0.3771, -0.3879 1.0718 0.3322, -0.436 1.0532 0.3322, -0.5874 0.977 0.3838, -0.6091 0.9637 0.4505, -0.7237 0.8811 0.7874, -0.6246 0.9537 0.4505, -0.6457 0.9396 0.3838, -0.6665 0.925 0.317, 0.5111 1.0189 0.6195, 0.4928 1.0279 0.6429, 0.5113 1.0188 0.6192, 0.5226 1.0131 0.6206, 0.5307 1.0089 0.6211, 0.4926 1.028 0.6431, 0.4736 1.0369 0.661, 0.4634 1.0414 0.6679, 0.4539 1.0456 0.6744, 0.4338 1.0539 0.683, 0.4128 1.0625 0.692, 0.5482 0.9995 0.2878, 0.555 0.9958 0.2968, 0.6817 0.9139 0.1969, 0.5571 0.9945 0.302, 0.564 0.9907 0.3185, 0.5673 0.9888 0.3196, 0.5731 0.9855 0.3216, 0.5894 0.9756 0.3307, 0.6033 0.9673 0.3385, 0.6107 0.9626 0.3459, 0.6287 0.951 0.364, 0.6422 0.942 0.387, 0.6459 0.9395 0.3932, 0.6522 0.9351 0.4128, 0.6575 0.9314 0.4289, 0.6587 0.9306 0.4403, 0.6616 0.9285 0.4674, 0.6614 0.9286 0.4739, 0.6817 0.9139 0.7874, 0.6612 0.9288 0.4754, 0.6576 0.9314 0.5029, 0.6566 0.9321 0.5104, 0.6499 0.9367 0.5293, 0.6442 0.9406 0.5452, 0.6385 0.9444 0.5541, 0.6247 0.9536 0.5756, 0.6204 0.9565 0.5805, 0.6197 0.9569 0.5811, 0.5998 0.9694 0.5979, 0.5946 0.9727 0.6023, 0.5782 0.9823 0.6098, 0.5643 0.9905 0.6162, 0.3862 1.0722 0.3641, 0.3964 1.0687 0.3583, 0.3964 1.0687 0.3488, 0.3979 1.0682 0.3348, 0.3985 1.0679 0.329, 0.3862 1.0724 0.1969, 0.4021 1.0666 0.3178, 0.4056 1.0652 0.307, 0.4087 1.0641 0.302, 0.4176 1.0606 0.2875, 0.4177 1.0606 0.2874, 0.4241 1.058 0.2801, 0.4242 1.058 0.28, 0.4373 1.0526 0.2696, 0.4418 1.0508 0.266, 0.4517 1.0465 0.2617, 0.4948 1.0268 0.2555, 0.5055 1.0217 0.2569, 0.5398 1.004 0.1969, 0.4621 1.042 0.2571, 0.4674 1.0396 0.2564, 0.4839 1.0321 0.2539, 0.5101 1.0194 0.2589, 0.5247 1.012 0.2653, 0.5249 1.0119 0.2654, 0.5377 1.0052 0.2757, 0.5398 1.004 0.2774, 0.5417 1.003 0.2789, 0.3862 1.0723 0.6384, 0.3861 1.072 0.4305, 0.3588 1.0819 0.4456, 0.2818 1.1044 0.6069, 0.2831 1.1041 0.6081, 0.2994 1.0997 0.6195, 0.3096 1.0969 0.6266, 0.3204 1.0937 0.6307, 0.3394 1.0881 0.6378, 0.3431 1.0869 0.6382, 0.3669 1.0791 0.6411, 0.384 1.0731 0.6387, 0.2315 1.116 0.5225, 0.2389 1.1144 0.5225, 0.2837 1.1039 0.4537, 0.2443 1.1133 0.5475, 0.2531 1.1113 0.5673, 0.298 1.1002 0.4788, 0.2436 1.1134 0.5444, 0.2578 1.1103 0.5776, 0.266 1.1083 0.5881, 0.2779 1.1054 0.6032, 0.2259 1.1171 0.3166, 0.275 1.1061 0.3166, 0.2243 1.1175 0.1969, 0.2791 1.1051 0.3175, 0.2818 1.1044 0.318, 0.2843 1.1038 0.3193, 0.2883 1.1027 0.3212, 0.289 1.1025 0.3219, 0.2931 1.1015 0.3254, 0.2938 1.1013 0.326, 0.2964 1.1006 0.3297, 0.3007 1.0994 0.3391, 0.299 1.0999 0.3345, 0.298 1.1001 0.332, 0.3008 1.0994 0.34, 0.3016 1.0992 0.346, 0.3011 1.0993 0.3511, 0.2965 1.1006 0.3623, 0.2952 1.1009 0.3644, 0.3335 1.0899 0.3934, 0.3007 1.0994 0.3522, 0.2991 1.0998 0.3576, 0.2989 1.0999 0.3582, 0.2933 1.1014 0.3665, 0.2931 1.1014 0.3667, 0.2925 1.1016 0.3674, 0.289 1.1025 0.37, 0.2868 1.1031 0.3717, 0.2695 1.1075 0.4285, 0.2843 1.1037 0.3727, 0.2799 1.1049 0.3744, 0.279 1.1051 0.3746, 0.2732 1.1066 0.3754, 0.2676 1.1079 0.3744, 0.2259 1.1171 0.3744, 0.2243 1.1175 0.3748, 0.4061 1.065 0.6339, 0.4275 1.0566 0.6245, 0.4349 1.0536 0.4281, 0.429 1.0561 0.6239, 0.4466 1.0487 0.6097, 0.4537 1.0457 0.6039, 0.4622 1.042 0.5924, 0.4444 1.0496 0.4335, 0.4186 1.0602 0.4124, 0.431 1.0552 0.4243, 0.4005 1.0672 0.6364, 0.5255 1.0116 0.4324, 0.5159 1.0165 0.4368, 0.5398 1.004 0.5629, 0.5059 1.0215 0.4414, 0.5298 1.0093 0.5642, 0.5007 1.024 0.4422, 0.4981 1.0253 0.5564, 0.5085 1.0203 0.561, 0.5137 1.0176 0.5618, 0.4881 1.0301 0.552, 0.4839 1.0321 0.4447, 0.4848 1.0317 0.55, 0.4742 1.0366 0.444, 0.4741 1.0366 0.444, 0.4732 1.0371 0.5774, 0.4747 1.0364 0.5738, 0.4536 1.0457 0.4387, 0.4587 1.0435 0.44, 0.6055 0.9659 0.434, 0.6034 0.9672 0.4269, 0.5559 0.9953 0.3991, 0.5986 0.9702 0.4176, 0.5985 0.9703 0.4174, 0.5779 0.9826 0.3927, 0.5632 0.9912 0.382, 0.5591 0.9935 0.3916, 0.5969 0.9712 0.4143, 0.5886 0.9763 0.4038, 0.5823 0.9801 0.3959, 0.6101 0.963 0.4493, 0.5508 0.9981 0.4064, 0.6103 0.963 0.4505, 0.5427 1.0025 0.4178, 0.612 0.9619 0.4693, 0.5425 1.0025 0.5626, 0.5398 1.004 0.4203, 0.5295 1.0095 0.429, 0.5482 0.9995 0.5618, 0.5573 0.9944 0.5581, 0.5674 0.9888 0.5539, 0.5711 0.9866 0.551, 0.5837 0.9792 0.5412, 0.584 0.979 0.5409, 0.5896 0.9757 0.5347, 0.5897 0.9757 0.5346, 0.5987 0.9702 0.5204, 0.6016 0.9684 0.5157, 0.6054 0.966 0.5047, 0.5403 1.0038 0.4199, 0.6092 0.9636 0.4935, 0.6099 0.9632 0.4876, 0.2243 1.1174 0.5215, 0.2126 1.1197 0.3772, 0.2072 1.1208 0.3784, 0.2006 1.1219 0.3817, 0.1913 1.1236 0.3863, 0.189 1.124 0.3883, 0.1779 1.1258 0.398, 0.1778 1.1258 0.3981, 0.1701 1.127 0.4089, 0.1783 1.1257 0.3976, 0.178 1.1258 0.3979, 0.1675 1.1274 0.4126, 0.1642 1.1278 0.4207, 0.1613 1.1283 0.428, 0.1607 1.1284 0.4328, 0.1919 1.1235 0.4894, 0.1586 1.1286 0.4485, 0.1594 1.1285 0.4574, 0.1597 1.1285 0.4613, 0.1624 1.1281 0.4703, 0.1647 1.1278 0.4783, 0.1672 1.1274 0.4825, 0.173 1.1265 0.4926, 0.1736 1.1264 0.4933, 0.1825 1.125 0.5031, 0.1827 1.125 0.5033, 0.1931 1.1233 0.5109, 0.1968 1.1226 0.5136, 0.2046 1.1212 0.5168, 0.2118 1.1199 0.5197, 0.2164 1.119 0.5204, 0.1933 1.1232 0.5737, 0.1891 1.1239 0.5723, 0.2067 1.1208 0.6, 0.1789 1.1255 0.5672, 0.1604 1.1284 0.5579, 0.1576 1.1288 0.5555, 0.1384 1.1313 0.539, 0.1351 1.1317 0.5362, 0.1225 1.1331 0.5185, 0.1036 1.135 0.4233, 0.1056 1.1348 0.411, 0.1157 1.1339 0.5087, 0.1113 1.1343 0.4974, 0.104 1.135 0.4784, 0.1034 1.135 0.4744, 0.1002 1.1353 0.4494, 0.1003 1.1353 0.4431, 0.1101 1.1344 0.4006, 0.1174 1.1337 0.3836, 0.1197 1.1334 0.3804, 0.1351 1.1317 0.3593, 0.155 1.1291 0.3424, 0.1621 1.1282 0.3364, 0.175 1.1261 0.3303, 0.1916 1.1235 0.3224, 0.1953 1.1228 0.3217, 0.2204 1.1183 0.3166, 0.2231 1.1177 0.3166, 0.2243 1.1175 0.3166, 0.3678 1.0788 0.698, 0.3428 1.0868 0.6949, 0.2243 1.1175 0.7874, 0.3265 1.092 0.6929, 0.3089 1.0969 0.6862, 0.2854 1.1035 0.6774, 0.2753 1.1059 0.6705, 0.2436 1.1134 0.6487, 0.2261 1.117 0.6281, 0.2243 1.1174 0.626, 0.2136 1.1196 0.6135, 0.8088 0.8038 0.7874, 0.8088 0.8038 0.1969, 0.9184 0.6763 0.7874, 0.9184 0.6763 0.1969, 0.9449 0.6389 0.7874, 0.9449 0.6389 0.1969, -0.6397 0.9437 0.3535, -0.5929 0.9737 0.3535, -0.6453 0.9398 0.3353, -0.6509 0.936 0.317, -0.7237 0.8811 0.1969, -0.8455 0.7652 0.1969, -0.8455 0.7652 0.7874, -0.949 0.6327 0.1969, -0.949 0.6327 0.7874, -1.0319 0.4865 0.1969, -1.0319 0.4865 0.7874, -1.0925 0.3297 0.1969, -1.0925 0.3297 0.7874, -1.1294 0.1656 0.1969, -1.1294 0.1656 0.7874, -1.1417 -0.002 0.1969, -1.1417 -0.002 0.7874, -1.1294 -0.1697 0.1969, -1.1294 -0.1697 0.7874, -1.0925 -0.3337 0.1969, -1.0925 -0.3337 0.7874, -1.0319 -0.4905 0.1969, -1.0319 -0.4905 0.7874, -0.949 -0.6368 0.1969, -0.949 -0.6368 0.7874, -0.8455 -0.7692 0.1969, -0.8455 -0.7692 0.7874, -0.7237 -0.8851 0.1969, -0.7237 -0.8851 0.7874, -0.5862 -0.9818 0.1969, -0.5862 -0.9818 0.7874, -0.436 -1.0572 0.1969, -0.436 -1.0572 0.7874, -0.2763 -1.1098 0.1969, -0.2763 -1.1098 0.7874, -0.1106 -1.1384 0.1969, -0.1106 -1.1384 0.7874, 0.0575 -1.1423 0.1969, 0.0575 -1.1423 0.7874, 0.2243 -1.1215 0.1969, 0.2243 -1.1215 0.7874, 0.3862 -1.0764 0.1969, 0.3862 -1.0764 0.7874, 0.5398 -1.0081 0.1969, 0.5398 -1.0081 0.7874, 0.6817 -0.9179 0.1969, 0.6817 -0.9179 0.7874, 0.8088 -0.8079 0.1969, 0.8088 -0.8079 0.7874, 0.9184 -0.6804 0.1969, 0.9184 -0.6804 0.7874, 0.9449 -0.6429 0.1969, 0.9449 -0.6429 0.7874, 0.8986 -0.294 0.7874, 0.9333 -0.1498 0.7874, 0.9449 -0.002 0.7874, 0.8419 0.427 0.7874, 0.8986 0.29 0.7874, 0.9333 0.1458 0.7874, 0.5554 0.7624 0.7874, 0.6681 0.6661 0.7874, 0.8451 0.7657 0.7874, 0.7644 0.5534 0.7874, 0.8419 -0.431 0.7874, 0.7644 -0.5574 0.7874, 0.8451 -0.7697 0.7874, 0.6681 -0.6701 0.7874, 0.7285 -0.8812 0.7874, 0.5554 -0.7664 0.7874, 0.5973 -0.9751 0.7874, 0.429 -0.8439 0.7874, 0.7285 0.8771 0.7874, 0.5973 0.971 0.7874, 0.429 0.8399 0.7874, 0.4542 1.0455 0.7874, 0.292 0.8966 0.7874, 0.302 1.0991 0.7874, 0.1478 0.9312 0.7874, 0.1438 1.1306 0.7874, 0.0 0.9429 0.7874, -0.0173 1.1396 0.7874, -0.1478 0.9312 0.7874, -0.178 1.1257 0.7874, -0.292 0.8966 0.7874, -0.3352 1.0894 0.7874, -0.429 0.8399 0.7874, -0.4857 1.0312 0.7874, -0.5554 0.7624 0.7874, -0.6265 0.9525 0.7874, -0.6681 0.6661 0.7874, -0.7644 -0.5574 0.7874, -0.868 -0.7437 0.7874, -0.6681 -0.6701 0.7874, -0.7548 -0.8587 0.7874, -0.5554 -0.7664 0.7874, -0.6265 -0.9565 0.7874, -0.429 -0.8439 0.7874, -0.4857 -1.0353 0.7874, -0.292 -0.9007 0.7874, -0.3352 -1.0934 0.7874, -0.1478 -0.9353 0.7874, -0.178 -1.1298 0.7874, 0.0 -0.9469 0.7874, -0.0173 -1.1436 0.7874, 0.1478 -0.9353 0.7874, 0.1438 -1.1347 0.7874, 0.292 -0.9007 0.7874, 0.302 -1.1031 0.7874, 0.4542 -1.0495 0.7874, -0.7548 0.8546 0.7874, -0.868 0.7397 0.7874, -0.7644 0.5534 0.7874, -0.9639 0.6099 0.7874, -0.8419 0.427 0.7874, -1.0405 0.468 0.7874, -0.8986 0.29 0.7874, -1.0964 0.3166 0.7874, -0.9332 0.1458 0.7874, -1.1303 0.1589 0.7874, -0.9449 -0.002 0.7874, -0.9332 -0.1498 0.7874, -1.1303 -0.1629 0.7874, -0.8986 -0.294 0.7874, -1.0964 -0.3207 0.7874, -0.8419 -0.431 0.7874, -1.0405 -0.472 0.7874, -0.9639 -0.614 0.7874, -0.9328 -0.1498 1.378, -0.9434 -0.0541 1.378, -0.932 -0.1575 1.378, -0.9092 -0.2591 1.378, -0.8754 -0.3576 1.378, -0.8974 -0.2936 1.378, -0.7637 -0.5568 1.378, -0.7765 -0.5404 1.378, -0.831 -0.4517 1.378, -0.841 -0.4306 1.378, -0.7125 -0.6226 1.378, -0.6672 -0.6692 1.378, -0.6399 -0.6972 1.378, -0.5596 -0.7634 1.378, -0.4724 -0.8203 1.378, -0.5552 -0.7662 1.378, -0.3795 -0.8673 1.378, -0.4283 -0.8426 1.378, -0.1476 -0.934 1.378, -0.1811 -0.9294 1.378, -0.2821 -0.9038 1.378, -0.2918 -0.9002 1.378, -0.078 -0.9437 1.378, 0.0 -0.9458 1.378, 0.026 -0.9465 1.378, 0.1298 -0.9379 1.378, 0.3313 -0.8869 1.378, 0.2916 -0.8993 1.378, 0.232 -0.918 1.378, 0.1477 -0.9345 1.378, 0.5168 -0.793 1.378, 0.4289 -0.8438 1.378, 0.4267 -0.8451 1.378, 0.6007 -0.7314 1.378, 0.5546 -0.7653 1.378, 0.7634 -0.5567 1.378, 0.7456 -0.5824 1.378, 0.6773 -0.6609 1.378, 0.6677 -0.6697 1.378, 0.805 -0.4968 1.378, 0.8409 -0.4304 1.378, 0.8545 -0.4053 1.378, 0.8937 -0.3088 1.378, 0.922 -0.2086 1.378, 0.8979 -0.2938 1.378, 0.9392 -0.106 1.378, 0.9319 -0.1496 1.378, 0.9392 0.1019 1.378, 0.9449 -0.002 1.378, 0.922 0.2046 1.378, 0.9319 0.1456 1.378, 0.8409 0.4264 1.378, 0.8545 0.4012 1.378, 0.8937 0.3048 1.378, 0.8979 0.2898 1.378, 0.805 0.4928 1.378, 0.7634 0.5527 1.378, 0.7456 0.5783 1.378, 0.6773 0.6568 1.378, 0.6007 0.7274 1.378, 0.6677 0.6657 1.378, 0.5168 0.789 1.378, 0.5546 0.7613 1.378, 0.2916 0.8953 1.378, 0.3313 0.8829 1.378, 0.4267 0.8411 1.378, 0.4289 0.8398 1.378, 0.232 0.914 1.378, 0.1477 0.9304 1.378, 0.1298 0.9339 1.378, 0.026 0.9425 1.378, -0.078 0.9396 1.378, 0.0 0.9418 1.378, -0.2918 0.8961 1.378, -0.2821 0.8998 1.378, -0.1811 0.9253 1.378, -0.1476 0.93 1.378, -0.3795 0.8633 1.378, -0.4283 0.8386 1.378, -0.4724 0.8163 1.378, -0.5552 0.7622 1.378, -0.5596 0.7593 1.378, -0.6399 0.6932 1.378, -0.7125 0.6185 1.378, -0.6672 0.6652 1.378, -0.841 0.4265 1.378, -0.831 0.4477 1.378, -0.7765 0.5364 1.378, -0.7637 0.5528 1.378, -0.8754 0.3536 1.378, -0.8974 0.2895 1.378, -0.9092 0.2551 1.378, -0.932 0.1535 1.378, -0.9434 -0.002 1.378, -0.9434 0.05 1.378, -0.9328 0.1458 1.378, 0.1153 -0.0278 2.2047, 0.1174 -0.015 2.2047, 0.0 -0.002 2.2047, 0.1181 -0.002 2.2047, 0.1174 0.011 2.2047, 0.1006 -0.0639 2.2047, 0.1068 -0.0524 2.2047, 0.1117 -0.0404 2.2047, 0.0751 -0.0932 2.2047, 0.0847 -0.0844 2.2047, 0.0932 -0.0746 2.2047, 0.0414 -0.1126 2.2047, 0.0533 -0.1074 2.2047, 0.0646 -0.1009 2.2047, 0.0033 -0.1201 2.2047, 0.0162 -0.119 2.2047, 0.029 -0.1165 2.2047, -0.0353 -0.1147 2.2047, -0.0226 -0.1179 2.2047, -0.0097 -0.1197 2.2047, -0.0699 -0.0972 2.2047, -0.059 -0.1043 2.2047, -0.0474 -0.1102 2.2047, -0.0971 -0.0693 2.2047, -0.0891 -0.0796 2.2047, -0.08 -0.0889 2.2047, -0.1136 -0.0342 2.2047, -0.1094 -0.0465 2.2047, -0.1039 -0.0582 2.2047, -0.1179 0.0045 2.2047, -0.1179 -0.0085 2.2047, -0.1165 -0.0215 2.2047, -0.1094 0.0424 2.2047, -0.1136 0.0301 2.2047, -0.1165 0.0174 2.2047, -0.0891 0.0756 2.2047, -0.0971 0.0653 2.2047, -0.1039 0.0542 2.2047, -0.059 0.1003 2.2047, -0.0699 0.0932 2.2047, -0.08 0.0849 2.2047, -0.0226 0.1139 2.2047, -0.0353 0.1107 2.2047, -0.0474 0.1061 2.2047, 0.0162 0.115 2.2047, 0.0033 0.116 2.2047, -0.0097 0.1157 2.2047, 0.0533 0.1034 2.2047, 0.0414 0.1086 2.2047, 0.029 0.1125 2.2047, 0.0847 0.0803 2.2047, 0.0751 0.0892 2.2047, 0.0646 0.0969 2.2047, 0.1068 0.0484 2.2047, 0.1006 0.0598 2.2047, 0.0932 0.0705 2.2047, 0.1153 0.0238 2.2047, 0.1117 0.0363 2.2047, 0.9169 0.2035 1.4705, 0.8888 0.3031 1.4705, 0.8005 0.4901 1.4705, 0.7415 0.5751 1.4705, 0.5974 0.7233 1.4705, 0.514 0.7847 1.4705, 0.4243 0.8364 1.4705, 0.2307 0.9089 1.4705, 0.1291 0.9288 1.4705, -0.0776 0.9345 1.4705, -0.1801 0.9202 1.4705, -0.3775 0.8585 1.4705, -0.4698 0.8118 1.4705, -0.5565 0.7551 1.4705, -0.7086 0.6151 1.4705, -0.7722 0.5334 1.4705, -0.8706 0.3516 1.4705, -0.9042 0.2537 1.4705, -0.9383 0.0497 1.4705, -0.9383 -0.0538 1.4705, -0.9269 -0.1567 1.4705, -0.8706 -0.3556 1.4705, -0.8264 -0.4493 1.4705, -0.7086 -0.6192 1.4705, -0.6364 -0.6934 1.4705, -0.4698 -0.8158 1.4705, -0.3775 -0.8626 1.4705, -0.2805 -0.8989 1.4705, -0.0776 -0.9385 1.4705, 0.0259 -0.9413 1.4705, 0.2307 -0.9129 1.4705, 0.3295 -0.882 1.4705, 0.514 -0.7887 1.4705, 0.5974 -0.7274 1.4705, 0.6736 -0.6573 1.4705, 0.8005 -0.4941 1.4705, 0.8498 -0.4031 1.4705, 0.9169 -0.2075 1.4705, 0.934 -0.1054 1.4705, 0.2107 -0.002 2.1995, 0.2094 -0.0252 2.1995, 0.3021 -0.002 2.184, 0.3003 -0.0352 2.184, 0.3912 -0.002 2.1583, 0.3888 -0.045 2.1583, 0.4768 -0.002 2.1229, 0.4739 -0.0545 2.1229, 0.558 -0.002 2.078, 0.5546 -0.0634 2.078, 0.6336 -0.002 2.0244, 0.6298 -0.0717 2.0244, 0.7027 -0.002 1.9626, 0.6985 -0.0793 1.9626, 0.7645 -0.002 1.8934, 0.7599 -0.0861 1.8934, 0.8182 -0.002 1.8178, 0.8132 -0.092 1.8178, 0.863 -0.002 1.7367, 0.8578 -0.097 1.7367, 0.8985 -0.002 1.651, 0.893 -0.1009 1.651, 0.9242 -0.002 1.5619, 0.9185 -0.1037 1.5619, 0.9397 -0.002 1.4705, 0.9018 -0.2041 1.5619, 0.8767 -0.1985 1.651, 0.8421 -0.1907 1.7367, 0.7984 -0.1809 1.8178, 0.746 -0.1692 1.8934, 0.6857 -0.1557 1.9626, 0.6183 -0.1406 2.0244, 0.5445 -0.124 2.078, 0.4653 -0.1063 2.1229, 0.3817 -0.0876 2.1583, 0.2948 -0.0681 2.184, 0.2056 -0.0481 2.1995, 0.8888 -0.3071 1.4705, 0.8741 -0.3021 1.5619, 0.8498 -0.2938 1.651, 0.8163 -0.2822 1.7367, 0.7738 -0.2677 1.8178, 0.7231 -0.2503 1.8934, 0.6647 -0.2302 1.9626, 0.5993 -0.2077 2.0244, 0.5278 -0.1832 2.078, 0.451 -0.1568 2.1229, 0.37 -0.129 2.1583, 0.2857 -0.1001 2.184, 0.1993 -0.0704 2.1995, 0.1905 -0.0919 2.1995, 0.2732 -0.1309 2.184, 0.3538 -0.169 2.1583, 0.4312 -0.2055 2.1229, 0.5046 -0.2401 2.078, 0.573 -0.2724 2.0244, 0.6355 -0.3019 1.9626, 0.6914 -0.3283 1.8934, 0.7399 -0.3512 1.8178, 0.7805 -0.3703 1.7367, 0.8126 -0.3855 1.651, 0.8358 -0.3964 1.5619, 0.7873 -0.486 1.5619, 0.7654 -0.4725 1.651, 0.7352 -0.4539 1.7367, 0.697 -0.4305 1.8178, 0.6513 -0.4024 1.8934, 0.5987 -0.37 1.9626, 0.5398 -0.3338 2.0244, 0.4754 -0.2942 2.078, 0.4062 -0.2517 2.1229, 0.3333 -0.2069 2.1583, 0.2574 -0.1602 2.184, 0.1795 -0.1123 2.1995, 0.7415 -0.5792 1.4705, 0.7293 -0.5696 1.5619, 0.709 -0.5539 1.651, 0.681 -0.5321 1.7367, 0.6456 -0.5045 1.8178, 0.6033 -0.4716 1.8934, 0.5546 -0.4336 1.9626, 0.5 -0.3912 2.0244, 0.4403 -0.3447 2.078, 0.3763 -0.2949 2.1229, 0.3087 -0.2423 2.1583, 0.2384 -0.1876 2.184, 0.1663 -0.1314 2.1995, 0.151 -0.1489 2.1995, 0.2165 -0.2127 2.184, 0.2804 -0.2748 2.1583, 0.3418 -0.3345 2.1229, 0.4 -0.3911 2.078, 0.4542 -0.4438 2.0244, 0.5037 -0.492 1.9626, 0.548 -0.5351 1.8934, 0.5864 -0.5725 1.8178, 0.6186 -0.6038 1.7367, 0.644 -0.6285 1.651, 0.6624 -0.6464 1.5619, 0.5875 -0.7154 1.5619, 0.5712 -0.6956 1.651, 0.5486 -0.6682 1.7367, 0.5201 -0.6336 1.8178, 0.486 -0.5922 1.8934, 0.4467 -0.5445 1.9626, 0.4028 -0.4911 2.0244, 0.3547 -0.4327 2.078, 0.3031 -0.3701 2.1229, 0.2487 -0.304 2.1583, 0.192 -0.2352 2.184, 0.1339 -0.1646 2.1995, 0.5055 -0.7757 1.5619, 0.4914 -0.7542 1.651, 0.472 -0.7245 1.7367, 0.4475 -0.687 1.8178, 0.4182 -0.642 1.8934, 0.3844 -0.5903 1.9626, 0.3465 -0.5324 2.0244, 0.3052 -0.4691 2.078, 0.2608 -0.4012 2.1229, 0.214 -0.3295 2.1583, 0.1652 -0.2549 2.184, 0.1152 -0.1784 2.1995, 0.4243 -0.8405 1.4705, 0.4173 -0.8266 1.5619, 0.4057 -0.8037 1.651, 0.3897 -0.772 1.7367, 0.3694 -0.732 1.8178, 0.3452 -0.6842 1.8934, 0.3173 -0.629 1.9626, 0.2861 -0.5673 2.0244, 0.252 -0.4999 2.078, 0.2153 -0.4275 2.1229, 0.1766 -0.351 2.1583, 0.1364 -0.2716 2.184, 0.0951 -0.19 2.1995, 0.0739 -0.1993 2.1995, 0.1059 -0.2849 2.184, 0.1372 -0.3684 2.1583, 0.1672 -0.4486 2.1229, 0.1957 -0.5246 2.078, 0.2222 -0.5954 2.0244, 0.2464 -0.6601 1.9626, 0.2681 -0.718 1.8934, 0.2869 -0.7682 1.8178, 0.3026 -0.8102 1.7367, 0.315 -0.8435 1.651, 0.324 -0.8675 1.5619, 0.2269 -0.8979 1.5619, 0.2206 -0.873 1.651, 0.2119 -0.8386 1.7367, 0.2009 -0.7951 1.8178, 0.1877 -0.7431 1.8934, 0.1725 -0.6832 1.9626, 0.1555 -0.6162 2.0244, 0.137 -0.5429 2.078, 0.1171 -0.4643 2.1229, 0.096 -0.3812 2.1583, 0.0742 -0.2949 2.184, 0.0517 -0.2062 2.1995, 0.1291 -0.9328 1.4705, 0.1269 -0.9174 1.5619, 0.1234 -0.892 1.651, 0.1185 -0.8568 1.7367, 0.1124 -0.8124 1.8178, 0.105 -0.7593 1.8934, 0.0965 -0.6981 1.9626, 0.087 -0.6296 2.0244, 0.0766 -0.5547 2.078, 0.0655 -0.4743 2.1229, 0.0537 -0.3895 2.1583, 0.0415 -0.3012 2.184, 0.0289 -0.2107 2.1995, 0.0058 -0.2126 2.1995, 0.0083 -0.304 2.184, 0.0108 -0.393 2.1583, 0.0131 -0.4787 2.1229, 0.0154 -0.5598 2.078, 0.0175 -0.6354 2.0244, 0.0194 -0.7045 1.9626, 0.0211 -0.7662 1.8934, 0.0225 -0.8199 1.8178, 0.0238 -0.8647 1.7367, 0.0248 -0.9002 1.651, 0.0255 -0.9258 1.5619, -0.0763 -0.923 1.5619, -0.0742 -0.8974 1.651, -0.0713 -0.8621 1.7367, -0.0676 -0.8174 1.8178, -0.0631 -0.7639 1.8934, -0.058 -0.7023 1.9626, -0.0523 -0.6334 2.0244, -0.0461 -0.5581 2.078, -0.0394 -0.4772 2.1229, -0.0323 -0.3919 2.1583, -0.0249 -0.3031 2.184, -0.0174 -0.212 2.1995, -0.1801 -0.9243 1.4705, -0.1772 -0.909 1.5619, -0.1722 -0.8838 1.651, -0.1654 -0.849 1.7367, -0.1568 -0.805 1.8178, -0.1466 -0.7523 1.8934, -0.1347 -0.6917 1.9626, -0.1215 -0.6239 2.0244, -0.107 -0.5496 2.078, -0.0914 -0.47 2.1229, -0.075 -0.3859 2.1583, -0.0579 -0.2985 2.184, -0.0404 -0.2088 2.1995, -0.0629 -0.2031 2.1995, -0.0902 -0.2903 2.184, -0.1168 -0.3754 2.1583, -0.1423 -0.4571 2.1229, -0.1666 -0.5346 2.078, -0.1891 -0.6067 2.0244, -0.2098 -0.6727 1.9626, -0.2282 -0.7317 1.8934, -0.2442 -0.7829 1.8178, -0.2576 -0.8257 1.7367, -0.2682 -0.8595 1.651, -0.2759 -0.884 1.5619, -0.3712 -0.8483 1.5619, -0.3609 -0.8248 1.651, -0.3467 -0.7923 1.7367, -0.3286 -0.7513 1.8178, -0.3071 -0.7021 1.8934, -0.2823 -0.6456 1.9626, -0.2545 -0.5822 2.0244, -0.2241 -0.513 2.078, -0.1915 -0.4387 2.1229, -0.1571 -0.3602 2.1583, -0.1213 -0.2787 2.184, -0.0846 -0.195 2.1995, -0.4621 -0.8024 1.5619, -0.4492 -0.7801 1.651, -0.4315 -0.7494 1.7367, -0.4091 -0.7106 1.8178, -0.3822 -0.6641 1.8934, -0.3514 -0.6106 1.9626, -0.3168 -0.5507 2.0244, -0.279 -0.4852 2.078, -0.2384 -0.415 2.1229, -0.1956 -0.3408 2.1583, -0.151 -0.2636 2.184, -0.1053 -0.1845 2.1995, -0.5565 -0.7592 1.4705, -0.5473 -0.7467 1.5619, -0.5321 -0.726 1.651, -0.5111 -0.6974 1.7367, -0.4845 -0.6613 1.8178, -0.4528 -0.618 1.8934, -0.4162 -0.5682 1.9626, -0.3752 -0.5125 2.0244, -0.3304 -0.4516 2.078, -0.2824 -0.3862 2.1229, -0.2317 -0.3172 2.1583, -0.1789 -0.2454 2.184, -0.1248 -0.1718 2.1995, -0.1427 -0.157 2.1995, -0.2046 -0.2243 2.184, -0.2649 -0.2898 2.1583, -0.3229 -0.3528 2.1229, -0.3779 -0.4125 2.078, -0.4291 -0.4682 2.0244, -0.4759 -0.519 1.9626, -0.5178 -0.5645 1.8934, -0.5541 -0.604 1.8178, -0.5845 -0.637 1.7367, -0.6085 -0.6631 1.651, -0.6259 -0.6819 1.5619, -0.6969 -0.609 1.5619, -0.6775 -0.5921 1.651, -0.6508 -0.5688 1.7367, -0.617 -0.5393 1.8178, -0.5765 -0.5041 1.8934, -0.5299 -0.4635 1.9626, -0.4778 -0.4181 2.0244, -0.4208 -0.3685 2.078, -0.3596 -0.3152 2.1229, -0.295 -0.2589 2.1583, -0.2278 -0.2004 2.184, -0.1589 -0.1404 2.1995, -0.7722 -0.5375 1.4705, -0.7594 -0.5286 1.5619, -0.7384 -0.514 1.651, -0.7092 -0.4938 1.7367, -0.6723 -0.4682 1.8178, -0.6282 -0.4376 1.8934, -0.5775 -0.4024 1.9626, -0.5207 -0.363 2.0244, -0.4585 -0.32 2.078, -0.3918 -0.2737 2.1229, -0.3215 -0.2249 2.1583, -0.2482 -0.1741 2.184, -0.1731 -0.1221 2.1995, -0.1853 -0.1023 2.1995, -0.2657 -0.1458 2.184, -0.344 -0.1882 2.1583, -0.4194 -0.229 2.1229, -0.4907 -0.2676 2.078, -0.5572 -0.3036 2.0244, -0.618 -0.3365 1.9626, -0.6724 -0.3659 1.8934, -0.7195 -0.3914 1.8178, -0.759 -0.4128 1.7367, -0.7902 -0.4296 1.651, -0.8128 -0.4419 1.5619, -0.8562 -0.3498 1.5619, -0.8324 -0.3401 1.651, -0.7996 -0.3268 1.7367, -0.758 -0.3099 1.8178, -0.7083 -0.2897 1.8934, -0.6511 -0.2665 1.9626, -0.587 -0.2404 2.0244, -0.517 -0.212 2.078, -0.4418 -0.1815 2.1229, -0.3624 -0.1492 2.1583, -0.2799 -0.1157 2.184, -0.1952 -0.0813 2.1995, -0.9042 -0.2577 1.4705, -0.8893 -0.2535 1.5619, -0.8646 -0.2465 1.651, -0.8304 -0.2368 1.7367, -0.7873 -0.2246 1.8178, -0.7357 -0.21 1.8934, -0.6762 -0.1932 1.9626, -0.6097 -0.1744 2.0244, -0.5369 -0.1538 2.078, -0.4588 -0.1318 2.1229, -0.3764 -0.1085 2.1583, -0.2907 -0.0842 2.184, -0.2027 -0.0593 2.1995, -0.2078 -0.0367 2.1995, -0.298 -0.0517 2.184, -0.3858 -0.0664 2.1583, -0.4703 -0.0805 2.1229, -0.5504 -0.0939 2.078, -0.6249 -0.1063 2.0244, -0.6931 -0.1177 1.9626, -0.7541 -0.1278 1.8934, -0.807 -0.1367 1.8178, -0.8512 -0.1441 1.7367, -0.8862 -0.1499 1.651, -0.9115 -0.1541 1.5619, -0.9227 -0.0529 1.5619, -0.8971 -0.0515 1.651, -0.8617 -0.0496 1.7367, -0.8169 -0.0471 1.8178, -0.7633 -0.0441 1.8934, -0.7017 -0.0407 1.9626, -0.6326 -0.0369 2.0244, -0.5571 -0.0328 2.078, -0.4761 -0.0283 2.1229, -0.3906 -0.0236 2.1583, -0.3016 -0.0187 2.184, -0.2104 -0.0136 2.1995, -0.9227 0.0489 1.5619, -0.8971 0.0475 1.651, -0.8617 0.0455 1.7367, -0.8169 0.0431 1.8178, -0.7633 0.0401 1.8934, -0.7017 0.0367 1.9626, -0.6326 0.0329 2.0244, -0.5571 0.0287 2.078, -0.4761 0.0243 2.1229, -0.3906 0.0195 2.1583, -0.3016 0.0146 2.184, -0.2104 0.0096 2.1995, -0.9269 0.1527 1.4705, -0.9115 0.1501 1.5619, -0.8862 0.1459 1.651, -0.8512 0.14 1.7367, -0.807 0.1326 1.8178, -0.7541 0.1238 1.8934, -0.6931 0.1136 1.9626, -0.6249 0.1023 2.0244, -0.5504 0.0898 2.078, -0.4703 0.0765 2.1229, -0.3858 0.0624 2.1583, -0.298 0.0477 2.184, -0.2078 0.0327 2.1995, -0.2027 0.0553 2.1995, -0.2907 0.0802 2.184, -0.3764 0.1044 2.1583, -0.4588 0.1277 2.1229, -0.5369 0.1498 2.078, -0.6097 0.1704 2.0244, -0.6762 0.1892 1.9626, -0.7357 0.206 1.8934, -0.7873 0.2206 1.8178, -0.8304 0.2328 1.7367, -0.8646 0.2425 1.651, -0.8893 0.2494 1.5619, -0.8562 0.3458 1.5619, -0.8324 0.3361 1.651, -0.7996 0.3227 1.7367, -0.758 0.3059 1.8178, -0.7083 0.2857 1.8934, -0.6511 0.2624 1.9626, -0.587 0.2364 2.0244, -0.517 0.208 2.078, -0.4418 0.1774 2.1229, -0.3624 0.1452 2.1583, -0.2799 0.1117 2.184, -0.1952 0.0773 2.1995, -0.8264 0.4452 1.4705, -0.8128 0.4378 1.5619, -0.7902 0.4256 1.651, -0.759 0.4087 1.7367, -0.7195 0.3874 1.8178, -0.6724 0.3618 1.8934, -0.618 0.3324 1.9626, -0.5572 0.2995 2.0244, -0.4907 0.2636 2.078, -0.4194 0.2249 2.1229, -0.344 0.1842 2.1583, -0.2657 0.1418 2.184, -0.1853 0.0983 2.1995, -0.1731 0.118 2.1995, -0.2482 0.1701 2.184, -0.3215 0.2209 2.1583, -0.3918 0.2697 2.1229, -0.4585 0.3159 2.078, -0.5207 0.359 2.0244, -0.5775 0.3984 1.9626, -0.6282 0.4336 1.8934, -0.6723 0.4642 1.8178, -0.7092 0.4897 1.7367, -0.7384 0.5099 1.651, -0.7594 0.5246 1.5619, -0.6969 0.6049 1.5619, -0.6775 0.5881 1.651, -0.6508 0.5648 1.7367, -0.617 0.5353 1.8178, -0.5765 0.5001 1.8934, -0.5299 0.4595 1.9626, -0.4778 0.4141 2.0244, -0.4208 0.3644 2.078, -0.3596 0.3111 2.1229, -0.295 0.2549 2.1583, -0.2278 0.1964 2.184, -0.1589 0.1363 2.1995, -0.6364 0.6893 1.4705, -0.6259 0.6779 1.5619, -0.6085 0.659 1.651, -0.5845 0.6329 1.7367, -0.5541 0.5999 1.8178, -0.5178 0.5604 1.8934, -0.4759 0.515 1.9626, -0.4291 0.4641 2.0244, -0.3779 0.4085 2.078, -0.3229 0.3488 2.1229, -0.2649 0.2858 2.1583, -0.2046 0.2202 2.184, -0.1427 0.153 2.1995, -0.1248 0.1677 2.1995, -0.1789 0.2414 2.184, -0.2317 0.3132 2.1583, -0.2824 0.3822 2.1229, -0.3304 0.4476 2.078, -0.3752 0.5085 2.0244, -0.4162 0.5642 1.9626, -0.4528 0.614 1.8934, -0.4845 0.6572 1.8178, -0.5111 0.6934 1.7367, -0.5321 0.722 1.651, -0.5473 0.7426 1.5619, -0.4621 0.7983 1.5619, -0.4492 0.7761 1.651, -0.4315 0.7454 1.7367, -0.4091 0.7065 1.8178, -0.3822 0.6601 1.8934, -0.3514 0.6066 1.9626, -0.3168 0.5467 2.0244, -0.279 0.4812 2.078, -0.2384 0.4109 2.1229, -0.1956 0.3368 2.1583, -0.151 0.2596 2.184, -0.1053 0.1804 2.1995, -0.3712 0.8443 1.5619, -0.3609 0.8208 1.651, -0.3467 0.7883 1.7367, -0.3286 0.7472 1.8178, -0.3071 0.6981 1.8934, -0.2823 0.6415 1.9626, -0.2545 0.5782 2.0244, -0.2241 0.509 2.078, -0.1915 0.4347 2.1229, -0.1571 0.3562 2.1583, -0.1213 0.2746 2.184, -0.0846 0.1909 2.1995, -0.2805 0.8948 1.4705, -0.2759 0.88 1.5619, -0.2682 0.8555 1.651, -0.2576 0.8216 1.7367, -0.2442 0.7788 1.8178, -0.2282 0.7276 1.8934, -0.2098 0.6687 1.9626, -0.1891 0.6027 2.0244, -0.1666 0.5305 2.078, -0.1423 0.4531 2.1229, -0.1168 0.3713 2.1583, -0.0902 0.2863 2.184, -0.0629 0.1991 2.1995, -0.0404 0.2048 2.1995, -0.0579 0.2945 2.184, -0.075 0.3819 2.1583, -0.0914 0.466 2.1229, -0.107 0.5456 2.078, -0.1215 0.6198 2.0244, -0.1347 0.6877 1.9626, -0.1466 0.7483 1.8934, -0.1568 0.801 1.8178, -0.1654 0.845 1.7367, -0.1722 0.8798 1.651, -0.1772 0.905 1.5619, -0.0763 0.919 1.5619, -0.0742 0.8934 1.651, -0.0713 0.858 1.7367, -0.0676 0.8133 1.8178, -0.0631 0.7599 1.8934, -0.058 0.6983 1.9626, -0.0523 0.6294 2.0244, -0.0461 0.5541 2.078, -0.0394 0.4732 2.1229, -0.0323 0.3878 2.1583, -0.0249 0.299 2.184, -0.0174 0.2079 2.1995, 0.0259 0.9373 1.4705, 0.0255 0.9218 1.5619, 0.0248 0.8961 1.651, 0.0238 0.8607 1.7367, 0.0225 0.8158 1.8178, 0.0211 0.7622 1.8934, 0.0194 0.7004 1.9626, 0.0175 0.6313 2.0244, 0.0154 0.5558 2.078, 0.0131 0.4746 2.1229, 0.0108 0.389 2.1583, 0.0083 0.3 2.184, 0.0058 0.2086 2.1995, 0.0289 0.2067 2.1995, 0.0415 0.2972 2.184, 0.0537 0.3855 2.1583, 0.0655 0.4703 2.1229, 0.0766 0.5507 2.078, 0.087 0.6256 2.0244, 0.0965 0.694 1.9626, 0.105 0.7552 1.8934, 0.1124 0.8084 1.8178, 0.1185 0.8528 1.7367, 0.1234 0.888 1.651, 0.1269 0.9134 1.5619, 0.2269 0.8939 1.5619, 0.2206 0.869 1.651, 0.2119 0.8346 1.7367, 0.2009 0.7911 1.8178, 0.1877 0.7391 1.8934, 0.1725 0.6792 1.9626, 0.1555 0.6122 2.0244, 0.137 0.5389 2.078, 0.1171 0.4602 2.1229, 0.096 0.3772 2.1583, 0.0742 0.2908 2.184, 0.0517 0.2022 2.1995, 0.3295 0.878 1.4705, 0.324 0.8635 1.5619, 0.315 0.8394 1.651, 0.3026 0.8062 1.7367, 0.2869 0.7642 1.8178, 0.2681 0.714 1.8934, 0.2464 0.6561 1.9626, 0.2222 0.5914 2.0244, 0.1957 0.5205 2.078, 0.1672 0.4445 2.1229, 0.1372 0.3643 2.1583, 0.1059 0.2809 2.184, 0.0739 0.1953 2.1995, 0.0951 0.186 2.1995, 0.1364 0.2675 2.184, 0.1766 0.347 2.1583, 0.2153 0.4234 2.1229, 0.252 0.4958 2.078, 0.2861 0.5633 2.0244, 0.3173 0.625 1.9626, 0.3452 0.6801 1.8934, 0.3694 0.728 1.8178, 0.3897 0.768 1.7367, 0.4057 0.7997 1.651, 0.4173 0.8226 1.5619, 0.5055 0.7717 1.5619, 0.4914 0.7502 1.651, 0.472 0.7205 1.7367, 0.4475 0.6829 1.8178, 0.4182 0.638 1.8934, 0.3844 0.5863 1.9626, 0.3465 0.5284 2.0244, 0.3052 0.4651 2.078, 0.2608 0.3972 2.1229, 0.214 0.3255 2.1583, 0.1652 0.2509 2.184, 0.1152 0.1744 2.1995, 0.5875 0.7114 1.5619, 0.5712 0.6915 1.651, 0.5486 0.6642 1.7367, 0.5201 0.6295 1.8178, 0.486 0.5881 1.8934, 0.4467 0.5404 1.9626, 0.4028 0.4871 2.0244, 0.3547 0.4287 2.078, 0.3031 0.3661 2.1229, 0.2487 0.2999 2.1583, 0.192 0.2312 2.184, 0.1339 0.1606 2.1995, 0.6736 0.6532 1.4705, 0.6624 0.6424 1.5619, 0.644 0.6245 1.651, 0.6186 0.5998 1.7367, 0.5864 0.5685 1.8178, 0.548 0.5311 1.8934, 0.5037 0.488 1.9626, 0.4542 0.4398 2.0244, 0.4 0.3871 2.078, 0.3418 0.3305 2.1229, 0.2804 0.2707 2.1583, 0.2165 0.2086 2.184, 0.151 0.1449 2.1995, 0.1663 0.1274 2.1995, 0.2384 0.1835 2.184, 0.3087 0.2382 2.1583, 0.3763 0.2909 2.1229, 0.4403 0.3407 2.078, 0.5 0.3871 2.0244, 0.5546 0.4296 1.9626, 0.6033 0.4676 1.8934, 0.6456 0.5005 1.8178, 0.681 0.5281 1.7367, 0.709 0.5498 1.651, 0.7293 0.5656 1.5619, 0.7873 0.4819 1.5619, 0.7654 0.4685 1.651, 0.7352 0.4499 1.7367, 0.697 0.4264 1.8178, 0.6513 0.3983 1.8934, 0.5987 0.366 1.9626, 0.5398 0.3298 2.0244, 0.4754 0.2902 2.078, 0.4062 0.2477 2.1229, 0.3333 0.2028 2.1583, 0.2574 0.1562 2.184, 0.1795 0.1083 2.1995, 0.8498 0.399 1.4705, 0.8358 0.3924 1.5619, 0.8126 0.3814 1.651, 0.7805 0.3663 1.7367, 0.7399 0.3472 1.8178, 0.6914 0.3243 1.8934, 0.6355 0.2979 1.9626, 0.573 0.2684 2.0244, 0.5046 0.2361 2.078, 0.4312 0.2015 2.1229, 0.3538 0.1649 2.1583, 0.2732 0.1269 2.184, 0.1905 0.0879 2.1995, 0.1993 0.0664 2.1995, 0.2857 0.0961 2.184, 0.37 0.125 2.1583, 0.451 0.1528 2.1229, 0.5278 0.1792 2.078, 0.5993 0.2037 2.0244, 0.6647 0.2262 1.9626, 0.7231 0.2462 1.8934, 0.7738 0.2636 1.8178, 0.8163 0.2782 1.7367, 0.8498 0.2897 1.651, 0.8741 0.2981 1.5619, 0.9018 0.2001 1.5619, 0.8767 0.1945 1.651, 0.8421 0.1867 1.7367, 0.7984 0.1769 1.8178, 0.746 0.1652 1.8934, 0.6857 0.1517 1.9626, 0.6183 0.1365 2.0244, 0.5445 0.12 2.078, 0.4653 0.1023 2.1229, 0.3817 0.0835 2.1583, 0.2948 0.064 2.184, 0.2056 0.0441 2.1995, 0.934 0.1014 1.4705, 0.9185 0.0996 1.5619, 0.893 0.0968 1.651, 0.8578 0.0929 1.7367, 0.8132 0.088 1.8178, 0.7599 0.0821 1.8934, 0.6985 0.0753 1.9626, 0.6298 0.0677 2.0244, 0.5546 0.0594 2.078, 0.4739 0.0504 2.1229, 0.3888 0.041 2.1583, 0.3003 0.0312 2.184, 0.2094 0.0212 2.1995, 0.9449 -0.6093 0.1783, 0.9449 -0.5223 0.1338, 0.9449 0.3532 0.0646, 0.9449 0.4295 0.0939, 0.9449 0.6062 0.1798, 0.9449 0.5184 0.1338, 0.9449 -0.4335 0.0939, 0.9449 -0.3574 0.0646, 0.9449 -0.2795 0.0399, 0.9449 0.1338 0.0097, 0.9449 0.2054 0.0225, 0.9449 0.2754 0.0399, 0.9449 -0.2092 0.0224, 0.9449 -0.1379 0.0097, 0.9449 -0.07 0.0024, 0.9449 -0.002 0.0, 0.9449 0.0658 0.0024
            ]
        }
        coordIndex [
            0,1,2,-1,3,4,5,-1,6,7,8,-1,9,10,11,-1,11,10,12,-1,13,14,10,-1,14,15,10,-1,10,15,16,-1,10,16,17,-1,18,19,20,-1,20,19,10,-1,18,21,22,-1,22,23,18,-1,18,23,24,-1,18,24,25,-1,26,19,27,-1,27,19,18,-1,27,18,28,-1,28,18,25,-1,26,29,19,-1,19,29,30,-1,19,30,31,-1,31,32,19,-1,19,32,33,-1,19,33,34,-1,34,35,19,-1,19,35,36,-1,19,36,37,-1,38,39,40,-1,38,40,41,-1,39,42,40,-1,40,42,43,-1,40,43,44,-1,44,45,40,-1,40,45,46,-1,40,46,47,-1,13,10,48,-1,48,10,9,-1,48,9,49,-1,49,9,50,-1,49,50,51,-1,51,50,52,-1,51,52,47,-1,47,52,53,-1,47,53,40,-1,54,55,56,-1,57,58,59,-1,59,58,60,-1,59,60,61,-1,61,62,59,-1,59,62,63,-1,59,63,64,-1,64,65,59,-1,59,65,66,-1,59,66,67,-1,68,69,70,-1,70,69,71,-1,71,72,70,-1,70,72,73,-1,70,73,74,-1,74,75,70,-1,70,75,76,-1,70,76,77,-1,77,78,70,-1,70,78,79,-1,70,79,80,-1,80,81,70,-1,70,81,82,-1,70,82,83,-1,8,7,83,-1,83,7,84,-1,83,84,85,-1,85,86,83,-1,83,86,87,-1,83,87,88,-1,88,89,83,-1,83,89,90,-1,83,90,91,-1,91,92,83,-1,83,92,93,-1,83,93,94,-1,94,95,83,-1,83,95,96,-1,83,96,70,-1,97,98,99,-1,99,98,100,-1,100,101,99,-1,99,101,102,-1,99,102,103,-1,103,104,99,-1,99,104,105,-1,99,105,106,-1,106,107,99,-1,99,107,108,-1,99,108,109,-1,109,110,99,-1,99,110,111,-1,99,111,112,-1,112,113,99,-1,99,113,114,-1,99,114,115,-1,115,116,99,-1,99,116,117,-1,99,117,118,-1,118,119,99,-1,99,119,120,-1,99,120,121,-1,121,122,99,-1,99,122,123,-1,99,123,124,-1,124,123,125,-1,97,99,126,-1,126,99,127,-1,126,127,128,-1,128,127,129,-1,129,127,130,-1,129,130,131,-1,131,130,132,-1,131,132,133,-1,133,134,131,-1,131,134,135,-1,131,135,136,-1,136,135,20,-1,136,20,137,-1,137,20,10,-1,137,10,138,-1,138,10,17,-1,134,139,135,-1,135,139,140,-1,135,140,141,-1,141,142,135,-1,135,142,143,-1,135,143,144,-1,145,146,147,-1,146,148,147,-1,147,148,149,-1,147,149,150,-1,150,151,147,-1,147,151,152,-1,147,152,153,-1,143,154,144,-1,144,154,155,-1,144,155,156,-1,156,155,157,-1,156,157,158,-1,153,159,147,-1,147,159,156,-1,147,156,160,-1,160,156,158,-1,161,162,163,-1,163,164,161,-1,161,164,165,-1,161,165,166,-1,167,161,168,-1,168,161,166,-1,168,166,147,-1,147,166,169,-1,147,169,145,-1,167,170,161,-1,161,170,171,-1,161,171,172,-1,172,171,173,-1,171,174,173,-1,173,174,175,-1,173,175,176,-1,176,177,173,-1,173,177,178,-1,173,178,179,-1,180,181,182,-1,182,181,183,-1,182,183,184,-1,185,182,186,-1,187,182,188,-1,188,182,189,-1,179,180,173,-1,173,180,182,-1,173,182,190,-1,190,182,187,-1,191,185,70,-1,70,185,56,-1,70,56,68,-1,68,56,55,-1,191,192,185,-1,185,192,193,-1,185,193,194,-1,194,195,185,-1,185,195,196,-1,185,196,182,-1,182,196,197,-1,182,197,189,-1,198,199,200,-1,200,201,198,-1,198,201,202,-1,198,202,203,-1,203,204,198,-1,198,204,205,-1,198,205,206,-1,207,208,206,-1,206,208,209,-1,206,209,198,-1,207,210,208,-1,208,210,211,-1,208,211,212,-1,212,213,208,-1,208,213,214,-1,208,214,215,-1,215,216,208,-1,208,216,217,-1,208,217,218,-1,218,219,208,-1,208,219,220,-1,208,220,221,-1,221,222,208,-1,208,222,223,-1,208,223,224,-1,224,225,208,-1,208,225,226,-1,208,226,227,-1,227,226,228,-1,227,228,183,-1,183,228,229,-1,229,230,183,-1,183,230,231,-1,183,231,232,-1,232,233,183,-1,183,233,234,-1,183,234,235,-1,236,237,238,-1,239,240,241,-1,241,240,238,-1,241,238,242,-1,242,238,237,-1,239,243,240,-1,240,243,244,-1,240,244,245,-1,245,246,240,-1,240,246,6,-1,240,6,238,-1,238,6,8,-1,238,8,236,-1,247,248,249,-1,249,248,250,-1,249,250,251,-1,251,252,249,-1,249,252,253,-1,249,253,254,-1,255,256,257,-1,257,256,249,-1,257,249,258,-1,258,249,254,-1,259,260,261,-1,261,260,262,-1,263,261,249,-1,249,261,262,-1,249,262,247,-1,247,262,264,-1,247,264,265,-1,266,267,268,-1,269,270,268,-1,271,272,273,-1,272,274,273,-1,273,274,275,-1,273,275,276,-1,276,277,273,-1,273,277,278,-1,273,278,268,-1,268,278,279,-1,268,279,269,-1,264,266,265,-1,265,266,268,-1,265,268,280,-1,280,268,270,-1,37,271,19,-1,19,271,273,-1,19,273,281,-1,281,273,282,-1,161,283,284,-1,284,283,285,-1,284,285,286,-1,287,288,284,-1,284,288,263,-1,249,289,263,-1,263,289,290,-1,263,290,284,-1,284,290,291,-1,284,291,161,-1,161,291,292,-1,161,292,162,-1,293,59,294,-1,294,59,295,-1,294,295,287,-1,287,295,281,-1,287,281,288,-1,288,281,282,-1,285,296,286,-1,286,296,297,-1,286,297,298,-1,298,297,299,-1,298,299,300,-1,301,302,293,-1,300,303,298,-1,298,303,304,-1,298,304,293,-1,293,304,305,-1,293,305,301,-1,302,306,293,-1,293,306,307,-1,293,307,308,-1,308,309,293,-1,293,309,310,-1,293,310,59,-1,59,310,311,-1,59,311,57,-1,312,313,314,-1,314,313,315,-1,316,317,318,-1,318,317,319,-1,67,54,59,-1,59,54,56,-1,59,56,320,-1,320,56,321,-1,320,321,322,-1,323,324,325,-1,325,324,322,-1,322,324,320,-1,320,324,326,-1,320,326,327,-1,326,328,327,-1,327,328,329,-1,327,329,330,-1,330,331,327,-1,327,331,332,-1,327,332,333,-1,333,334,327,-1,327,334,335,-1,327,335,336,-1,336,337,327,-1,327,337,338,-1,327,338,339,-1,339,338,340,-1,339,340,341,-1,341,342,339,-1,339,342,343,-1,339,343,344,-1,344,345,339,-1,339,345,346,-1,339,346,347,-1,347,346,348,-1,347,348,349,-1,349,350,347,-1,347,350,351,-1,347,351,352,-1,352,353,347,-1,347,353,354,-1,347,354,186,-1,186,354,355,-1,186,355,356,-1,356,357,186,-1,186,357,358,-1,186,358,323,-1,315,318,314,-1,314,318,319,-1,314,319,325,-1,325,319,359,-1,325,359,323,-1,323,359,360,-1,323,360,186,-1,186,360,361,-1,186,361,185,-1,362,363,364,-1,364,363,365,-1,364,365,366,-1,366,365,367,-1,366,367,368,-1,368,367,369,-1,368,369,370,-1,370,369,371,-1,370,371,372,-1,372,371,373,-1,372,373,374,-1,374,375,372,-1,372,375,376,-1,372,376,377,-1,377,378,372,-1,372,378,10,-1,372,10,379,-1,379,10,380,-1,379,380,381,-1,378,382,10,-1,10,382,383,-1,10,383,384,-1,384,385,10,-1,10,385,386,-1,10,386,387,-1,387,388,10,-1,10,388,389,-1,10,389,12,-1,339,390,327,-1,327,390,391,-1,327,391,392,-1,392,391,393,-1,393,394,392,-1,392,394,395,-1,392,395,396,-1,395,397,398,-1,398,399,395,-1,395,399,400,-1,395,400,401,-1,401,402,395,-1,395,402,403,-1,395,403,404,-1,404,405,395,-1,395,405,406,-1,395,406,396,-1,396,406,407,-1,396,407,408,-1,408,409,396,-1,396,409,410,-1,396,410,411,-1,397,412,413,-1,414,415,416,-1,416,415,417,-1,416,417,418,-1,418,417,419,-1,395,418,397,-1,397,418,419,-1,397,419,412,-1,412,419,420,-1,412,420,370,-1,370,420,347,-1,370,347,368,-1,368,347,186,-1,411,421,396,-1,396,421,422,-1,396,422,423,-1,423,424,396,-1,396,424,425,-1,396,425,426,-1,425,427,426,-1,426,427,428,-1,426,428,429,-1,429,430,426,-1,426,430,431,-1,426,431,432,-1,432,433,426,-1,426,433,380,-1,426,380,434,-1,434,380,435,-1,434,435,436,-1,436,435,437,-1,433,438,380,-1,380,438,439,-1,380,439,440,-1,440,441,380,-1,380,441,442,-1,380,442,381,-1,381,442,443,-1,255,444,256,-1,256,444,445,-1,256,445,446,-1,446,445,447,-1,446,447,448,-1,449,450,447,-1,447,450,451,-1,451,452,447,-1,447,452,453,-1,447,453,448,-1,454,455,449,-1,449,455,456,-1,449,456,457,-1,457,458,449,-1,449,458,459,-1,449,459,460,-1,460,461,449,-1,449,461,462,-1,449,462,463,-1,463,464,449,-1,449,464,465,-1,449,465,466,-1,466,467,449,-1,449,467,468,-1,449,468,450,-1,235,469,183,-1,183,469,41,-1,183,41,184,-1,184,41,40,-1,184,40,470,-1,470,40,471,-1,470,471,472,-1,472,473,470,-1,470,473,474,-1,470,474,475,-1,475,476,470,-1,470,476,477,-1,470,477,478,-1,478,479,470,-1,470,479,480,-1,470,480,481,-1,481,482,470,-1,470,482,483,-1,470,483,484,-1,485,486,413,-1,413,486,487,-1,413,487,488,-1,489,490,488,-1,488,490,491,-1,488,491,413,-1,413,491,443,-1,413,443,397,-1,397,443,442,-1,396,492,392,-1,392,492,493,-1,392,493,494,-1,493,495,494,-1,494,495,496,-1,494,496,497,-1,498,499,2,-1,500,498,501,-1,501,498,2,-1,501,2,502,-1,502,2,1,-1,499,503,2,-1,2,503,504,-1,2,504,505,-1,505,506,2,-1,2,506,507,-1,2,507,5,-1,5,507,508,-1,5,508,3,-1,509,510,511,-1,511,510,512,-1,511,512,513,-1,513,514,511,-1,511,514,515,-1,511,515,516,-1,516,517,511,-1,511,517,518,-1,511,518,519,-1,519,520,511,-1,511,520,521,-1,511,521,522,-1,522,523,511,-1,511,523,524,-1,511,524,525,-1,525,526,527,-1,527,526,528,-1,528,529,527,-1,527,529,530,-1,527,530,531,-1,531,532,527,-1,527,532,533,-1,527,533,534,-1,534,535,527,-1,527,535,536,-1,527,536,537,-1,537,538,527,-1,527,538,539,-1,527,539,2,-1,2,539,540,-1,2,540,0,-1,541,542,543,-1,543,544,541,-1,541,544,545,-1,541,545,546,-1,546,545,547,-1,547,548,546,-1,546,548,549,-1,546,549,550,-1,550,551,546,-1,546,551,552,-1,546,552,553,-1,553,554,546,-1,546,554,555,-1,546,555,556,-1,557,558,559,-1,556,560,546,-1,546,560,561,-1,546,561,559,-1,559,561,562,-1,559,562,557,-1,558,563,559,-1,559,563,564,-1,559,564,565,-1,565,566,559,-1,559,566,567,-1,559,567,511,-1,511,567,568,-1,511,568,509,-1,569,570,571,-1,572,573,571,-1,571,573,574,-1,571,574,575,-1,575,576,571,-1,571,576,577,-1,571,577,578,-1,578,579,571,-1,571,579,580,-1,571,580,569,-1,581,582,583,-1,584,585,586,-1,583,582,586,-1,586,582,587,-1,586,587,584,-1,585,588,586,-1,586,588,589,-1,586,589,571,-1,571,589,590,-1,571,590,572,-1,591,592,593,-1,593,592,546,-1,546,592,594,-1,546,594,595,-1,595,596,546,-1,546,596,597,-1,546,597,598,-1,598,599,546,-1,546,599,600,-1,546,600,601,-1,602,541,603,-1,603,541,546,-1,603,546,604,-1,604,546,601,-1,602,605,541,-1,541,605,606,-1,541,606,607,-1,608,609,610,-1,607,611,541,-1,541,611,612,-1,541,612,610,-1,610,612,613,-1,610,613,608,-1,609,614,610,-1,610,614,615,-1,610,615,616,-1,616,617,610,-1,610,617,618,-1,610,618,619,-1,619,618,620,-1,620,621,619,-1,619,621,622,-1,619,622,623,-1,623,624,619,-1,619,624,625,-1,619,625,626,-1,627,628,629,-1,629,628,630,-1,629,630,631,-1,631,632,629,-1,629,632,633,-1,629,633,634,-1,635,570,636,-1,636,570,569,-1,636,569,629,-1,629,569,637,-1,629,637,627,-1,638,639,640,-1,640,639,641,-1,640,641,642,-1,642,641,643,-1,644,645,643,-1,643,645,646,-1,643,646,642,-1,644,643,647,-1,647,643,648,-1,647,648,649,-1,649,648,650,-1,649,650,651,-1,633,652,634,-1,634,652,653,-1,634,653,654,-1,654,653,649,-1,654,649,655,-1,655,649,651,-1,656,657,658,-1,658,657,659,-1,658,659,660,-1,661,662,663,-1,660,664,658,-1,658,664,665,-1,658,665,663,-1,663,665,666,-1,663,666,661,-1,656,658,667,-1,667,658,668,-1,667,668,669,-1,669,668,670,-1,669,670,671,-1,672,673,640,-1,640,673,674,-1,640,674,638,-1,672,675,673,-1,673,675,676,-1,673,676,677,-1,677,678,673,-1,673,678,679,-1,673,679,680,-1,680,681,673,-1,673,681,682,-1,673,682,683,-1,683,684,673,-1,673,684,685,-1,673,685,686,-1,686,685,687,-1,686,687,670,-1,670,687,688,-1,670,688,671,-1,583,619,581,-1,581,619,626,-1,581,626,689,-1,689,626,690,-1,689,690,691,-1,691,692,689,-1,689,692,693,-1,689,693,694,-1,695,696,697,-1,694,698,689,-1,689,698,699,-1,689,699,695,-1,695,697,689,-1,689,697,700,-1,689,700,701,-1,701,702,689,-1,689,702,703,-1,689,703,704,-1,704,703,705,-1,705,706,704,-1,704,706,707,-1,704,707,708,-1,708,709,704,-1,704,709,710,-1,704,710,711,-1,711,712,704,-1,704,712,713,-1,704,713,714,-1,714,715,704,-1,704,715,716,-1,704,716,717,-1,717,718,704,-1,704,718,719,-1,704,719,689,-1,720,721,722,-1,722,721,295,-1,721,723,295,-1,295,723,724,-1,295,724,725,-1,725,726,295,-1,295,726,727,-1,295,727,728,-1,729,730,281,-1,728,731,295,-1,295,731,732,-1,295,732,733,-1,733,734,295,-1,295,734,735,-1,295,735,281,-1,281,735,736,-1,281,736,729,-1,730,737,281,-1,281,737,738,-1,281,738,739,-1,739,740,281,-1,281,740,741,-1,281,741,742,-1,742,743,281,-1,281,743,744,-1,281,744,593,-1,593,744,745,-1,593,745,746,-1,746,747,593,-1,593,747,748,-1,593,748,591,-1,4,749,5,-1,5,749,750,-1,5,750,751,-1,751,750,752,-1,751,752,753,-1,753,754,751,-1,751,754,755,-1,751,755,756,-1,756,757,751,-1,751,757,758,-1,751,758,295,-1,295,758,759,-1,295,759,722,-1,525,527,511,-1,511,527,760,-1,511,760,761,-1,761,760,762,-1,761,762,763,-1,763,762,764,-1,763,764,765,-1,766,767,768,-1,768,767,437,-1,768,437,769,-1,769,437,435,-1,769,435,497,-1,497,435,770,-1,497,770,494,-1,494,770,771,-1,494,771,772,-1,772,771,773,-1,772,773,774,-1,774,773,775,-1,774,775,776,-1,776,775,777,-1,776,777,778,-1,778,777,779,-1,778,779,780,-1,780,779,781,-1,780,781,782,-1,782,781,783,-1,782,783,784,-1,784,783,785,-1,784,785,786,-1,786,785,787,-1,786,787,788,-1,788,787,789,-1,788,789,790,-1,790,789,791,-1,790,791,792,-1,792,791,793,-1,792,793,794,-1,794,793,795,-1,794,795,796,-1,796,795,797,-1,796,797,798,-1,798,797,799,-1,798,799,800,-1,800,799,801,-1,800,801,802,-1,802,801,803,-1,802,803,804,-1,804,803,805,-1,804,805,806,-1,806,805,807,-1,806,807,808,-1,808,807,809,-1,808,809,810,-1,810,809,811,-1,810,811,812,-1,812,811,813,-1,812,813,814,-1,814,813,815,-1,814,815,816,-1,816,815,817,-1,816,817,818,-1,819,818,820,-1,820,818,821,-1,822,823,764,-1,764,823,824,-1,764,824,821,-1,825,826,827,-1,827,826,764,-1,764,826,828,-1,764,828,822,-1,819,829,818,-1,818,829,830,-1,818,830,831,-1,831,830,832,-1,831,832,833,-1,833,832,834,-1,833,834,835,-1,835,834,836,-1,827,837,825,-1,825,837,838,-1,825,838,839,-1,839,838,840,-1,839,840,841,-1,841,840,842,-1,841,842,843,-1,843,842,844,-1,843,844,845,-1,845,844,846,-1,845,846,847,-1,847,846,848,-1,847,848,849,-1,849,848,850,-1,849,850,851,-1,851,850,852,-1,851,852,853,-1,853,852,854,-1,853,854,855,-1,856,857,858,-1,858,857,859,-1,858,859,860,-1,860,859,861,-1,860,861,862,-1,862,861,863,-1,862,863,864,-1,864,863,865,-1,864,865,866,-1,866,865,867,-1,866,867,868,-1,868,867,869,-1,868,869,870,-1,870,869,871,-1,870,871,872,-1,872,871,873,-1,872,873,836,-1,836,873,874,-1,836,874,835,-1,854,875,855,-1,855,875,876,-1,855,876,877,-1,877,876,878,-1,877,878,879,-1,879,878,880,-1,879,880,881,-1,881,880,882,-1,881,882,883,-1,883,882,884,-1,883,884,885,-1,885,884,782,-1,885,782,886,-1,886,782,887,-1,886,887,888,-1,888,887,889,-1,888,889,890,-1,890,889,891,-1,890,891,856,-1,856,891,892,-1,856,892,857,-1,893,894,886,-1,886,894,885,-1,893,886,895,-1,895,886,888,-1,895,888,896,-1,890,897,888,-1,888,897,898,-1,888,898,896,-1,899,900,856,-1,856,900,901,-1,856,901,890,-1,890,901,902,-1,890,902,897,-1,899,856,903,-1,903,856,858,-1,903,858,904,-1,904,858,905,-1,905,858,860,-1,905,860,906,-1,862,907,860,-1,860,907,908,-1,860,908,906,-1,864,909,862,-1,862,909,910,-1,862,910,907,-1,911,912,866,-1,866,912,913,-1,866,913,864,-1,864,913,914,-1,864,914,909,-1,911,866,915,-1,915,866,868,-1,915,868,916,-1,916,868,917,-1,917,868,870,-1,917,870,918,-1,919,920,872,-1,872,920,921,-1,872,921,870,-1,870,921,922,-1,870,922,918,-1,834,923,836,-1,836,923,924,-1,836,924,872,-1,872,924,925,-1,872,925,919,-1,832,926,834,-1,834,926,927,-1,834,927,923,-1,928,929,830,-1,830,929,930,-1,830,930,832,-1,832,930,931,-1,832,931,926,-1,928,830,932,-1,932,830,829,-1,932,829,933,-1,933,829,934,-1,934,829,819,-1,934,819,935,-1,820,936,819,-1,819,936,937,-1,819,937,935,-1,821,938,820,-1,820,938,939,-1,820,939,936,-1,824,940,821,-1,821,940,941,-1,821,941,938,-1,823,942,824,-1,824,942,943,-1,824,943,940,-1,944,945,822,-1,822,945,946,-1,822,946,823,-1,823,946,947,-1,823,947,942,-1,944,822,948,-1,948,822,828,-1,948,828,949,-1,949,828,950,-1,950,828,826,-1,950,826,951,-1,825,952,826,-1,826,952,953,-1,826,953,951,-1,839,954,825,-1,825,954,955,-1,825,955,952,-1,956,957,841,-1,841,957,958,-1,841,958,839,-1,839,958,959,-1,839,959,954,-1,956,841,960,-1,960,841,843,-1,960,843,961,-1,961,843,962,-1,962,843,845,-1,962,845,963,-1,847,964,845,-1,845,964,965,-1,845,965,963,-1,966,967,849,-1,849,967,968,-1,849,968,847,-1,847,968,969,-1,847,969,964,-1,966,849,970,-1,970,849,851,-1,970,851,971,-1,971,851,972,-1,972,851,853,-1,972,853,973,-1,973,853,974,-1,974,853,855,-1,974,855,975,-1,877,976,855,-1,855,976,977,-1,855,977,975,-1,978,979,879,-1,879,979,980,-1,879,980,877,-1,877,980,981,-1,877,981,976,-1,978,879,982,-1,982,879,881,-1,982,881,983,-1,983,881,984,-1,984,881,883,-1,984,883,985,-1,894,986,885,-1,885,986,987,-1,885,987,883,-1,883,987,988,-1,883,988,985,-1,989,990,991,-1,991,990,992,-1,991,992,993,-1,994,995,991,-1,991,995,996,-1,991,996,989,-1,997,998,991,-1,991,998,999,-1,991,999,994,-1,1000,1001,991,-1,991,1001,1002,-1,991,1002,997,-1,1003,1004,991,-1,991,1004,1005,-1,991,1005,1000,-1,1006,1007,991,-1,991,1007,1008,-1,991,1008,1003,-1,1009,1010,991,-1,991,1010,1011,-1,991,1011,1006,-1,1012,1013,991,-1,991,1013,1014,-1,991,1014,1009,-1,1015,1016,991,-1,991,1016,1017,-1,991,1017,1012,-1,1018,1019,991,-1,991,1019,1020,-1,991,1020,1015,-1,1021,1022,991,-1,991,1022,1023,-1,991,1023,1018,-1,1024,1025,991,-1,991,1025,1026,-1,991,1026,1021,-1,1027,1028,991,-1,991,1028,1029,-1,991,1029,1024,-1,1030,1031,991,-1,991,1031,1032,-1,991,1032,1027,-1,1033,1034,991,-1,991,1034,1035,-1,991,1035,1030,-1,1036,1037,991,-1,991,1037,1038,-1,991,1038,1033,-1,1039,1040,991,-1,991,1040,1041,-1,991,1041,1036,-1,1042,1043,991,-1,991,1043,1044,-1,991,1044,1039,-1,993,1045,991,-1,991,1045,1046,-1,991,1046,1042,-1,943,942,1047,-1,947,946,1048,-1,944,948,1049,-1,949,950,1050,-1,953,952,1051,-1,955,954,1052,-1,959,958,1053,-1,956,960,1054,-1,961,962,1055,-1,965,964,1056,-1,969,968,1057,-1,966,970,1058,-1,971,972,1059,-1,973,974,1060,-1,977,976,1061,-1,981,980,1062,-1,978,982,1063,-1,983,984,1064,-1,988,987,1065,-1,986,894,1066,-1,893,895,1067,-1,898,897,1068,-1,902,901,1069,-1,899,903,1070,-1,904,905,1071,-1,908,907,1072,-1,910,909,1073,-1,914,913,1074,-1,911,915,1075,-1,916,917,1076,-1,922,921,1077,-1,920,919,1078,-1,924,923,1079,-1,927,926,1080,-1,931,930,1081,-1,928,932,1082,-1,933,934,1083,-1,937,936,1084,-1,939,938,1085,-1,992,990,1086,-1,1086,990,1087,-1,1086,1087,1088,-1,1088,1087,1089,-1,1088,1089,1090,-1,1090,1089,1091,-1,1090,1091,1092,-1,1092,1091,1093,-1,1092,1093,1094,-1,1094,1093,1095,-1,1094,1095,1096,-1,1096,1095,1097,-1,1096,1097,1098,-1,1098,1097,1099,-1,1098,1099,1100,-1,1100,1099,1101,-1,1100,1101,1102,-1,1102,1101,1103,-1,1102,1103,1104,-1,1104,1103,1105,-1,1104,1105,1106,-1,1106,1105,1107,-1,1106,1107,1108,-1,1108,1107,1109,-1,1108,1109,1110,-1,1110,1109,1085,-1,1110,1085,941,-1,941,1085,938,-1,936,939,1084,-1,1084,939,1085,-1,1084,1085,1111,-1,1111,1085,1109,-1,1111,1109,1112,-1,1112,1109,1107,-1,1112,1107,1113,-1,1113,1107,1105,-1,1113,1105,1114,-1,1114,1105,1103,-1,1114,1103,1115,-1,1115,1103,1101,-1,1115,1101,1116,-1,1116,1101,1099,-1,1116,1099,1117,-1,1117,1099,1097,-1,1117,1097,1118,-1,1118,1097,1095,-1,1118,1095,1119,-1,1119,1095,1093,-1,1119,1093,1120,-1,1120,1093,1091,-1,1120,1091,1121,-1,1121,1091,1089,-1,1121,1089,1122,-1,1122,1089,1087,-1,1122,1087,989,-1,989,1087,990,-1,935,937,1123,-1,1123,937,1084,-1,1123,1084,1124,-1,1124,1084,1111,-1,1124,1111,1125,-1,1125,1111,1112,-1,1125,1112,1126,-1,1126,1112,1113,-1,1126,1113,1127,-1,1127,1113,1114,-1,1127,1114,1128,-1,1128,1114,1115,-1,1128,1115,1129,-1,1129,1115,1116,-1,1129,1116,1130,-1,1130,1116,1117,-1,1130,1117,1131,-1,1131,1117,1118,-1,1131,1118,1132,-1,1132,1118,1119,-1,1132,1119,1133,-1,1133,1119,1120,-1,1133,1120,1134,-1,1134,1120,1121,-1,1134,1121,1135,-1,1135,1121,1122,-1,1135,1122,996,-1,996,1122,989,-1,996,995,1135,-1,1135,995,1136,-1,1135,1136,1134,-1,1134,1136,1137,-1,1134,1137,1133,-1,1133,1137,1138,-1,1133,1138,1132,-1,1132,1138,1139,-1,1132,1139,1131,-1,1131,1139,1140,-1,1131,1140,1130,-1,1130,1140,1141,-1,1130,1141,1129,-1,1129,1141,1142,-1,1129,1142,1128,-1,1128,1142,1143,-1,1128,1143,1127,-1,1127,1143,1144,-1,1127,1144,1126,-1,1126,1144,1145,-1,1126,1145,1125,-1,1125,1145,1146,-1,1125,1146,1124,-1,1124,1146,1147,-1,1124,1147,1123,-1,1123,1147,1083,-1,1123,1083,935,-1,935,1083,934,-1,932,933,1082,-1,1082,933,1083,-1,1082,1083,1148,-1,1148,1083,1147,-1,1148,1147,1149,-1,1149,1147,1146,-1,1149,1146,1150,-1,1150,1146,1145,-1,1150,1145,1151,-1,1151,1145,1144,-1,1151,1144,1152,-1,1152,1144,1143,-1,1152,1143,1153,-1,1153,1143,1142,-1,1153,1142,1154,-1,1154,1142,1141,-1,1154,1141,1155,-1,1155,1141,1140,-1,1155,1140,1156,-1,1156,1140,1139,-1,1156,1139,1157,-1,1157,1139,1138,-1,1157,1138,1158,-1,1158,1138,1137,-1,1158,1137,1159,-1,1159,1137,1136,-1,1159,1136,994,-1,994,1136,995,-1,929,928,1160,-1,1160,928,1082,-1,1160,1082,1161,-1,1161,1082,1148,-1,1161,1148,1162,-1,1162,1148,1149,-1,1162,1149,1163,-1,1163,1149,1150,-1,1163,1150,1164,-1,1164,1150,1151,-1,1164,1151,1165,-1,1165,1151,1152,-1,1165,1152,1166,-1,1166,1152,1153,-1,1166,1153,1167,-1,1167,1153,1154,-1,1167,1154,1168,-1,1168,1154,1155,-1,1168,1155,1169,-1,1169,1155,1156,-1,1169,1156,1170,-1,1170,1156,1157,-1,1170,1157,1171,-1,1171,1157,1158,-1,1171,1158,1172,-1,1172,1158,1159,-1,1172,1159,999,-1,999,1159,994,-1,999,998,1172,-1,1172,998,1173,-1,1172,1173,1171,-1,1171,1173,1174,-1,1171,1174,1170,-1,1170,1174,1175,-1,1170,1175,1169,-1,1169,1175,1176,-1,1169,1176,1168,-1,1168,1176,1177,-1,1168,1177,1167,-1,1167,1177,1178,-1,1167,1178,1166,-1,1166,1178,1179,-1,1166,1179,1165,-1,1165,1179,1180,-1,1165,1180,1164,-1,1164,1180,1181,-1,1164,1181,1163,-1,1163,1181,1182,-1,1163,1182,1162,-1,1162,1182,1183,-1,1162,1183,1161,-1,1161,1183,1184,-1,1161,1184,1160,-1,1160,1184,1081,-1,1160,1081,929,-1,929,1081,930,-1,926,931,1080,-1,1080,931,1081,-1,1080,1081,1185,-1,1185,1081,1184,-1,1185,1184,1186,-1,1186,1184,1183,-1,1186,1183,1187,-1,1187,1183,1182,-1,1187,1182,1188,-1,1188,1182,1181,-1,1188,1181,1189,-1,1189,1181,1180,-1,1189,1180,1190,-1,1190,1180,1179,-1,1190,1179,1191,-1,1191,1179,1178,-1,1191,1178,1192,-1,1192,1178,1177,-1,1192,1177,1193,-1,1193,1177,1176,-1,1193,1176,1194,-1,1194,1176,1175,-1,1194,1175,1195,-1,1195,1175,1174,-1,1195,1174,1196,-1,1196,1174,1173,-1,1196,1173,997,-1,997,1173,998,-1,923,927,1079,-1,1079,927,1080,-1,1079,1080,1197,-1,1197,1080,1185,-1,1197,1185,1198,-1,1198,1185,1186,-1,1198,1186,1199,-1,1199,1186,1187,-1,1199,1187,1200,-1,1200,1187,1188,-1,1200,1188,1201,-1,1201,1188,1189,-1,1201,1189,1202,-1,1202,1189,1190,-1,1202,1190,1203,-1,1203,1190,1191,-1,1203,1191,1204,-1,1204,1191,1192,-1,1204,1192,1205,-1,1205,1192,1193,-1,1205,1193,1206,-1,1206,1193,1194,-1,1206,1194,1207,-1,1207,1194,1195,-1,1207,1195,1208,-1,1208,1195,1196,-1,1208,1196,1002,-1,1002,1196,997,-1,925,924,1209,-1,1209,924,1079,-1,1209,1079,1210,-1,1210,1079,1197,-1,1210,1197,1211,-1,1211,1197,1198,-1,1211,1198,1212,-1,1212,1198,1199,-1,1212,1199,1213,-1,1213,1199,1200,-1,1213,1200,1214,-1,1214,1200,1201,-1,1214,1201,1215,-1,1215,1201,1202,-1,1215,1202,1216,-1,1216,1202,1203,-1,1216,1203,1217,-1,1217,1203,1204,-1,1217,1204,1218,-1,1218,1204,1205,-1,1218,1205,1219,-1,1219,1205,1206,-1,1219,1206,1220,-1,1220,1206,1207,-1,1220,1207,1221,-1,1221,1207,1208,-1,1221,1208,1001,-1,1001,1208,1002,-1,1001,1000,1221,-1,1221,1000,1222,-1,1221,1222,1220,-1,1220,1222,1223,-1,1220,1223,1219,-1,1219,1223,1224,-1,1219,1224,1218,-1,1218,1224,1225,-1,1218,1225,1217,-1,1217,1225,1226,-1,1217,1226,1216,-1,1216,1226,1227,-1,1216,1227,1215,-1,1215,1227,1228,-1,1215,1228,1214,-1,1214,1228,1229,-1,1214,1229,1213,-1,1213,1229,1230,-1,1213,1230,1212,-1,1212,1230,1231,-1,1212,1231,1211,-1,1211,1231,1232,-1,1211,1232,1210,-1,1210,1232,1233,-1,1210,1233,1209,-1,1209,1233,1078,-1,1209,1078,925,-1,925,1078,919,-1,921,920,1077,-1,1077,920,1078,-1,1077,1078,1234,-1,1234,1078,1233,-1,1234,1233,1235,-1,1235,1233,1232,-1,1235,1232,1236,-1,1236,1232,1231,-1,1236,1231,1237,-1,1237,1231,1230,-1,1237,1230,1238,-1,1238,1230,1229,-1,1238,1229,1239,-1,1239,1229,1228,-1,1239,1228,1240,-1,1240,1228,1227,-1,1240,1227,1241,-1,1241,1227,1226,-1,1241,1226,1242,-1,1242,1226,1225,-1,1242,1225,1243,-1,1243,1225,1224,-1,1243,1224,1244,-1,1244,1224,1223,-1,1244,1223,1245,-1,1245,1223,1222,-1,1245,1222,1005,-1,1005,1222,1000,-1,918,922,1246,-1,1246,922,1077,-1,1246,1077,1247,-1,1247,1077,1234,-1,1247,1234,1248,-1,1248,1234,1235,-1,1248,1235,1249,-1,1249,1235,1236,-1,1249,1236,1250,-1,1250,1236,1237,-1,1250,1237,1251,-1,1251,1237,1238,-1,1251,1238,1252,-1,1252,1238,1239,-1,1252,1239,1253,-1,1253,1239,1240,-1,1253,1240,1254,-1,1254,1240,1241,-1,1254,1241,1255,-1,1255,1241,1242,-1,1255,1242,1256,-1,1256,1242,1243,-1,1256,1243,1257,-1,1257,1243,1244,-1,1257,1244,1258,-1,1258,1244,1245,-1,1258,1245,1004,-1,1004,1245,1005,-1,1004,1003,1258,-1,1258,1003,1259,-1,1258,1259,1257,-1,1257,1259,1260,-1,1257,1260,1256,-1,1256,1260,1261,-1,1256,1261,1255,-1,1255,1261,1262,-1,1255,1262,1254,-1,1254,1262,1263,-1,1254,1263,1253,-1,1253,1263,1264,-1,1253,1264,1252,-1,1252,1264,1265,-1,1252,1265,1251,-1,1251,1265,1266,-1,1251,1266,1250,-1,1250,1266,1267,-1,1250,1267,1249,-1,1249,1267,1268,-1,1249,1268,1248,-1,1248,1268,1269,-1,1248,1269,1247,-1,1247,1269,1270,-1,1247,1270,1246,-1,1246,1270,1076,-1,1246,1076,918,-1,918,1076,917,-1,915,916,1075,-1,1075,916,1076,-1,1075,1076,1271,-1,1271,1076,1270,-1,1271,1270,1272,-1,1272,1270,1269,-1,1272,1269,1273,-1,1273,1269,1268,-1,1273,1268,1274,-1,1274,1268,1267,-1,1274,1267,1275,-1,1275,1267,1266,-1,1275,1266,1276,-1,1276,1266,1265,-1,1276,1265,1277,-1,1277,1265,1264,-1,1277,1264,1278,-1,1278,1264,1263,-1,1278,1263,1279,-1,1279,1263,1262,-1,1279,1262,1280,-1,1280,1262,1261,-1,1280,1261,1281,-1,1281,1261,1260,-1,1281,1260,1282,-1,1282,1260,1259,-1,1282,1259,1008,-1,1008,1259,1003,-1,912,911,1283,-1,1283,911,1075,-1,1283,1075,1284,-1,1284,1075,1271,-1,1284,1271,1285,-1,1285,1271,1272,-1,1285,1272,1286,-1,1286,1272,1273,-1,1286,1273,1287,-1,1287,1273,1274,-1,1287,1274,1288,-1,1288,1274,1275,-1,1288,1275,1289,-1,1289,1275,1276,-1,1289,1276,1290,-1,1290,1276,1277,-1,1290,1277,1291,-1,1291,1277,1278,-1,1291,1278,1292,-1,1292,1278,1279,-1,1292,1279,1293,-1,1293,1279,1280,-1,1293,1280,1294,-1,1294,1280,1281,-1,1294,1281,1295,-1,1295,1281,1282,-1,1295,1282,1007,-1,1007,1282,1008,-1,1007,1006,1295,-1,1295,1006,1296,-1,1295,1296,1294,-1,1294,1296,1297,-1,1294,1297,1293,-1,1293,1297,1298,-1,1293,1298,1292,-1,1292,1298,1299,-1,1292,1299,1291,-1,1291,1299,1300,-1,1291,1300,1290,-1,1290,1300,1301,-1,1290,1301,1289,-1,1289,1301,1302,-1,1289,1302,1288,-1,1288,1302,1303,-1,1288,1303,1287,-1,1287,1303,1304,-1,1287,1304,1286,-1,1286,1304,1305,-1,1286,1305,1285,-1,1285,1305,1306,-1,1285,1306,1284,-1,1284,1306,1307,-1,1284,1307,1283,-1,1283,1307,1074,-1,1283,1074,912,-1,912,1074,913,-1,909,914,1073,-1,1073,914,1074,-1,1073,1074,1308,-1,1308,1074,1307,-1,1308,1307,1309,-1,1309,1307,1306,-1,1309,1306,1310,-1,1310,1306,1305,-1,1310,1305,1311,-1,1311,1305,1304,-1,1311,1304,1312,-1,1312,1304,1303,-1,1312,1303,1313,-1,1313,1303,1302,-1,1313,1302,1314,-1,1314,1302,1301,-1,1314,1301,1315,-1,1315,1301,1300,-1,1315,1300,1316,-1,1316,1300,1299,-1,1316,1299,1317,-1,1317,1299,1298,-1,1317,1298,1318,-1,1318,1298,1297,-1,1318,1297,1319,-1,1319,1297,1296,-1,1319,1296,1011,-1,1011,1296,1006,-1,907,910,1072,-1,1072,910,1073,-1,1072,1073,1320,-1,1320,1073,1308,-1,1320,1308,1321,-1,1321,1308,1309,-1,1321,1309,1322,-1,1322,1309,1310,-1,1322,1310,1323,-1,1323,1310,1311,-1,1323,1311,1324,-1,1324,1311,1312,-1,1324,1312,1325,-1,1325,1312,1313,-1,1325,1313,1326,-1,1326,1313,1314,-1,1326,1314,1327,-1,1327,1314,1315,-1,1327,1315,1328,-1,1328,1315,1316,-1,1328,1316,1329,-1,1329,1316,1317,-1,1329,1317,1330,-1,1330,1317,1318,-1,1330,1318,1331,-1,1331,1318,1319,-1,1331,1319,1010,-1,1010,1319,1011,-1,906,908,1332,-1,1332,908,1072,-1,1332,1072,1333,-1,1333,1072,1320,-1,1333,1320,1334,-1,1334,1320,1321,-1,1334,1321,1335,-1,1335,1321,1322,-1,1335,1322,1336,-1,1336,1322,1323,-1,1336,1323,1337,-1,1337,1323,1324,-1,1337,1324,1338,-1,1338,1324,1325,-1,1338,1325,1339,-1,1339,1325,1326,-1,1339,1326,1340,-1,1340,1326,1327,-1,1340,1327,1341,-1,1341,1327,1328,-1,1341,1328,1342,-1,1342,1328,1329,-1,1342,1329,1343,-1,1343,1329,1330,-1,1343,1330,1344,-1,1344,1330,1331,-1,1344,1331,1009,-1,1009,1331,1010,-1,1009,1014,1344,-1,1344,1014,1345,-1,1344,1345,1343,-1,1343,1345,1346,-1,1343,1346,1342,-1,1342,1346,1347,-1,1342,1347,1341,-1,1341,1347,1348,-1,1341,1348,1340,-1,1340,1348,1349,-1,1340,1349,1339,-1,1339,1349,1350,-1,1339,1350,1338,-1,1338,1350,1351,-1,1338,1351,1337,-1,1337,1351,1352,-1,1337,1352,1336,-1,1336,1352,1353,-1,1336,1353,1335,-1,1335,1353,1354,-1,1335,1354,1334,-1,1334,1354,1355,-1,1334,1355,1333,-1,1333,1355,1356,-1,1333,1356,1332,-1,1332,1356,1071,-1,1332,1071,906,-1,906,1071,905,-1,903,904,1070,-1,1070,904,1071,-1,1070,1071,1357,-1,1357,1071,1356,-1,1357,1356,1358,-1,1358,1356,1355,-1,1358,1355,1359,-1,1359,1355,1354,-1,1359,1354,1360,-1,1360,1354,1353,-1,1360,1353,1361,-1,1361,1353,1352,-1,1361,1352,1362,-1,1362,1352,1351,-1,1362,1351,1363,-1,1363,1351,1350,-1,1363,1350,1364,-1,1364,1350,1349,-1,1364,1349,1365,-1,1365,1349,1348,-1,1365,1348,1366,-1,1366,1348,1347,-1,1366,1347,1367,-1,1367,1347,1346,-1,1367,1346,1368,-1,1368,1346,1345,-1,1368,1345,1013,-1,1013,1345,1014,-1,900,899,1369,-1,1369,899,1070,-1,1369,1070,1370,-1,1370,1070,1357,-1,1370,1357,1371,-1,1371,1357,1358,-1,1371,1358,1372,-1,1372,1358,1359,-1,1372,1359,1373,-1,1373,1359,1360,-1,1373,1360,1374,-1,1374,1360,1361,-1,1374,1361,1375,-1,1375,1361,1362,-1,1375,1362,1376,-1,1376,1362,1363,-1,1376,1363,1377,-1,1377,1363,1364,-1,1377,1364,1378,-1,1378,1364,1365,-1,1378,1365,1379,-1,1379,1365,1366,-1,1379,1366,1380,-1,1380,1366,1367,-1,1380,1367,1381,-1,1381,1367,1368,-1,1381,1368,1012,-1,1012,1368,1013,-1,1012,1017,1381,-1,1381,1017,1382,-1,1381,1382,1380,-1,1380,1382,1383,-1,1380,1383,1379,-1,1379,1383,1384,-1,1379,1384,1378,-1,1378,1384,1385,-1,1378,1385,1377,-1,1377,1385,1386,-1,1377,1386,1376,-1,1376,1386,1387,-1,1376,1387,1375,-1,1375,1387,1388,-1,1375,1388,1374,-1,1374,1388,1389,-1,1374,1389,1373,-1,1373,1389,1390,-1,1373,1390,1372,-1,1372,1390,1391,-1,1372,1391,1371,-1,1371,1391,1392,-1,1371,1392,1370,-1,1370,1392,1393,-1,1370,1393,1369,-1,1369,1393,1069,-1,1369,1069,900,-1,900,1069,901,-1,897,902,1068,-1,1068,902,1069,-1,1068,1069,1394,-1,1394,1069,1393,-1,1394,1393,1395,-1,1395,1393,1392,-1,1395,1392,1396,-1,1396,1392,1391,-1,1396,1391,1397,-1,1397,1391,1390,-1,1397,1390,1398,-1,1398,1390,1389,-1,1398,1389,1399,-1,1399,1389,1388,-1,1399,1388,1400,-1,1400,1388,1387,-1,1400,1387,1401,-1,1401,1387,1386,-1,1401,1386,1402,-1,1402,1386,1385,-1,1402,1385,1403,-1,1403,1385,1384,-1,1403,1384,1404,-1,1404,1384,1383,-1,1404,1383,1405,-1,1405,1383,1382,-1,1405,1382,1016,-1,1016,1382,1017,-1,896,898,1406,-1,1406,898,1068,-1,1406,1068,1407,-1,1407,1068,1394,-1,1407,1394,1408,-1,1408,1394,1395,-1,1408,1395,1409,-1,1409,1395,1396,-1,1409,1396,1410,-1,1410,1396,1397,-1,1410,1397,1411,-1,1411,1397,1398,-1,1411,1398,1412,-1,1412,1398,1399,-1,1412,1399,1413,-1,1413,1399,1400,-1,1413,1400,1414,-1,1414,1400,1401,-1,1414,1401,1415,-1,1415,1401,1402,-1,1415,1402,1416,-1,1416,1402,1403,-1,1416,1403,1417,-1,1417,1403,1404,-1,1417,1404,1418,-1,1418,1404,1405,-1,1418,1405,1015,-1,1015,1405,1016,-1,1015,1020,1418,-1,1418,1020,1419,-1,1418,1419,1417,-1,1417,1419,1420,-1,1417,1420,1416,-1,1416,1420,1421,-1,1416,1421,1415,-1,1415,1421,1422,-1,1415,1422,1414,-1,1414,1422,1423,-1,1414,1423,1413,-1,1413,1423,1424,-1,1413,1424,1412,-1,1412,1424,1425,-1,1412,1425,1411,-1,1411,1425,1426,-1,1411,1426,1410,-1,1410,1426,1427,-1,1410,1427,1409,-1,1409,1427,1428,-1,1409,1428,1408,-1,1408,1428,1429,-1,1408,1429,1407,-1,1407,1429,1430,-1,1407,1430,1406,-1,1406,1430,1067,-1,1406,1067,896,-1,896,1067,895,-1,894,893,1066,-1,1066,893,1067,-1,1066,1067,1431,-1,1431,1067,1430,-1,1431,1430,1432,-1,1432,1430,1429,-1,1432,1429,1433,-1,1433,1429,1428,-1,1433,1428,1434,-1,1434,1428,1427,-1,1434,1427,1435,-1,1435,1427,1426,-1,1435,1426,1436,-1,1436,1426,1425,-1,1436,1425,1437,-1,1437,1425,1424,-1,1437,1424,1438,-1,1438,1424,1423,-1,1438,1423,1439,-1,1439,1423,1422,-1,1439,1422,1440,-1,1440,1422,1421,-1,1440,1421,1441,-1,1441,1421,1420,-1,1441,1420,1442,-1,1442,1420,1419,-1,1442,1419,1019,-1,1019,1419,1020,-1,987,986,1065,-1,1065,986,1066,-1,1065,1066,1443,-1,1443,1066,1431,-1,1443,1431,1444,-1,1444,1431,1432,-1,1444,1432,1445,-1,1445,1432,1433,-1,1445,1433,1446,-1,1446,1433,1434,-1,1446,1434,1447,-1,1447,1434,1435,-1,1447,1435,1448,-1,1448,1435,1436,-1,1448,1436,1449,-1,1449,1436,1437,-1,1449,1437,1450,-1,1450,1437,1438,-1,1450,1438,1451,-1,1451,1438,1439,-1,1451,1439,1452,-1,1452,1439,1440,-1,1452,1440,1453,-1,1453,1440,1441,-1,1453,1441,1454,-1,1454,1441,1442,-1,1454,1442,1018,-1,1018,1442,1019,-1,985,988,1455,-1,1455,988,1065,-1,1455,1065,1456,-1,1456,1065,1443,-1,1456,1443,1457,-1,1457,1443,1444,-1,1457,1444,1458,-1,1458,1444,1445,-1,1458,1445,1459,-1,1459,1445,1446,-1,1459,1446,1460,-1,1460,1446,1447,-1,1460,1447,1461,-1,1461,1447,1448,-1,1461,1448,1462,-1,1462,1448,1449,-1,1462,1449,1463,-1,1463,1449,1450,-1,1463,1450,1464,-1,1464,1450,1451,-1,1464,1451,1465,-1,1465,1451,1452,-1,1465,1452,1466,-1,1466,1452,1453,-1,1466,1453,1467,-1,1467,1453,1454,-1,1467,1454,1023,-1,1023,1454,1018,-1,1023,1022,1467,-1,1467,1022,1468,-1,1467,1468,1466,-1,1466,1468,1469,-1,1466,1469,1465,-1,1465,1469,1470,-1,1465,1470,1464,-1,1464,1470,1471,-1,1464,1471,1463,-1,1463,1471,1472,-1,1463,1472,1462,-1,1462,1472,1473,-1,1462,1473,1461,-1,1461,1473,1474,-1,1461,1474,1460,-1,1460,1474,1475,-1,1460,1475,1459,-1,1459,1475,1476,-1,1459,1476,1458,-1,1458,1476,1477,-1,1458,1477,1457,-1,1457,1477,1478,-1,1457,1478,1456,-1,1456,1478,1479,-1,1456,1479,1455,-1,1455,1479,1064,-1,1455,1064,985,-1,985,1064,984,-1,982,983,1063,-1,1063,983,1064,-1,1063,1064,1480,-1,1480,1064,1479,-1,1480,1479,1481,-1,1481,1479,1478,-1,1481,1478,1482,-1,1482,1478,1477,-1,1482,1477,1483,-1,1483,1477,1476,-1,1483,1476,1484,-1,1484,1476,1475,-1,1484,1475,1485,-1,1485,1475,1474,-1,1485,1474,1486,-1,1486,1474,1473,-1,1486,1473,1487,-1,1487,1473,1472,-1,1487,1472,1488,-1,1488,1472,1471,-1,1488,1471,1489,-1,1489,1471,1470,-1,1489,1470,1490,-1,1490,1470,1469,-1,1490,1469,1491,-1,1491,1469,1468,-1,1491,1468,1021,-1,1021,1468,1022,-1,979,978,1492,-1,1492,978,1063,-1,1492,1063,1493,-1,1493,1063,1480,-1,1493,1480,1494,-1,1494,1480,1481,-1,1494,1481,1495,-1,1495,1481,1482,-1,1495,1482,1496,-1,1496,1482,1483,-1,1496,1483,1497,-1,1497,1483,1484,-1,1497,1484,1498,-1,1498,1484,1485,-1,1498,1485,1499,-1,1499,1485,1486,-1,1499,1486,1500,-1,1500,1486,1487,-1,1500,1487,1501,-1,1501,1487,1488,-1,1501,1488,1502,-1,1502,1488,1489,-1,1502,1489,1503,-1,1503,1489,1490,-1,1503,1490,1504,-1,1504,1490,1491,-1,1504,1491,1026,-1,1026,1491,1021,-1,1026,1025,1504,-1,1504,1025,1505,-1,1504,1505,1503,-1,1503,1505,1506,-1,1503,1506,1502,-1,1502,1506,1507,-1,1502,1507,1501,-1,1501,1507,1508,-1,1501,1508,1500,-1,1500,1508,1509,-1,1500,1509,1499,-1,1499,1509,1510,-1,1499,1510,1498,-1,1498,1510,1511,-1,1498,1511,1497,-1,1497,1511,1512,-1,1497,1512,1496,-1,1496,1512,1513,-1,1496,1513,1495,-1,1495,1513,1514,-1,1495,1514,1494,-1,1494,1514,1515,-1,1494,1515,1493,-1,1493,1515,1516,-1,1493,1516,1492,-1,1492,1516,1062,-1,1492,1062,979,-1,979,1062,980,-1,976,981,1061,-1,1061,981,1062,-1,1061,1062,1517,-1,1517,1062,1516,-1,1517,1516,1518,-1,1518,1516,1515,-1,1518,1515,1519,-1,1519,1515,1514,-1,1519,1514,1520,-1,1520,1514,1513,-1,1520,1513,1521,-1,1521,1513,1512,-1,1521,1512,1522,-1,1522,1512,1511,-1,1522,1511,1523,-1,1523,1511,1510,-1,1523,1510,1524,-1,1524,1510,1509,-1,1524,1509,1525,-1,1525,1509,1508,-1,1525,1508,1526,-1,1526,1508,1507,-1,1526,1507,1527,-1,1527,1507,1506,-1,1527,1506,1528,-1,1528,1506,1505,-1,1528,1505,1024,-1,1024,1505,1025,-1,975,977,1529,-1,1529,977,1061,-1,1529,1061,1530,-1,1530,1061,1517,-1,1530,1517,1531,-1,1531,1517,1518,-1,1531,1518,1532,-1,1532,1518,1519,-1,1532,1519,1533,-1,1533,1519,1520,-1,1533,1520,1534,-1,1534,1520,1521,-1,1534,1521,1535,-1,1535,1521,1522,-1,1535,1522,1536,-1,1536,1522,1523,-1,1536,1523,1537,-1,1537,1523,1524,-1,1537,1524,1538,-1,1538,1524,1525,-1,1538,1525,1539,-1,1539,1525,1526,-1,1539,1526,1540,-1,1540,1526,1527,-1,1540,1527,1541,-1,1541,1527,1528,-1,1541,1528,1029,-1,1029,1528,1024,-1,1029,1028,1541,-1,1541,1028,1542,-1,1541,1542,1540,-1,1540,1542,1543,-1,1540,1543,1539,-1,1539,1543,1544,-1,1539,1544,1538,-1,1538,1544,1545,-1,1538,1545,1537,-1,1537,1545,1546,-1,1537,1546,1536,-1,1536,1546,1547,-1,1536,1547,1535,-1,1535,1547,1548,-1,1535,1548,1534,-1,1534,1548,1549,-1,1534,1549,1533,-1,1533,1549,1550,-1,1533,1550,1532,-1,1532,1550,1551,-1,1532,1551,1531,-1,1531,1551,1552,-1,1531,1552,1530,-1,1530,1552,1553,-1,1530,1553,1529,-1,1529,1553,1060,-1,1529,1060,975,-1,975,1060,974,-1,972,973,1059,-1,1059,973,1060,-1,1059,1060,1554,-1,1554,1060,1553,-1,1554,1553,1555,-1,1555,1553,1552,-1,1555,1552,1556,-1,1556,1552,1551,-1,1556,1551,1557,-1,1557,1551,1550,-1,1557,1550,1558,-1,1558,1550,1549,-1,1558,1549,1559,-1,1559,1549,1548,-1,1559,1548,1560,-1,1560,1548,1547,-1,1560,1547,1561,-1,1561,1547,1546,-1,1561,1546,1562,-1,1562,1546,1545,-1,1562,1545,1563,-1,1563,1545,1544,-1,1563,1544,1564,-1,1564,1544,1543,-1,1564,1543,1565,-1,1565,1543,1542,-1,1565,1542,1027,-1,1027,1542,1028,-1,970,971,1058,-1,1058,971,1059,-1,1058,1059,1566,-1,1566,1059,1554,-1,1566,1554,1567,-1,1567,1554,1555,-1,1567,1555,1568,-1,1568,1555,1556,-1,1568,1556,1569,-1,1569,1556,1557,-1,1569,1557,1570,-1,1570,1557,1558,-1,1570,1558,1571,-1,1571,1558,1559,-1,1571,1559,1572,-1,1572,1559,1560,-1,1572,1560,1573,-1,1573,1560,1561,-1,1573,1561,1574,-1,1574,1561,1562,-1,1574,1562,1575,-1,1575,1562,1563,-1,1575,1563,1576,-1,1576,1563,1564,-1,1576,1564,1577,-1,1577,1564,1565,-1,1577,1565,1032,-1,1032,1565,1027,-1,967,966,1578,-1,1578,966,1058,-1,1578,1058,1579,-1,1579,1058,1566,-1,1579,1566,1580,-1,1580,1566,1567,-1,1580,1567,1581,-1,1581,1567,1568,-1,1581,1568,1582,-1,1582,1568,1569,-1,1582,1569,1583,-1,1583,1569,1570,-1,1583,1570,1584,-1,1584,1570,1571,-1,1584,1571,1585,-1,1585,1571,1572,-1,1585,1572,1586,-1,1586,1572,1573,-1,1586,1573,1587,-1,1587,1573,1574,-1,1587,1574,1588,-1,1588,1574,1575,-1,1588,1575,1589,-1,1589,1575,1576,-1,1589,1576,1590,-1,1590,1576,1577,-1,1590,1577,1031,-1,1031,1577,1032,-1,1031,1030,1590,-1,1590,1030,1591,-1,1590,1591,1589,-1,1589,1591,1592,-1,1589,1592,1588,-1,1588,1592,1593,-1,1588,1593,1587,-1,1587,1593,1594,-1,1587,1594,1586,-1,1586,1594,1595,-1,1586,1595,1585,-1,1585,1595,1596,-1,1585,1596,1584,-1,1584,1596,1597,-1,1584,1597,1583,-1,1583,1597,1598,-1,1583,1598,1582,-1,1582,1598,1599,-1,1582,1599,1581,-1,1581,1599,1600,-1,1581,1600,1580,-1,1580,1600,1601,-1,1580,1601,1579,-1,1579,1601,1602,-1,1579,1602,1578,-1,1578,1602,1057,-1,1578,1057,967,-1,967,1057,968,-1,964,969,1056,-1,1056,969,1057,-1,1056,1057,1603,-1,1603,1057,1602,-1,1603,1602,1604,-1,1604,1602,1601,-1,1604,1601,1605,-1,1605,1601,1600,-1,1605,1600,1606,-1,1606,1600,1599,-1,1606,1599,1607,-1,1607,1599,1598,-1,1607,1598,1608,-1,1608,1598,1597,-1,1608,1597,1609,-1,1609,1597,1596,-1,1609,1596,1610,-1,1610,1596,1595,-1,1610,1595,1611,-1,1611,1595,1594,-1,1611,1594,1612,-1,1612,1594,1593,-1,1612,1593,1613,-1,1613,1593,1592,-1,1613,1592,1614,-1,1614,1592,1591,-1,1614,1591,1035,-1,1035,1591,1030,-1,963,965,1615,-1,1615,965,1056,-1,1615,1056,1616,-1,1616,1056,1603,-1,1616,1603,1617,-1,1617,1603,1604,-1,1617,1604,1618,-1,1618,1604,1605,-1,1618,1605,1619,-1,1619,1605,1606,-1,1619,1606,1620,-1,1620,1606,1607,-1,1620,1607,1621,-1,1621,1607,1608,-1,1621,1608,1622,-1,1622,1608,1609,-1,1622,1609,1623,-1,1623,1609,1610,-1,1623,1610,1624,-1,1624,1610,1611,-1,1624,1611,1625,-1,1625,1611,1612,-1,1625,1612,1626,-1,1626,1612,1613,-1,1626,1613,1627,-1,1627,1613,1614,-1,1627,1614,1034,-1,1034,1614,1035,-1,1034,1033,1627,-1,1627,1033,1628,-1,1627,1628,1626,-1,1626,1628,1629,-1,1626,1629,1625,-1,1625,1629,1630,-1,1625,1630,1624,-1,1624,1630,1631,-1,1624,1631,1623,-1,1623,1631,1632,-1,1623,1632,1622,-1,1622,1632,1633,-1,1622,1633,1621,-1,1621,1633,1634,-1,1621,1634,1620,-1,1620,1634,1635,-1,1620,1635,1619,-1,1619,1635,1636,-1,1619,1636,1618,-1,1618,1636,1637,-1,1618,1637,1617,-1,1617,1637,1638,-1,1617,1638,1616,-1,1616,1638,1639,-1,1616,1639,1615,-1,1615,1639,1055,-1,1615,1055,963,-1,963,1055,962,-1,960,961,1054,-1,1054,961,1055,-1,1054,1055,1640,-1,1640,1055,1639,-1,1640,1639,1641,-1,1641,1639,1638,-1,1641,1638,1642,-1,1642,1638,1637,-1,1642,1637,1643,-1,1643,1637,1636,-1,1643,1636,1644,-1,1644,1636,1635,-1,1644,1635,1645,-1,1645,1635,1634,-1,1645,1634,1646,-1,1646,1634,1633,-1,1646,1633,1647,-1,1647,1633,1632,-1,1647,1632,1648,-1,1648,1632,1631,-1,1648,1631,1649,-1,1649,1631,1630,-1,1649,1630,1650,-1,1650,1630,1629,-1,1650,1629,1651,-1,1651,1629,1628,-1,1651,1628,1038,-1,1038,1628,1033,-1,957,956,1652,-1,1652,956,1054,-1,1652,1054,1653,-1,1653,1054,1640,-1,1653,1640,1654,-1,1654,1640,1641,-1,1654,1641,1655,-1,1655,1641,1642,-1,1655,1642,1656,-1,1656,1642,1643,-1,1656,1643,1657,-1,1657,1643,1644,-1,1657,1644,1658,-1,1658,1644,1645,-1,1658,1645,1659,-1,1659,1645,1646,-1,1659,1646,1660,-1,1660,1646,1647,-1,1660,1647,1661,-1,1661,1647,1648,-1,1661,1648,1662,-1,1662,1648,1649,-1,1662,1649,1663,-1,1663,1649,1650,-1,1663,1650,1664,-1,1664,1650,1651,-1,1664,1651,1037,-1,1037,1651,1038,-1,1037,1036,1664,-1,1664,1036,1665,-1,1664,1665,1663,-1,1663,1665,1666,-1,1663,1666,1662,-1,1662,1666,1667,-1,1662,1667,1661,-1,1661,1667,1668,-1,1661,1668,1660,-1,1660,1668,1669,-1,1660,1669,1659,-1,1659,1669,1670,-1,1659,1670,1658,-1,1658,1670,1671,-1,1658,1671,1657,-1,1657,1671,1672,-1,1657,1672,1656,-1,1656,1672,1673,-1,1656,1673,1655,-1,1655,1673,1674,-1,1655,1674,1654,-1,1654,1674,1675,-1,1654,1675,1653,-1,1653,1675,1676,-1,1653,1676,1652,-1,1652,1676,1053,-1,1652,1053,957,-1,957,1053,958,-1,954,959,1052,-1,1052,959,1053,-1,1052,1053,1677,-1,1677,1053,1676,-1,1677,1676,1678,-1,1678,1676,1675,-1,1678,1675,1679,-1,1679,1675,1674,-1,1679,1674,1680,-1,1680,1674,1673,-1,1680,1673,1681,-1,1681,1673,1672,-1,1681,1672,1682,-1,1682,1672,1671,-1,1682,1671,1683,-1,1683,1671,1670,-1,1683,1670,1684,-1,1684,1670,1669,-1,1684,1669,1685,-1,1685,1669,1668,-1,1685,1668,1686,-1,1686,1668,1667,-1,1686,1667,1687,-1,1687,1667,1666,-1,1687,1666,1688,-1,1688,1666,1665,-1,1688,1665,1041,-1,1041,1665,1036,-1,952,955,1051,-1,1051,955,1052,-1,1051,1052,1689,-1,1689,1052,1677,-1,1689,1677,1690,-1,1690,1677,1678,-1,1690,1678,1691,-1,1691,1678,1679,-1,1691,1679,1692,-1,1692,1679,1680,-1,1692,1680,1693,-1,1693,1680,1681,-1,1693,1681,1694,-1,1694,1681,1682,-1,1694,1682,1695,-1,1695,1682,1683,-1,1695,1683,1696,-1,1696,1683,1684,-1,1696,1684,1697,-1,1697,1684,1685,-1,1697,1685,1698,-1,1698,1685,1686,-1,1698,1686,1699,-1,1699,1686,1687,-1,1699,1687,1700,-1,1700,1687,1688,-1,1700,1688,1040,-1,1040,1688,1041,-1,951,953,1701,-1,1701,953,1051,-1,1701,1051,1702,-1,1702,1051,1689,-1,1702,1689,1703,-1,1703,1689,1690,-1,1703,1690,1704,-1,1704,1690,1691,-1,1704,1691,1705,-1,1705,1691,1692,-1,1705,1692,1706,-1,1706,1692,1693,-1,1706,1693,1707,-1,1707,1693,1694,-1,1707,1694,1708,-1,1708,1694,1695,-1,1708,1695,1709,-1,1709,1695,1696,-1,1709,1696,1710,-1,1710,1696,1697,-1,1710,1697,1711,-1,1711,1697,1698,-1,1711,1698,1712,-1,1712,1698,1699,-1,1712,1699,1713,-1,1713,1699,1700,-1,1713,1700,1039,-1,1039,1700,1040,-1,1039,1044,1713,-1,1713,1044,1714,-1,1713,1714,1712,-1,1712,1714,1715,-1,1712,1715,1711,-1,1711,1715,1716,-1,1711,1716,1710,-1,1710,1716,1717,-1,1710,1717,1709,-1,1709,1717,1718,-1,1709,1718,1708,-1,1708,1718,1719,-1,1708,1719,1707,-1,1707,1719,1720,-1,1707,1720,1706,-1,1706,1720,1721,-1,1706,1721,1705,-1,1705,1721,1722,-1,1705,1722,1704,-1,1704,1722,1723,-1,1704,1723,1703,-1,1703,1723,1724,-1,1703,1724,1702,-1,1702,1724,1725,-1,1702,1725,1701,-1,1701,1725,1050,-1,1701,1050,951,-1,951,1050,950,-1,948,949,1049,-1,1049,949,1050,-1,1049,1050,1726,-1,1726,1050,1725,-1,1726,1725,1727,-1,1727,1725,1724,-1,1727,1724,1728,-1,1728,1724,1723,-1,1728,1723,1729,-1,1729,1723,1722,-1,1729,1722,1730,-1,1730,1722,1721,-1,1730,1721,1731,-1,1731,1721,1720,-1,1731,1720,1732,-1,1732,1720,1719,-1,1732,1719,1733,-1,1733,1719,1718,-1,1733,1718,1734,-1,1734,1718,1717,-1,1734,1717,1735,-1,1735,1717,1716,-1,1735,1716,1736,-1,1736,1716,1715,-1,1736,1715,1737,-1,1737,1715,1714,-1,1737,1714,1043,-1,1043,1714,1044,-1,945,944,1738,-1,1738,944,1049,-1,1738,1049,1739,-1,1739,1049,1726,-1,1739,1726,1740,-1,1740,1726,1727,-1,1740,1727,1741,-1,1741,1727,1728,-1,1741,1728,1742,-1,1742,1728,1729,-1,1742,1729,1743,-1,1743,1729,1730,-1,1743,1730,1744,-1,1744,1730,1731,-1,1744,1731,1745,-1,1745,1731,1732,-1,1745,1732,1746,-1,1746,1732,1733,-1,1746,1733,1747,-1,1747,1733,1734,-1,1747,1734,1748,-1,1748,1734,1735,-1,1748,1735,1749,-1,1749,1735,1736,-1,1749,1736,1750,-1,1750,1736,1737,-1,1750,1737,1042,-1,1042,1737,1043,-1,1042,1046,1750,-1,1750,1046,1751,-1,1750,1751,1749,-1,1749,1751,1752,-1,1749,1752,1748,-1,1748,1752,1753,-1,1748,1753,1747,-1,1747,1753,1754,-1,1747,1754,1746,-1,1746,1754,1755,-1,1746,1755,1745,-1,1745,1755,1756,-1,1745,1756,1744,-1,1744,1756,1757,-1,1744,1757,1743,-1,1743,1757,1758,-1,1743,1758,1742,-1,1742,1758,1759,-1,1742,1759,1741,-1,1741,1759,1760,-1,1741,1760,1740,-1,1740,1760,1761,-1,1740,1761,1739,-1,1739,1761,1762,-1,1739,1762,1738,-1,1738,1762,1048,-1,1738,1048,945,-1,945,1048,946,-1,942,947,1047,-1,1047,947,1048,-1,1047,1048,1763,-1,1763,1048,1762,-1,1763,1762,1764,-1,1764,1762,1761,-1,1764,1761,1765,-1,1765,1761,1760,-1,1765,1760,1766,-1,1766,1760,1759,-1,1766,1759,1767,-1,1767,1759,1758,-1,1767,1758,1768,-1,1768,1758,1757,-1,1768,1757,1769,-1,1769,1757,1756,-1,1769,1756,1770,-1,1770,1756,1755,-1,1770,1755,1771,-1,1771,1755,1754,-1,1771,1754,1772,-1,1772,1754,1753,-1,1772,1753,1773,-1,1773,1753,1752,-1,1773,1752,1774,-1,1774,1752,1751,-1,1774,1751,1045,-1,1045,1751,1046,-1,940,943,1775,-1,1775,943,1047,-1,1775,1047,1776,-1,1776,1047,1763,-1,1776,1763,1777,-1,1777,1763,1764,-1,1777,1764,1778,-1,1778,1764,1765,-1,1778,1765,1779,-1,1779,1765,1766,-1,1779,1766,1780,-1,1780,1766,1767,-1,1780,1767,1781,-1,1781,1767,1768,-1,1781,1768,1782,-1,1782,1768,1769,-1,1782,1769,1783,-1,1783,1769,1770,-1,1783,1770,1784,-1,1784,1770,1771,-1,1784,1771,1785,-1,1785,1771,1772,-1,1785,1772,1786,-1,1786,1772,1773,-1,1786,1773,1787,-1,1787,1773,1774,-1,1787,1774,993,-1,993,1774,1045,-1,993,992,1787,-1,1787,992,1086,-1,1787,1086,1786,-1,1786,1086,1088,-1,1786,1088,1785,-1,1785,1088,1090,-1,1785,1090,1784,-1,1784,1090,1092,-1,1784,1092,1783,-1,1783,1092,1094,-1,1783,1094,1782,-1,1782,1094,1096,-1,1782,1096,1781,-1,1781,1096,1098,-1,1781,1098,1780,-1,1780,1098,1100,-1,1780,1100,1779,-1,1779,1100,1102,-1,1779,1102,1778,-1,1778,1102,1104,-1,1778,1104,1777,-1,1777,1104,1106,-1,1777,1106,1776,-1,1776,1106,1108,-1,1776,1108,1775,-1,1775,1108,1110,-1,1775,1110,940,-1,940,1110,941,-1,818,817,821,-1,821,817,1788,-1,821,1788,1789,-1,1790,1791,821,-1,765,764,1792,-1,1792,764,821,-1,1792,821,1793,-1,1793,821,1791,-1,1789,1794,821,-1,821,1794,1795,-1,821,1795,1796,-1,1797,1798,821,-1,821,1798,1799,-1,821,1799,1790,-1,1796,1800,821,-1,821,1800,1801,-1,821,1801,1802,-1,1802,1803,821,-1,821,1803,1804,-1,821,1804,1797,-1,
        ]
    }
}
Shape{
    appearance Appearance {
        material  Material 	{
            diffuseColor 0.6666666666666666 0.6980392156862745 0.7686274509803922
            specularColor 0.3333333333333333 0.34901960784313724 0.3843137254901961
            ambientIntensity 0.6967
            transparency 0.0
            shininess 0.5
        }
    }
    geometry IndexedFaceSet {
        ccw TRUE
        solid FALSE
        coord DEF co Coordinate {
            point [
                0.6496 0.0964 -1.3779, 0.6496 -0.1004 -1.3779, 0.6496 0.0964 -0.7267, 0.6496 -0.1004 -0.7267, 0.6299 0.0964 -0.7267, 0.6299 0.0964 -0.333, 0.8465 0.0964 -0.333, 0.8661 0.0964 -0.333, 0.8661 0.0964 -0.7267, 0.8465 0.0964 -0.7267, 0.8465 0.0964 -1.3779, 0.7415 0.0964 -0.1968, 0.8465 0.0964 -0.0927, 0.6496 0.0964 -0.333, 0.6496 0.0964 -0.1968, 0.8465 -0.1004 -1.3779, 0.8465 -0.1004 -0.7267, 0.8465 -0.1004 -0.0927, 0.7415 -0.1004 -0.1968, 0.8465 -0.1004 -0.333, 0.8661 -0.1004 -0.333, 0.8661 -0.1004 -0.7267, 0.6299 -0.1004 -0.7267, 0.6299 -0.1004 -0.333, 0.6496 -0.1004 -0.333, 0.6496 -0.1004 -0.1968, 0.3478 -0.1004 -0.7267, 0.3478 -0.1004 -1.6142, 0.3478 0.0964 -0.7267, 0.3478 0.0964 -1.6142, 0.1509 0.0964 -1.6142, 0.1509 -0.1004 -1.6142, 0.1509 0.0964 -0.7267, 0.1509 -0.1004 -0.7267, 0.1312 0.0964 -0.7267, 0.1312 0.0964 -0.333, 0.1509 0.0964 -0.333, 0.1509 0.0964 -0.1968, 0.3478 0.0964 -0.1968, 0.3478 0.0964 -0.333, 0.3675 0.0964 -0.333, 0.3675 0.0964 -0.7267, 0.3675 -0.1004 -0.7267, 0.3675 -0.1004 -0.333, 0.3478 -0.1004 -0.333, 0.3478 -0.1004 -0.1968, 0.1509 -0.1004 -0.1968, 0.1509 -0.1004 -0.333, 0.1312 -0.1004 -0.333, 0.1312 -0.1004 -0.7267, -0.1509 -0.1004 -0.7267, -0.1509 -0.1004 -1.9685, -0.1509 0.0964 -0.7267, -0.1509 0.0964 -1.9685, -0.3478 0.0964 -1.9685, -0.3478 -0.1004 -1.9685, -0.3478 0.0964 -0.7267, -0.3478 -0.1004 -0.7267, -0.1312 0.0964 -0.333, -0.1312 0.0964 -0.7267, -0.1509 0.0964 -0.333, -0.3478 0.0964 -0.1968, -0.1509 0.0964 -0.1968, -0.3478 0.0964 -0.333, -0.3674 0.0964 -0.7267, -0.3674 0.0964 -0.333, -0.1312 -0.1004 -0.7267, -0.1312 -0.1004 -0.333, -0.1509 -0.1004 -0.333, -0.1509 -0.1004 -0.1968, -0.3478 -0.1004 -0.1968, -0.3478 -0.1004 -0.333, -0.3674 -0.1004 -0.333, -0.3674 -0.1004 -0.7267, -0.6496 -0.1004 -0.7267, -0.6496 -0.1004 -1.6142, -0.6496 0.0964 -0.7267, -0.6496 0.0964 -1.6142, -0.6299 0.0964 -0.333, -0.6299 0.0964 -0.7267, -0.6496 0.0964 -0.333, -0.6496 0.0964 -0.1968, -0.7415 0.0964 -0.1968, -0.8465 0.0964 -0.333, -0.8465 0.0964 -0.0927, -0.8465 0.0964 -1.6142, -0.8465 0.0964 -0.7267, -0.8661 0.0964 -0.7267, -0.8661 0.0964 -0.333, -0.6299 -0.1004 -0.7267, -0.6299 -0.1004 -0.333, -0.8465 -0.1004 -0.333, -0.8661 -0.1004 -0.333, -0.8661 -0.1004 -0.7267, -0.8465 -0.1004 -0.7267, -0.8465 -0.1004 -1.6142, -0.7415 -0.1004 -0.1968, -0.8465 -0.1004 -0.0927, -0.6496 -0.1004 -0.333, -0.6496 -0.1004 -0.1968
            ]
        }
        coordIndex [
            0,1,2,-1,2,1,3,-1,2,4,5,-1,6,7,8,-1,9,10,0,-1,11,12,6,-1,0,2,9,-1,9,2,5,-1,9,5,8,-1,8,5,13,-1,8,13,6,-1,6,13,14,-1,6,14,11,-1,1,15,3,-1,3,15,16,-1,17,18,19,-1,19,18,16,-1,19,16,20,-1,20,16,21,-1,22,3,23,-1,23,3,16,-1,23,16,24,-1,24,16,18,-1,24,18,25,-1,16,15,9,-1,9,15,10,-1,0,10,1,-1,1,10,15,-1,20,21,7,-1,7,21,8,-1,8,21,9,-1,9,21,16,-1,20,7,19,-1,19,7,6,-1,13,5,24,-1,24,5,23,-1,22,23,4,-1,4,23,5,-1,3,22,2,-1,2,22,4,-1,26,27,28,-1,28,27,29,-1,30,31,32,-1,32,31,33,-1,29,30,28,-1,28,30,32,-1,34,35,32,-1,32,35,36,-1,37,38,36,-1,36,38,39,-1,36,39,32,-1,32,39,40,-1,32,40,28,-1,28,40,41,-1,31,27,33,-1,33,27,26,-1,42,43,26,-1,26,43,44,-1,45,46,44,-1,44,46,47,-1,44,47,26,-1,26,47,48,-1,26,48,33,-1,33,48,49,-1,30,29,31,-1,31,29,27,-1,50,51,52,-1,52,51,53,-1,54,55,56,-1,56,55,57,-1,58,59,52,-1,53,54,52,-1,52,54,56,-1,52,56,58,-1,58,56,60,-1,61,62,63,-1,63,62,60,-1,60,56,63,-1,63,56,64,-1,63,64,65,-1,55,51,57,-1,57,51,50,-1,66,67,50,-1,50,67,68,-1,69,70,68,-1,68,70,71,-1,68,71,50,-1,50,71,72,-1,50,72,57,-1,57,72,73,-1,54,53,55,-1,55,53,51,-1,74,75,76,-1,76,75,77,-1,78,79,80,-1,80,79,76,-1,81,80,82,-1,82,80,83,-1,82,83,84,-1,77,85,76,-1,76,85,86,-1,76,86,80,-1,80,86,87,-1,80,87,83,-1,83,87,88,-1,74,89,90,-1,91,92,93,-1,94,95,75,-1,96,97,91,-1,75,74,94,-1,94,74,90,-1,94,90,93,-1,93,90,98,-1,93,98,91,-1,91,98,99,-1,91,99,96,-1,85,77,95,-1,95,77,75,-1,85,95,86,-1,86,95,94,-1,49,48,34,-1,34,48,35,-1,33,49,32,-1,32,49,34,-1,36,35,47,-1,47,35,48,-1,43,40,44,-1,44,40,39,-1,41,42,28,-1,28,42,26,-1,43,42,40,-1,40,42,41,-1,73,72,64,-1,64,72,65,-1,57,73,56,-1,56,73,64,-1,63,65,71,-1,71,65,72,-1,67,58,68,-1,68,58,60,-1,59,66,52,-1,52,66,50,-1,67,66,58,-1,58,66,59,-1,93,92,87,-1,87,92,88,-1,94,93,86,-1,86,93,87,-1,83,88,91,-1,91,88,92,-1,90,78,98,-1,98,78,80,-1,79,89,76,-1,76,89,74,-1,90,89,78,-1,78,89,79,-1,
        ]
    }
}
Shape{
    appearance Appearance {
        material  Material 	{
            diffuseColor 0.0 0.0 0.0
            specularColor 0.0 0.0 0.0
            ambientIntensity 0.0
            transparency 0.0
            shininess 0.5
        }
    }
    geometry IndexedFaceSet {
        ccw TRUE
        solid FALSE
        coord DEF co Coordinate {
            point [
                -0.0262 1.1394 0.6622, -0.0263 1.1434 0.6622, -0.0262 1.1394 0.5439, -0.0263 1.1434 0.5439, -0.009 1.1397 0.6622, -0.009 1.1436 0.6622, -0.009 1.1397 0.5287, -0.009 1.1436 0.5287, -0.0793 1.137 0.5287, -0.0796 1.1409 0.5287, -0.0793 1.137 0.5439, -0.0796 1.1409 0.5439, -0.1499 1.1298 0.5418, -0.1504 1.1337 0.5418, -0.1542 1.1293 0.542, -0.1534 1.1333 0.5419, -0.1622 1.1281 0.5434, -0.1628 1.132 0.5434, -0.1701 1.127 0.5447, -0.1706 1.1309 0.5447, -0.1735 1.1264 0.5462, -0.1741 1.1303 0.5462, -0.1839 1.1248 0.5508, -0.1846 1.1287 0.5508, -0.1158 1.1338 0.5559, -0.1162 1.1377 0.5559, -0.1185 1.1335 0.5533, -0.1189 1.1375 0.5533, -0.119 1.1335 0.5529, -0.1199 1.1374 0.5524, -0.1249 1.1329 0.5487, -0.1253 1.1368 0.5487, -0.1276 1.1326 0.5468, -0.1277 1.1365 0.5471, -0.1312 1.1322 0.5455, -0.1316 1.1361 0.5455, -0.1366 1.1315 0.5434, -0.137 1.1354 0.5435, -0.1382 1.1313 0.5432, -0.1387 1.1352 0.5433, -0.1028 1.1351 0.594, -0.1031 1.139 0.594, -0.1044 1.1349 0.58, -0.1047 1.1389 0.5801, -0.1047 1.1349 0.577, -0.1051 1.1388 0.5768, -0.1065 1.1347 0.5721, -0.1069 1.1387 0.5721, -0.1087 1.1345 0.5662, -0.1091 1.1384 0.5661, -0.1104 1.1344 0.5637, -0.1108 1.1383 0.5637, -0.1106 1.1343 0.5634, -0.1097 1.1384 0.6235, -0.1106 1.1343 0.6253, -0.1114 1.1382 0.626, -0.1111 1.1343 0.626, -0.1171 1.1376 0.6341, -0.1156 1.1338 0.6328, -0.1167 1.1337 0.6341, -0.1049 1.1388 0.6095, -0.1045 1.1349 0.6095, -0.1051 1.1388 0.6114, -0.1047 1.1349 0.6112, -0.1076 1.1386 0.6181, -0.1072 1.1347 0.6182, -0.1088 1.1345 0.6226, -0.1528 1.1294 0.6489, -0.1534 1.1333 0.6489, -0.1473 1.1302 0.6486, -0.1503 1.1337 0.6488, -0.1479 1.1341 0.6484, -0.1251 1.1368 0.6405, -0.1247 1.1329 0.6405, -0.1274 1.1366 0.6422, -0.127 1.1326 0.6423, -0.1318 1.136 0.6442, -0.1313 1.1321 0.6443, -0.1369 1.1354 0.6465, -0.1363 1.1316 0.6465, -0.1393 1.1351 0.6469, -0.1388 1.1312 0.647, -0.1473 1.1302 0.6486, -0.1839 1.1248 0.641, -0.1846 1.1287 0.641, -0.1769 1.1259 0.6437, -0.1776 1.1298 0.6438, -0.1691 1.1271 0.6468, -0.1709 1.1308 0.6465, -0.1661 1.1275 0.6472, -0.1667 1.1314 0.6471, -0.1839 1.1248 0.659, -0.1846 1.1287 0.659, -0.1527 1.1295 0.6644, -0.1532 1.1334 0.6644, -0.1566 1.1289 0.6641, -0.1572 1.1328 0.6641, -0.1698 1.127 0.663, -0.1696 1.131 0.6631, -0.1731 1.1265 0.6621, -0.1737 1.1304 0.662, -0.1085 1.1385 0.6485, -0.1081 1.1346 0.6485, -0.1077 1.1346 0.6483, -0.1075 1.1386 0.6477, -0.104 1.135 0.6448, -0.1043 1.1389 0.6448, -0.1385 1.1352 0.6627, -0.138 1.1313 0.6627, -0.1345 1.1357 0.6622, -0.1342 1.1318 0.6623, -0.1277 1.1365 0.6596, -0.1272 1.1326 0.6597, -0.1208 1.1373 0.657, -0.1207 1.1333 0.6572, -0.1181 1.1375 0.6552, -0.1177 1.1336 0.6552, -0.1106 1.1343 0.6503, -0.0847 1.1366 0.5929, -0.085 1.1405 0.5929, -0.0848 1.1366 0.5951, -0.0851 1.1405 0.5956, -0.0849 1.1366 0.5955, -0.0851 1.1405 0.596, -0.0872 1.1364 0.6123, -0.0875 1.1403 0.6123, -0.0877 1.1363 0.6162, -0.0881 1.1403 0.6168, -0.0905 1.1361 0.623, -0.0907 1.14 0.623, -0.0937 1.1359 0.631, -0.0941 1.1398 0.631, -0.0962 1.1356 0.6343, -0.0965 1.1396 0.6343, -0.0871 1.1403 0.5748, -0.0868 1.1364 0.5748, -0.0874 1.1403 0.5724, -0.087 1.1364 0.5726, -0.0904 1.1401 0.5643, -0.0901 1.1362 0.5642, -0.0929 1.1399 0.5577, -0.092 1.136 0.5588, -0.0951 1.1397 0.5547, -0.0948 1.1358 0.5547, -0.1022 1.1391 0.5447, -0.1003 1.1353 0.5464, -0.1018 1.1352 0.5447, -0.1474 1.1302 0.5265, -0.1479 1.1341 0.5265, -0.1435 1.1307 0.5266, -0.1428 1.1347 0.5267, -0.1391 1.1312 0.5273, -0.1396 1.1351 0.5272, -0.1284 1.1325 0.529, -0.1289 1.1364 0.5292, -0.1266 1.1327 0.5293, -0.126 1.1367 0.5297, -0.1192 1.1335 0.5326, -0.1196 1.1374 0.5326, -0.1137 1.134 0.535, -0.114 1.138 0.5351, -0.111 1.1343 0.5373, -0.1114 1.1382 0.5373, -0.1106 1.1343 0.5376, -0.1824 1.1251 0.5335, -0.1839 1.1248 0.5343, -0.1846 1.1287 0.5343, -0.1772 1.1259 0.5318, -0.1778 1.1298 0.5317, -0.1674 1.1274 0.5285, -0.1718 1.1307 0.5294, -0.1658 1.1315 0.5287, -0.1653 1.1277 0.5283, -0.2272 1.1169 0.5888, -0.2279 1.1207 0.5888, -0.2272 1.1169 0.5439, -0.2279 1.1207 0.5439, -0.2737 1.1064 0.5888, -0.2747 1.1102 0.5888, -0.2737 1.1064 0.6041, -0.2747 1.1102 0.6041, -0.2272 1.1169 0.6041, -0.2279 1.1207 0.6041, -0.2272 1.1169 0.6468, -0.2279 1.1207 0.6468, -0.2783 1.1093 0.6468, -0.2763 1.1058 0.6468, -0.2774 1.1055 0.6468, -0.2774 1.1055 0.6622, -0.2783 1.1093 0.6622, -0.2102 1.1202 0.6622, -0.211 1.1241 0.6622, -0.2763 1.1058 0.6622, -0.2102 1.1202 0.5287, -0.211 1.1241 0.5287, -0.2813 1.1086 0.5287, -0.2763 1.1058 0.5287, -0.2803 1.1048 0.5287, -0.2803 1.1048 0.5439, -0.2813 1.1086 0.5439, -0.2763 1.1058 0.5439, -0.3424 1.0913 0.6622, -0.3412 1.0875 0.6622, -0.3057 1.1021 0.6622, -0.3047 1.0983 0.6622, -0.355 1.0831 0.6606, -0.3563 1.0868 0.6606, -0.3596 1.0816 0.6601, -0.3608 1.0854 0.6601, -0.3674 1.0789 0.6571, -0.3687 1.0827 0.6571, -0.3754 1.0763 0.6542, -0.3766 1.08 0.6542, -0.3787 1.0751 0.6518, -0.38 1.0788 0.6518, -0.389 1.0714 0.6445, -0.3903 1.0751 0.6445, -0.394 1.0696 0.6391, -0.3957 1.0732 0.6388, -0.3944 1.0694 0.6385, -0.3958 1.0731 0.6386, -0.4 1.0674 0.6299, -0.4013 1.071 0.6299, -0.4017 1.0667 0.6273, -0.403 1.0704 0.6273, -0.4037 1.066 0.6213, -0.4051 1.0696 0.6213, -0.406 1.0651 0.6149, -0.4073 1.0688 0.615, -0.4063 1.065 0.6113, -0.4077 1.0686 0.6113, -0.4079 1.0644 0.5972, -0.4093 1.0681 0.5972, -0.4075 1.0645 0.5896, -0.409 1.0681 0.591, -0.4073 1.0646 0.588, -0.4085 1.0683 0.588, -0.4053 1.0654 0.5764, -0.4065 1.0691 0.5765, -0.4049 1.0655 0.5745, -0.4059 1.0693 0.5733, -0.4015 1.0668 0.5663, -0.4029 1.0705 0.5663, -0.399 1.0677 0.5604, -0.4003 1.0714 0.5603, -0.3967 1.0686 0.5574, -0.398 1.0723 0.5574, -0.389 1.0714 0.5474, -0.3903 1.0751 0.5474, -0.3411 1.0917 0.5287, -0.3399 1.0879 0.5287, -0.3591 1.0859 0.5311, -0.3579 1.0822 0.5309, -0.3634 1.0845 0.5317, -0.3602 1.0814 0.5312, -0.37 1.0822 0.5345, -0.3688 1.0785 0.5345, -0.3782 1.0794 0.5381, -0.3744 1.0766 0.5367, -0.3801 1.0788 0.5395, -0.3787 1.0751 0.5397, -0.3874 1.072 0.5459, -0.3057 1.1021 0.5287, -0.3047 1.0983 0.5287, -0.3771 1.0798 0.5563, -0.377 1.0799 0.5562, -0.3701 1.0822 0.5513, -0.3679 1.083 0.5498, -0.3629 1.0847 0.5479, -0.3577 1.0864 0.5459, -0.3546 1.0874 0.5455, -0.341 1.0917 0.5439, -0.3224 1.0974 0.5439, -0.3224 1.0974 0.6468, -0.3417 1.0915 0.6468, -0.3519 1.0882 0.6458, -0.3569 1.0867 0.6452, -0.3619 1.085 0.6435, -0.3679 1.083 0.6414, -0.3704 1.0821 0.6396, -0.3784 1.0793 0.6343, -0.3822 1.078 0.6302, -0.3823 1.078 0.63, -0.3862 1.0766 0.6239, -0.3873 1.0762 0.6221, -0.389 1.0756 0.6173, -0.3905 1.075 0.6127, -0.3909 1.0749 0.6096, -0.3922 1.0744 0.5967, -0.3921 1.0744 0.5929, -0.3921 1.0745 0.5926, -0.3903 1.0751 0.5803, -0.3898 1.0753 0.5776, -0.3879 1.076 0.5729, -0.3857 1.0768 0.5673, -0.384 1.0774 0.565, -0.3788 1.0792 0.5579, -0.3398 1.088 0.5439, -0.3213 1.0936 0.5439, -0.3689 1.0785 0.5513, -0.3757 1.0761 0.5564, -0.3767 1.0758 0.5571, -0.3775 1.0755 0.5579, -0.3533 1.0836 0.5455, -0.3565 1.0826 0.5459, -0.3616 1.0809 0.5479, -0.3676 1.0789 0.5503, -0.3909 1.0707 0.5967, -0.3908 1.0708 0.5927, -0.3908 1.0708 0.5926, -0.3889 1.0714 0.5803, -0.3885 1.0716 0.5774, -0.3866 1.0723 0.5729, -0.3843 1.0731 0.5673, -0.3827 1.0737 0.565, -0.3771 1.0756 0.6343, -0.3806 1.0744 0.6305, -0.3809 1.0743 0.6302, -0.3848 1.0729 0.6239, -0.3895 1.0712 0.6096, -0.3892 1.0713 0.6127, -0.3876 1.0719 0.6173, -0.386 1.0725 0.622, -0.3406 1.0877 0.6468, -0.3507 1.0845 0.6458, -0.3554 1.083 0.6453, -0.3607 1.0812 0.6435, -0.3667 1.0792 0.6413, -0.3692 1.0784 0.6397, -0.3213 1.0936 0.6468
            ]
        }
        coordIndex [
            0,1,2,-1,2,1,3,-1,4,5,0,-1,0,5,1,-1,6,7,4,-1,4,7,5,-1,8,9,6,-1,6,9,7,-1,10,11,8,-1,8,11,9,-1,3,11,2,-1,2,11,10,-1,1,5,3,-1,3,5,7,-1,3,7,11,-1,11,7,9,-1,12,13,14,-1,14,13,15,-1,14,15,16,-1,16,15,17,-1,16,17,18,-1,18,17,19,-1,18,19,20,-1,20,19,21,-1,20,21,22,-1,22,21,23,-1,24,25,26,-1,26,25,27,-1,26,27,28,-1,28,27,29,-1,28,29,30,-1,30,29,31,-1,30,31,32,-1,32,31,33,-1,32,33,34,-1,34,33,35,-1,34,35,36,-1,36,35,37,-1,36,37,38,-1,38,37,39,-1,38,39,12,-1,12,39,13,-1,40,41,42,-1,42,41,43,-1,42,43,44,-1,44,43,45,-1,44,45,46,-1,46,45,47,-1,46,47,48,-1,48,47,49,-1,48,49,50,-1,50,49,51,-1,50,51,52,-1,52,51,25,-1,52,25,24,-1,53,54,55,-1,55,54,56,-1,55,56,57,-1,57,56,58,-1,57,58,59,-1,41,40,60,-1,60,40,61,-1,60,61,62,-1,62,61,63,-1,62,63,64,-1,64,63,65,-1,64,65,53,-1,53,65,66,-1,53,66,54,-1,67,68,69,-1,69,68,70,-1,69,70,71,-1,57,59,72,-1,72,59,73,-1,72,73,74,-1,74,73,75,-1,74,75,76,-1,76,75,77,-1,76,77,78,-1,78,77,79,-1,78,79,80,-1,80,79,81,-1,80,81,71,-1,71,81,82,-1,71,82,69,-1,83,84,85,-1,85,84,86,-1,85,86,87,-1,87,86,88,-1,87,88,89,-1,89,88,90,-1,89,90,67,-1,67,90,68,-1,91,92,83,-1,83,92,84,-1,93,94,95,-1,95,94,96,-1,95,96,97,-1,97,96,98,-1,97,98,99,-1,99,98,100,-1,99,100,91,-1,91,100,92,-1,101,102,103,-1,101,103,104,-1,104,103,105,-1,104,105,106,-1,94,93,107,-1,107,93,108,-1,107,108,109,-1,109,108,110,-1,109,110,111,-1,111,110,112,-1,111,112,113,-1,113,112,114,-1,113,114,115,-1,115,114,116,-1,115,116,101,-1,101,116,117,-1,101,117,102,-1,118,119,120,-1,120,119,121,-1,120,121,122,-1,122,121,123,-1,122,123,124,-1,124,123,125,-1,124,125,126,-1,126,125,127,-1,126,127,128,-1,128,127,129,-1,128,129,130,-1,130,129,131,-1,130,131,132,-1,132,131,133,-1,132,133,105,-1,105,133,106,-1,119,118,134,-1,134,118,135,-1,134,135,136,-1,136,135,137,-1,136,137,138,-1,138,137,139,-1,138,139,140,-1,140,139,141,-1,140,141,142,-1,142,141,143,-1,142,143,144,-1,144,143,145,-1,144,145,146,-1,147,148,149,-1,149,148,150,-1,149,150,151,-1,151,150,152,-1,151,152,153,-1,153,152,154,-1,153,154,155,-1,155,154,156,-1,155,156,157,-1,157,156,158,-1,157,158,159,-1,159,158,160,-1,159,160,161,-1,161,160,162,-1,161,162,163,-1,163,162,144,-1,163,144,146,-1,164,165,166,-1,164,166,167,-1,167,166,168,-1,167,168,169,-1,169,168,170,-1,169,170,171,-1,148,147,171,-1,171,147,172,-1,171,172,169,-1,23,166,22,-1,22,166,165,-1,166,23,168,-1,168,23,21,-1,168,21,170,-1,170,21,19,-1,170,19,171,-1,171,19,17,-1,171,17,148,-1,17,15,148,-1,148,15,13,-1,148,13,150,-1,150,13,39,-1,150,39,152,-1,152,39,154,-1,154,39,37,-1,154,37,156,-1,156,37,35,-1,156,35,158,-1,158,35,33,-1,158,33,160,-1,160,33,31,-1,160,31,162,-1,31,29,162,-1,162,29,27,-1,162,27,144,-1,49,142,51,-1,51,142,144,-1,51,144,25,-1,25,144,27,-1,41,119,43,-1,43,119,134,-1,43,134,45,-1,45,134,136,-1,45,136,47,-1,47,136,138,-1,47,138,49,-1,49,138,140,-1,49,140,142,-1,60,123,41,-1,41,123,121,-1,41,121,119,-1,115,101,57,-1,101,104,57,-1,57,104,106,-1,57,106,55,-1,55,106,133,-1,55,133,53,-1,53,133,131,-1,53,131,64,-1,64,131,129,-1,64,129,62,-1,62,129,127,-1,62,127,60,-1,60,127,125,-1,60,125,123,-1,57,72,115,-1,115,72,74,-1,115,74,113,-1,113,74,76,-1,113,76,111,-1,96,94,68,-1,107,71,94,-1,94,71,70,-1,94,70,68,-1,111,76,109,-1,109,76,78,-1,109,78,107,-1,107,78,80,-1,107,80,71,-1,96,68,98,-1,98,68,90,-1,98,90,100,-1,84,92,86,-1,86,92,100,-1,86,100,88,-1,88,100,90,-1,173,174,175,-1,175,174,176,-1,177,178,173,-1,173,178,174,-1,179,180,177,-1,177,180,178,-1,181,182,179,-1,179,182,180,-1,183,184,181,-1,181,184,182,-1,184,183,185,-1,185,183,186,-1,185,186,187,-1,188,189,187,-1,187,189,185,-1,190,191,192,-1,192,191,189,-1,192,189,188,-1,193,194,190,-1,190,194,191,-1,194,193,195,-1,195,193,196,-1,195,196,197,-1,198,199,197,-1,197,199,195,-1,175,176,200,-1,200,176,199,-1,200,199,198,-1,194,195,199,-1,199,176,194,-1,194,176,174,-1,194,174,191,-1,185,189,184,-1,184,189,191,-1,184,191,182,-1,182,191,174,-1,182,174,180,-1,180,174,178,-1,201,202,203,-1,203,202,204,-1,202,201,205,-1,205,201,206,-1,205,206,207,-1,207,206,208,-1,207,208,209,-1,209,208,210,-1,209,210,211,-1,211,210,212,-1,211,212,213,-1,213,212,214,-1,213,214,215,-1,215,214,216,-1,215,216,217,-1,217,216,218,-1,217,218,219,-1,219,218,220,-1,219,220,221,-1,221,220,222,-1,221,222,223,-1,223,222,224,-1,223,224,225,-1,225,224,226,-1,225,226,227,-1,227,226,228,-1,227,228,229,-1,229,228,230,-1,229,230,231,-1,231,230,232,-1,231,232,233,-1,233,232,234,-1,233,234,235,-1,235,234,236,-1,235,236,237,-1,237,236,238,-1,237,238,239,-1,239,238,240,-1,239,240,241,-1,241,240,242,-1,241,242,243,-1,243,242,244,-1,243,244,245,-1,245,244,246,-1,245,246,247,-1,247,246,248,-1,249,250,251,-1,251,250,252,-1,251,252,253,-1,253,252,254,-1,253,254,255,-1,255,254,256,-1,255,256,257,-1,257,256,258,-1,257,258,259,-1,259,258,260,-1,259,260,248,-1,248,260,261,-1,248,261,247,-1,262,263,249,-1,249,263,250,-1,204,263,203,-1,203,263,262,-1,264,265,248,-1,248,265,259,-1,259,265,266,-1,259,266,257,-1,257,266,267,-1,257,267,255,-1,255,267,268,-1,255,268,253,-1,253,268,269,-1,253,269,251,-1,251,269,270,-1,251,270,249,-1,249,270,271,-1,249,271,262,-1,262,271,272,-1,262,272,203,-1,203,272,273,-1,203,273,201,-1,273,274,201,-1,201,274,275,-1,201,275,206,-1,206,275,276,-1,206,276,208,-1,208,276,210,-1,210,276,277,-1,210,277,212,-1,212,277,278,-1,212,278,214,-1,214,278,279,-1,214,279,216,-1,279,280,216,-1,216,280,281,-1,216,281,218,-1,218,281,282,-1,218,282,220,-1,220,282,283,-1,220,283,222,-1,222,283,284,-1,222,284,224,-1,224,284,285,-1,224,285,226,-1,226,285,228,-1,228,285,286,-1,228,286,230,-1,230,286,287,-1,230,287,232,-1,232,287,288,-1,232,288,234,-1,234,288,289,-1,234,289,236,-1,236,289,290,-1,236,290,238,-1,238,290,291,-1,238,291,240,-1,240,291,292,-1,240,292,242,-1,242,292,293,-1,242,293,244,-1,244,293,294,-1,244,294,246,-1,246,294,295,-1,246,295,248,-1,248,295,296,-1,248,296,264,-1,271,297,272,-1,272,297,298,-1,299,265,300,-1,300,265,264,-1,300,264,301,-1,301,264,296,-1,301,296,302,-1,297,271,303,-1,303,271,270,-1,303,270,304,-1,304,270,269,-1,304,269,305,-1,305,269,268,-1,305,268,306,-1,306,268,267,-1,306,267,299,-1,299,267,266,-1,299,266,265,-1,288,307,289,-1,289,307,308,-1,289,308,290,-1,290,308,309,-1,290,309,291,-1,291,309,310,-1,291,310,292,-1,292,310,311,-1,292,311,293,-1,293,311,312,-1,293,312,294,-1,294,312,313,-1,294,313,295,-1,295,313,314,-1,295,314,296,-1,296,314,302,-1,281,280,315,-1,315,316,281,-1,281,316,317,-1,281,317,282,-1,282,317,318,-1,307,288,319,-1,319,288,287,-1,319,287,320,-1,320,287,286,-1,320,286,321,-1,321,286,285,-1,321,285,322,-1,322,285,284,-1,322,284,318,-1,318,284,283,-1,318,283,282,-1,274,323,275,-1,275,323,324,-1,275,324,276,-1,276,324,325,-1,276,325,277,-1,277,325,326,-1,277,326,278,-1,278,326,327,-1,278,327,279,-1,279,327,328,-1,279,328,280,-1,280,328,315,-1,273,329,274,-1,274,329,323,-1,273,272,329,-1,329,272,298,-1,
        ]
    }
}
Shape{
    appearance Appearance {
        material  Material 	{
            diffuseColor 1.0 1.0 1.0
            specularColor 0.5019607843137255 0.5019607843137255 0.5019607843137255
            ambientIntensity 1.0
            transparency 0.0
            shininess 0.5
        }
    }
    geometry IndexedFaceSet {
        ccw TRUE
        solid FALSE
        coord DEF co Coordinate {
            point [
                -0.3398 1.088 0.5439, -0.3533 1.0836 0.5455, -0.3809 1.0743 0.6302, -0.3565 1.0826 0.5459, -0.3616 1.0809 0.5479, -0.3676 1.0789 0.5503, -0.3689 1.0785 0.5513, -0.3757 1.0761 0.5564, -0.3767 1.0758 0.5571, -0.3775 1.0755 0.5579, -0.3827 1.0737 0.565, -0.3848 1.0729 0.6239, -0.3843 1.0731 0.5673, -0.3866 1.0723 0.5729, -0.3885 1.0716 0.5774, -0.3889 1.0714 0.5803, -0.3908 1.0708 0.5926, -0.3886 1.0716 0.6135, -0.3908 1.0708 0.5927, -0.3895 1.0712 0.6096, -0.3909 1.0707 0.5967, -0.3892 1.0713 0.6127, -0.3876 1.0719 0.6173, -0.386 1.0725 0.622, -0.3771 1.0756 0.6343, -0.3692 1.0784 0.6397, -0.3213 1.0936 0.5439, -0.3806 1.0744 0.6305, -0.3667 1.0792 0.6413, -0.3607 1.0812 0.6435, -0.3554 1.083 0.6453, -0.3507 1.0845 0.6458, -0.3406 1.0877 0.6468, -0.3213 1.0936 0.6468
            ]
        }
        coordIndex [
            0,1,2,-1,1,3,2,-1,2,3,4,-1,2,4,5,-1,5,6,2,-1,2,6,7,-1,2,7,8,-1,8,9,2,-1,2,9,10,-1,2,10,11,-1,11,10,12,-1,12,13,11,-1,11,13,14,-1,11,14,15,-1,15,16,17,-1,17,16,18,-1,17,18,19,-1,19,18,20,-1,19,21,17,-1,17,21,22,-1,17,22,15,-1,15,22,23,-1,15,23,11,-1,24,25,26,-1,0,2,26,-1,26,2,27,-1,26,27,24,-1,25,28,26,-1,26,28,29,-1,26,29,30,-1,30,31,26,-1,26,31,32,-1,26,32,33,-1,
        ]
    }
}
Shape{
    appearance Appearance {
        material  Material 	{
            diffuseColor 0.0 0.0 0.0
            specularColor 0.0 0.0 0.0
            ambientIntensity 0.0
            transparency 0.0
            shininess 0.5
        }
    }
    geometry IndexedFaceSet {
        ccw TRUE
        solid FALSE
        coord DEF co Coordinate {
            point [
                -0.4633 1.0458 0.6622, -0.4617 1.0422 0.6622, -0.4383 1.0522 0.5955, -0.4162 1.0654 0.5287, -0.4359 1.0532 0.5887, -0.4148 1.0617 0.5287, -0.4325 1.0546 0.5287, -0.4339 1.0583 0.5287, -0.4443 1.0497 0.5652, -0.4458 1.0533 0.5652, -0.4384 1.0522 0.547, -0.436 1.0532 0.5395, -0.4949 1.0269 0.5652, -0.4966 1.0304 0.5652, -0.5072 1.0209 0.5287, -0.5089 1.0244 0.5287, -0.5011 1.0239 0.547, -0.5241 1.0123 0.5287, -0.526 1.0158 0.5287, -0.4785 1.0346 0.6622, -0.4801 1.0382 0.6622, -0.5014 1.0237 0.5955, -0.4918 1.0327 0.5803, -0.4509 1.0512 0.5803, -0.4601 1.0472 0.608, -0.4692 1.0432 0.6358, -0.4702 1.0427 0.6398, -0.4712 1.0423 0.6451, -0.4716 1.0421 0.6451, -0.4725 1.0417 0.6398, -0.4735 1.0412 0.6358, -0.4827 1.037 0.608, -0.4696 1.0387 0.6451, -0.4676 1.0396 0.6358, -0.47 1.0385 0.6451, -0.4719 1.0376 0.6358, -0.4901 1.0292 0.5803, -0.4493 1.0476 0.5803
            ]
        }
        coordIndex [
            0,1,2,-1,0,2,3,-1,3,2,4,-1,3,4,5,-1,6,7,5,-1,5,7,3,-1,8,9,10,-1,10,9,7,-1,10,7,11,-1,11,7,6,-1,12,13,8,-1,8,13,9,-1,14,15,16,-1,16,15,13,-1,16,13,12,-1,17,18,14,-1,14,18,15,-1,19,20,21,-1,21,20,18,-1,21,18,17,-1,0,20,1,-1,1,20,19,-1,3,7,9,-1,13,22,9,-1,9,22,23,-1,9,23,3,-1,3,23,24,-1,3,24,0,-1,0,24,25,-1,25,26,0,-1,0,26,27,-1,0,27,20,-1,27,28,20,-1,20,28,29,-1,20,29,30,-1,30,31,20,-1,20,31,22,-1,20,22,18,-1,18,22,13,-1,18,13,15,-1,32,27,33,-1,33,27,26,-1,33,26,25,-1,34,28,32,-1,32,28,27,-1,28,34,29,-1,29,34,35,-1,29,35,30,-1,30,35,31,-1,31,35,36,-1,31,36,22,-1,37,23,36,-1,36,23,22,-1,23,37,24,-1,24,37,33,-1,24,33,25,-1,
        ]
    }
}
Shape{
    appearance Appearance {
        material  Material 	{
            diffuseColor 1.0 1.0 1.0
            specularColor 0.5019607843137255 0.5019607843137255 0.5019607843137255
            ambientIntensity 1.0
            transparency 0.0
            shininess 0.5
        }
    }
    geometry IndexedFaceSet {
        ccw TRUE
        solid FALSE
        coord DEF co Coordinate {
            point [
                -0.47 1.0385 0.6451, -0.4696 1.0387 0.6451, -0.4719 1.0376 0.6358, -0.4676 1.0396 0.6358, -0.4901 1.0292 0.5803, -0.4493 1.0476 0.5803
            ]
        }
        coordIndex [
            0,1,2,-1,2,1,3,-1,2,3,4,-1,4,3,5,-1,
        ]
    }
}
Shape{
    appearance Appearance {
        material  Material 	{
            diffuseColor 0.0 0.0 0.0
            specularColor 0.0 0.0 0.0
            ambientIntensity 0.0
            transparency 0.0
            shininess 0.5
        }
    }
    geometry IndexedFaceSet {
        ccw TRUE
        solid FALSE
        coord DEF co Coordinate {
            point [
                -0.0262 1.1394 0.3771, -0.0263 1.1434 0.3771, -0.0262 1.1394 0.3322, -0.0263 1.1434 0.3322, -0.0739 1.1373 0.3771, -0.0741 1.1413 0.3771, -0.0739 1.1373 0.3924, -0.0741 1.1413 0.3924, -0.0262 1.1394 0.3924, -0.0263 1.1434 0.3924, -0.0262 1.1394 0.4351, -0.0263 1.1434 0.4351, -0.0777 1.1371 0.4351, -0.0779 1.141 0.4351, -0.0777 1.1371 0.4505, -0.0779 1.141 0.4505, -0.009 1.1397 0.4505, -0.009 1.1436 0.4505, -0.009 1.1397 0.317, -0.009 1.1436 0.317, -0.0807 1.1369 0.317, -0.081 1.1408 0.317, -0.0807 1.1369 0.3322, -0.081 1.1408 0.3322, -0.1156 1.1378 0.3951, -0.1063 1.1387 0.3894, -0.1059 1.1348 0.3894, -0.137 1.1315 0.4009, -0.1375 1.1354 0.4009, -0.1323 1.132 0.4005, -0.1327 1.1359 0.4005, -0.129 1.1324 0.4002, -0.1292 1.1363 0.4001, -0.1233 1.133 0.3984, -0.1238 1.1369 0.3984, -0.1181 1.1336 0.3968, -0.1185 1.1375 0.3968, -0.1152 1.1339 0.3951, -0.1106 1.1343 0.3923, -0.1561 1.129 0.3776, -0.1567 1.1329 0.3776, -0.1559 1.129 0.3818, -0.1564 1.1329 0.3819, -0.1553 1.1291 0.3849, -0.1558 1.133 0.3849, -0.1544 1.1292 0.3894, -0.1549 1.1331 0.3895, -0.1542 1.1293 0.3899, -0.1547 1.1332 0.3899, -0.1527 1.1295 0.393, -0.1532 1.1334 0.393, -0.1525 1.1295 0.3935, -0.153 1.1334 0.3936, -0.1517 1.1296 0.3945, -0.1523 1.1335 0.3945, -0.1504 1.1298 0.3961, -0.1508 1.1337 0.3962, -0.1499 1.1298 0.3965, -0.1504 1.1337 0.3965, -0.1477 1.1301 0.3982, -0.1482 1.134 0.3982, -0.1472 1.1302 0.3985, -0.1479 1.1341 0.3984, -0.1452 1.1304 0.3993, -0.1457 1.1343 0.3993, -0.1436 1.1306 0.4, -0.1441 1.1346 0.4, -0.1419 1.1309 0.4002, -0.1424 1.1348 0.4002, -0.1281 1.1325 0.3737, -0.1286 1.1364 0.3737, -0.1421 1.1308 0.3756, -0.0966 1.1356 0.3425, -0.097 1.1395 0.3425, -0.097 1.1356 0.3447, -0.0973 1.1395 0.3447, -0.0978 1.1355 0.3507, -0.0981 1.1394 0.3507, -0.098 1.1355 0.3523, -0.0983 1.1394 0.3521, -0.0993 1.1354 0.3555, -0.0996 1.1393 0.3555, -0.1004 1.1353 0.3582, -0.1006 1.1392 0.358, -0.1014 1.1352 0.3595, -0.1017 1.1391 0.3595, -0.1037 1.135 0.3628, -0.1039 1.1389 0.3627, -0.1039 1.135 0.363, -0.1042 1.1389 0.3629, -0.1063 1.1348 0.3651, -0.1067 1.1387 0.3651, -0.1082 1.1346 0.3667, -0.1085 1.1385 0.3666, -0.1104 1.1344 0.3679, -0.1108 1.1383 0.3678, -0.1106 1.1343 0.368, -0.1154 1.1378 0.3703, -0.1168 1.1377 0.3706, -0.1163 1.1338 0.3706, -0.115 1.1339 0.3703, -0.1048 1.1349 0.3223, -0.1052 1.1388 0.3223, -0.1034 1.135 0.3238, -0.1031 1.139 0.3245, -0.1028 1.1351 0.3245, -0.1031 1.139 0.3245, -0.1003 1.1353 0.328, -0.1007 1.1392 0.3281, -0.0998 1.1353 0.3286, -0.1 1.1393 0.3291, -0.0986 1.1355 0.3316, -0.099 1.1394 0.3316, -0.0978 1.1355 0.3336, -0.098 1.1395 0.3344, -0.0975 1.1355 0.3357, -0.0978 1.1395 0.3356, -0.1267 1.1327 0.3148, -0.1272 1.1366 0.3148, -0.1186 1.1335 0.3157, -0.119 1.1374 0.3157, -0.117 1.1337 0.3158, -0.1178 1.1376 0.3158, -0.1139 1.134 0.317, -0.1143 1.1379 0.3171, -0.111 1.1343 0.3181, -0.1112 1.1382 0.3182, -0.1106 1.1343 0.3183, -0.11 1.1384 0.319, -0.1097 1.1344 0.319, -0.1557 1.129 0.3318, -0.1562 1.1329 0.3318, -0.1551 1.1291 0.3307, -0.1558 1.133 0.331, -0.1518 1.1296 0.3267, -0.1523 1.1335 0.3267, -0.149 1.13 0.3231, -0.1498 1.1338 0.3235, -0.1481 1.1301 0.3225, -0.1486 1.134 0.3225, -0.1439 1.1306 0.3193, -0.1445 1.1345 0.3193, -0.1433 1.1307 0.3189, -0.1441 1.1345 0.3191, -0.1395 1.1312 0.3173, -0.14 1.1351 0.3173, -0.1371 1.1315 0.3162, -0.1375 1.1354 0.3163, -0.1342 1.1318 0.3158, -0.1347 1.1357 0.3159, -0.1561 1.129 0.3318, -0.1567 1.1329 0.3318, -0.1561 1.129 0.317, -0.1567 1.1329 0.317, -0.1727 1.1266 0.317, -0.1733 1.1305 0.317, -0.1727 1.1266 0.3784, -0.1733 1.1305 0.3784, -0.148 1.1301 0.4135, -0.1386 1.1313 0.4145, -0.139 1.1352 0.4145, -0.145 1.1344 0.4142, -0.1485 1.134 0.4134, -0.1499 1.1298 0.4132, -0.1538 1.1293 0.4119, -0.1656 1.1316 0.4043, -0.1651 1.1278 0.4044, -0.1651 1.1317 0.4051, -0.1621 1.1282 0.4074, -0.1625 1.1321 0.4073, -0.1618 1.1282 0.4077, -0.1603 1.1324 0.4091, -0.1583 1.1287 0.4099, -0.1588 1.1326 0.4099, -0.1566 1.129 0.4109, -0.1546 1.1332 0.412, -0.1543 1.1332 0.412, -0.172 1.1307 0.3893, -0.1714 1.1268 0.3893, -0.1717 1.1307 0.3918, -0.1712 1.1268 0.3918, -0.1702 1.1309 0.3958, -0.1697 1.1271 0.3959, -0.1686 1.1312 0.4002, -0.1686 1.1272 0.3991, -0.1682 1.1312 0.4007, -0.1676 1.1274 0.4006, -0.1652 1.1277 0.4043, -0.1059 1.1348 0.4057, -0.1063 1.1387 0.4057, -0.1083 1.1346 0.407, -0.1085 1.1385 0.4069, -0.1256 1.1367 0.4127, -0.1251 1.1328 0.4127, -0.1214 1.1372 0.4122, -0.1212 1.1333 0.4122, -0.1153 1.1378 0.4097, -0.1149 1.1339 0.4097, -0.1106 1.1343 0.4079, -0.1219 1.1371 0.3581, -0.1249 1.1368 0.3595, -0.1263 1.1367 0.3599, -0.1345 1.1357 0.3619, -0.1456 1.1344 0.3634, -0.1567 1.1329 0.3649, -0.1188 1.1375 0.3328, -0.1216 1.1372 0.331, -0.1226 1.1371 0.3304, -0.1247 1.1368 0.3297, -0.1181 1.1376 0.3335, -0.1182 1.1375 0.3333, -0.1152 1.1378 0.3382, -0.1159 1.1378 0.3366, -0.1165 1.1377 0.3356, -0.1139 1.138 0.3439, -0.1144 1.1379 0.3408, -0.1145 1.1379 0.3399, -0.1147 1.1379 0.3492, -0.1145 1.1379 0.3481, -0.1161 1.1378 0.3528, -0.1166 1.1377 0.3536, -0.1154 1.1378 0.351, -0.12 1.1373 0.3572, -0.1184 1.1375 0.356, -0.119 1.1375 0.3564, -0.1567 1.1329 0.3557, -0.1559 1.133 0.3489, -0.1557 1.133 0.3477, -0.1546 1.1332 0.3446, -0.1538 1.1333 0.3423, -0.1528 1.1334 0.3409, -0.1496 1.1338 0.3363, -0.148 1.134 0.3348, -0.1473 1.1341 0.3342, -0.144 1.1346 0.3318, -0.1437 1.1346 0.3315, -0.1408 1.135 0.3303, -0.1392 1.1352 0.3296, -0.1371 1.1354 0.3293, -0.1315 1.1361 0.3285, -0.1283 1.1364 0.3289, -0.1269 1.1366 0.329, -0.1184 1.1336 0.3328, -0.1178 1.1336 0.3333, -0.1177 1.1336 0.3335, -0.1161 1.1338 0.3356, -0.1155 1.1339 0.3365, -0.1148 1.1339 0.3382, -0.1141 1.134 0.3399, -0.114 1.134 0.3408, -0.1135 1.1341 0.3439, -0.131 1.1322 0.3285, -0.1278 1.1325 0.3289, -0.1265 1.1327 0.329, -0.1242 1.1329 0.3297, -0.1221 1.1332 0.3304, -0.1212 1.1333 0.331, -0.149 1.1299 0.3363, -0.1471 1.1302 0.3344, -0.1468 1.1302 0.3342, -0.1435 1.1307 0.3318, -0.1427 1.1308 0.3312, -0.1403 1.1311 0.3303, -0.1383 1.1313 0.3295, -0.1367 1.1315 0.3292, -0.1561 1.129 0.3557, -0.1553 1.1291 0.3489, -0.1551 1.1291 0.3474, -0.1541 1.1293 0.3446, -0.1531 1.1294 0.3421, -0.1522 1.1295 0.3409, -0.1561 1.129 0.3649, -0.134 1.1318 0.3619, -0.1179 1.1336 0.356, -0.1186 1.1335 0.3564, -0.1192 1.1335 0.3569, -0.1215 1.1332 0.3581, -0.1237 1.133 0.3593, -0.1259 1.1327 0.3598, -0.1141 1.134 0.3481, -0.1143 1.134 0.3492, -0.115 1.1339 0.351, -0.1157 1.1338 0.3528, -0.1162 1.1338 0.3536
            ]
        }
        coordIndex [
            0,1,2,-1,2,1,3,-1,4,5,0,-1,0,5,1,-1,6,7,4,-1,4,7,5,-1,8,9,6,-1,6,9,7,-1,10,11,8,-1,8,11,9,-1,12,13,10,-1,10,13,11,-1,14,15,12,-1,12,15,13,-1,16,17,14,-1,14,17,15,-1,18,19,16,-1,16,19,17,-1,20,21,18,-1,18,21,19,-1,22,23,20,-1,20,23,21,-1,3,23,2,-1,2,23,22,-1,19,21,23,-1,23,3,19,-1,19,3,1,-1,19,1,17,-1,13,15,11,-1,11,15,17,-1,11,17,9,-1,9,17,1,-1,9,1,7,-1,7,1,5,-1,24,25,26,-1,27,28,29,-1,29,28,30,-1,29,30,31,-1,31,30,32,-1,31,32,33,-1,33,32,34,-1,33,34,35,-1,35,34,36,-1,35,36,37,-1,37,36,24,-1,37,24,38,-1,38,24,26,-1,39,40,41,-1,41,40,42,-1,41,42,43,-1,43,42,44,-1,43,44,45,-1,45,44,46,-1,45,46,47,-1,47,46,48,-1,47,48,49,-1,49,48,50,-1,49,50,51,-1,51,50,52,-1,51,52,53,-1,53,52,54,-1,53,54,55,-1,55,54,56,-1,55,56,57,-1,57,56,58,-1,57,58,59,-1,59,58,60,-1,59,60,61,-1,61,60,62,-1,61,62,63,-1,63,62,64,-1,63,64,65,-1,65,64,66,-1,65,66,67,-1,67,66,68,-1,67,68,27,-1,27,68,28,-1,69,70,71,-1,71,70,40,-1,71,40,39,-1,72,73,74,-1,74,73,75,-1,74,75,76,-1,76,75,77,-1,76,77,78,-1,78,77,79,-1,78,79,80,-1,80,79,81,-1,80,81,82,-1,82,81,83,-1,82,83,84,-1,84,83,85,-1,84,85,86,-1,86,85,87,-1,86,87,88,-1,88,87,89,-1,88,89,90,-1,90,89,91,-1,90,91,92,-1,92,91,93,-1,92,93,94,-1,94,93,95,-1,94,95,96,-1,96,95,97,-1,70,69,98,-1,98,69,99,-1,98,99,97,-1,97,99,100,-1,97,100,96,-1,101,102,103,-1,103,102,104,-1,103,104,105,-1,105,104,106,-1,105,106,107,-1,107,106,108,-1,107,108,109,-1,109,108,110,-1,109,110,111,-1,111,110,112,-1,111,112,113,-1,113,112,114,-1,113,114,115,-1,115,114,116,-1,115,116,72,-1,72,116,73,-1,117,118,119,-1,119,118,120,-1,119,120,121,-1,121,120,122,-1,121,122,123,-1,123,122,124,-1,123,124,125,-1,125,124,126,-1,125,126,127,-1,127,126,128,-1,102,101,128,-1,128,101,129,-1,128,129,127,-1,130,131,132,-1,132,131,133,-1,132,133,134,-1,134,133,135,-1,134,135,136,-1,136,135,137,-1,136,137,138,-1,138,137,139,-1,138,139,140,-1,140,139,141,-1,140,141,142,-1,142,141,143,-1,142,143,144,-1,144,143,145,-1,144,145,146,-1,146,145,147,-1,146,147,148,-1,148,147,149,-1,148,149,117,-1,117,149,118,-1,150,151,130,-1,130,151,131,-1,152,153,150,-1,150,153,151,-1,154,155,152,-1,152,155,153,-1,156,157,154,-1,154,157,155,-1,158,159,160,-1,160,161,158,-1,158,161,162,-1,158,162,163,-1,163,162,164,-1,165,166,167,-1,167,166,168,-1,167,168,169,-1,169,168,170,-1,169,170,171,-1,171,170,172,-1,171,172,173,-1,173,172,174,-1,173,174,175,-1,175,174,164,-1,175,164,176,-1,176,164,162,-1,157,156,177,-1,177,156,178,-1,177,178,179,-1,179,178,180,-1,179,180,181,-1,181,180,182,-1,181,182,183,-1,183,182,184,-1,183,184,185,-1,185,184,186,-1,185,186,165,-1,165,186,187,-1,165,187,166,-1,188,189,190,-1,190,189,191,-1,160,159,192,-1,192,159,193,-1,192,193,194,-1,194,193,195,-1,194,195,196,-1,196,195,197,-1,196,197,191,-1,191,197,198,-1,191,198,190,-1,25,189,26,-1,26,189,188,-1,189,25,191,-1,191,25,24,-1,191,24,196,-1,196,24,36,-1,196,36,194,-1,194,36,34,-1,194,34,192,-1,34,32,192,-1,192,32,30,-1,192,30,160,-1,160,30,28,-1,160,28,161,-1,161,28,68,-1,161,68,162,-1,68,66,162,-1,162,66,64,-1,162,64,176,-1,176,64,62,-1,176,62,175,-1,175,62,173,-1,173,62,60,-1,173,60,171,-1,171,60,58,-1,171,58,169,-1,169,58,56,-1,169,56,167,-1,167,56,54,-1,167,54,165,-1,165,54,185,-1,185,54,52,-1,185,52,183,-1,183,52,50,-1,183,50,181,-1,50,48,181,-1,181,48,46,-1,181,46,179,-1,179,46,44,-1,179,44,177,-1,177,44,42,-1,199,200,40,-1,40,200,201,-1,201,202,40,-1,40,202,203,-1,40,203,204,-1,205,124,206,-1,206,124,122,-1,206,122,207,-1,207,122,120,-1,207,120,208,-1,208,120,118,-1,209,102,210,-1,210,102,128,-1,210,128,205,-1,205,128,126,-1,205,126,124,-1,211,110,212,-1,212,110,108,-1,212,108,213,-1,213,108,106,-1,213,106,209,-1,209,106,104,-1,209,104,102,-1,214,73,215,-1,215,73,116,-1,215,116,216,-1,216,116,114,-1,216,114,211,-1,211,114,112,-1,211,112,110,-1,217,79,218,-1,218,79,77,-1,218,77,214,-1,214,77,75,-1,214,75,73,-1,89,219,91,-1,91,219,220,-1,91,220,93,-1,89,87,219,-1,219,87,85,-1,219,85,221,-1,221,85,83,-1,221,83,217,-1,217,83,81,-1,217,81,79,-1,199,40,222,-1,222,40,70,-1,222,70,98,-1,220,223,93,-1,93,223,224,-1,93,224,95,-1,95,224,222,-1,95,222,97,-1,97,222,98,-1,42,40,177,-1,177,40,204,-1,177,204,157,-1,157,204,225,-1,157,225,226,-1,151,227,228,-1,228,229,151,-1,151,229,230,-1,151,230,131,-1,131,230,231,-1,131,231,133,-1,133,231,232,-1,133,232,135,-1,135,232,233,-1,135,233,137,-1,137,233,234,-1,137,234,139,-1,139,234,235,-1,139,235,141,-1,141,235,236,-1,141,236,143,-1,143,236,237,-1,143,237,145,-1,145,237,238,-1,145,238,147,-1,147,238,239,-1,147,239,149,-1,149,239,240,-1,149,240,118,-1,118,240,241,-1,118,241,208,-1,153,155,151,-1,151,155,157,-1,151,157,227,-1,227,157,226,-1,205,242,210,-1,210,242,243,-1,210,243,209,-1,209,243,244,-1,209,244,213,-1,213,244,245,-1,213,245,212,-1,212,245,246,-1,212,246,211,-1,211,246,247,-1,211,247,216,-1,216,247,248,-1,216,248,215,-1,215,248,249,-1,215,249,214,-1,214,249,250,-1,239,251,240,-1,240,251,252,-1,240,252,241,-1,241,252,253,-1,241,253,208,-1,208,253,254,-1,208,254,207,-1,207,254,255,-1,207,255,206,-1,206,255,256,-1,206,256,205,-1,205,256,242,-1,231,257,232,-1,232,257,258,-1,232,258,233,-1,233,258,259,-1,233,259,234,-1,234,259,260,-1,234,260,235,-1,235,260,261,-1,235,261,236,-1,236,261,262,-1,236,262,237,-1,237,262,263,-1,237,263,238,-1,238,263,264,-1,238,264,239,-1,239,264,251,-1,225,265,226,-1,226,265,266,-1,226,266,227,-1,227,266,267,-1,227,267,228,-1,228,267,268,-1,228,268,229,-1,229,268,269,-1,229,269,230,-1,230,269,270,-1,230,270,231,-1,231,270,257,-1,204,271,225,-1,225,271,265,-1,202,272,203,-1,203,272,271,-1,203,271,204,-1,223,273,224,-1,224,273,274,-1,224,274,222,-1,222,274,275,-1,222,275,199,-1,199,275,276,-1,199,276,200,-1,200,276,277,-1,200,277,201,-1,201,277,278,-1,201,278,202,-1,202,278,272,-1,214,250,218,-1,218,250,279,-1,218,279,217,-1,217,279,280,-1,217,280,221,-1,221,280,281,-1,221,281,219,-1,219,281,282,-1,219,282,220,-1,220,282,283,-1,220,283,223,-1,223,283,273,-1,
        ]
    }
}
Shape{
    appearance Appearance {
        material  Material 	{
            diffuseColor 1.0 1.0 1.0
            specularColor 0.5019607843137255 0.5019607843137255 0.5019607843137255
            ambientIntensity 1.0
            transparency 0.0
            shininess 0.5
        }
    }
    geometry IndexedFaceSet {
        ccw TRUE
        solid FALSE
        coord DEF co Coordinate {
            point [
                -0.1259 1.1327 0.3598, -0.1237 1.133 0.3593, -0.1212 1.1333 0.331, -0.1215 1.1332 0.3581, -0.1192 1.1335 0.3569, -0.1186 1.1335 0.3564, -0.1179 1.1336 0.356, -0.1162 1.1338 0.3536, -0.1135 1.1341 0.3439, -0.114 1.134 0.3408, -0.1141 1.134 0.3481, -0.115 1.1339 0.351, -0.1143 1.134 0.3492, -0.1141 1.134 0.3399, -0.1148 1.1339 0.3382, -0.1155 1.1339 0.3365, -0.1161 1.1338 0.3356, -0.1177 1.1336 0.3335, -0.1178 1.1336 0.3333, -0.1157 1.1338 0.3528, -0.1184 1.1336 0.3328, -0.134 1.1318 0.3619, -0.1221 1.1332 0.3304, -0.1242 1.1329 0.3297, -0.1265 1.1327 0.329, -0.1278 1.1325 0.3289, -0.131 1.1322 0.3285, -0.1367 1.1315 0.3292, -0.1383 1.1313 0.3295, -0.1403 1.1311 0.3303, -0.1427 1.1308 0.3312, -0.1435 1.1307 0.3318, -0.1468 1.1302 0.3342, -0.1471 1.1302 0.3344, -0.149 1.1299 0.3363, -0.1522 1.1295 0.3409, -0.1531 1.1294 0.3421, -0.1541 1.1293 0.3446, -0.1551 1.1291 0.3474, -0.1553 1.1291 0.3489, -0.1561 1.129 0.3557, -0.1561 1.129 0.3649
            ]
        }
        coordIndex [
            0,1,2,-1,2,1,3,-1,2,3,4,-1,4,5,2,-1,2,5,6,-1,2,6,7,-1,8,9,10,-1,10,9,11,-1,10,11,12,-1,9,13,11,-1,11,13,14,-1,11,14,15,-1,15,16,11,-1,11,16,17,-1,11,17,18,-1,7,19,2,-1,2,19,11,-1,2,11,20,-1,20,11,18,-1,0,2,21,-1,21,2,22,-1,21,22,23,-1,23,24,21,-1,21,24,25,-1,21,25,26,-1,26,27,21,-1,21,27,28,-1,21,28,29,-1,29,30,21,-1,21,30,31,-1,21,31,32,-1,32,33,21,-1,21,33,34,-1,21,34,35,-1,35,36,21,-1,21,36,37,-1,21,37,38,-1,38,39,21,-1,21,39,40,-1,21,40,41,-1,
        ]
    }
}
Shape{
    appearance Appearance {
        material  Material 	{
            diffuseColor 0.0 0.0 0.0
            specularColor 0.0 0.0 0.0
            ambientIntensity 0.0
            transparency 0.0
            shininess 0.5
        }
    }
    geometry IndexedFaceSet {
        ccw TRUE
        solid FALSE
        coord DEF co Coordinate {
            point [
                -0.2205 1.1182 0.3148, -0.2212 1.1221 0.3148, -0.2145 1.1194 0.3154, -0.2152 1.1232 0.3154, -0.207 1.1208 0.3163, -0.2082 1.1246 0.3161, -0.2043 1.1213 0.3172, -0.205 1.1251 0.3172, -0.195 1.1229 0.3204, -0.1957 1.1268 0.3204, -0.2476 1.1125 0.3224, -0.2485 1.1164 0.3224, -0.2464 1.1128 0.3216, -0.2473 1.1166 0.3216, -0.2446 1.1132 0.3205, -0.2454 1.1171 0.3205, -0.2401 1.1142 0.3187, -0.2409 1.118 0.3187, -0.2355 1.1152 0.3168, -0.2353 1.1192 0.3165, -0.2324 1.1158 0.3164, -0.2332 1.1196 0.3162, -0.258 1.1102 0.3416, -0.2581 1.1102 0.343, -0.259 1.114 0.343, -0.2581 1.1142 0.3362, -0.2574 1.1103 0.3367, -0.2585 1.1141 0.3375, -0.2589 1.114 0.3416, -0.2526 1.1155 0.3263, -0.2518 1.1116 0.3262, -0.2541 1.1151 0.3277, -0.253 1.1113 0.3274, -0.2551 1.1149 0.3293, -0.2542 1.111 0.3293, -0.2568 1.1145 0.3321, -0.2557 1.1107 0.3316, -0.2569 1.1145 0.3325, -0.256 1.1106 0.3325, -0.2573 1.1104 0.3362, -0.2527 1.1114 0.3587, -0.2535 1.1152 0.3587, -0.2541 1.1111 0.3565, -0.255 1.1149 0.3565, -0.2551 1.1108 0.355, -0.2558 1.1147 0.3553, -0.2561 1.1106 0.3524, -0.257 1.1145 0.3524, -0.2572 1.1104 0.3497, -0.2581 1.1142 0.3497, -0.2574 1.1103 0.3482, -0.2583 1.1142 0.3482, -0.2497 1.1161 0.3618, -0.2489 1.1123 0.3618, -0.2473 1.1166 0.3638, -0.2465 1.1128 0.3638, -0.2417 1.1178 0.3665, -0.2409 1.114 0.3666, -0.2324 1.1198 0.3711, -0.2347 1.1153 0.3698, -0.2316 1.116 0.3711, -0.2228 1.1218 0.3757, -0.2219 1.1179 0.3754, -0.2182 1.1227 0.378, -0.2157 1.1192 0.3793, -0.2164 1.123 0.3793, -0.2121 1.1198 0.3881, -0.2128 1.1237 0.3881, -0.2121 1.1198 0.3877, -0.2129 1.1237 0.3877, -0.2126 1.1198 0.3851, -0.2133 1.1236 0.3851, -0.2127 1.1197 0.3843, -0.2134 1.1236 0.3843, -0.2133 1.1196 0.3829, -0.214 1.1235 0.3829, -0.2139 1.1195 0.3815, -0.2147 1.1234 0.3815, -0.2144 1.1194 0.381, -0.2151 1.1233 0.381, -0.2171 1.1189 0.3974, -0.2178 1.1228 0.3974, -0.2165 1.119 0.3969, -0.2173 1.1229 0.3969, -0.2146 1.1194 0.3952, -0.2154 1.1232 0.3952, -0.2145 1.1194 0.3951, -0.2153 1.1232 0.395, -0.2136 1.1196 0.3937, -0.2144 1.1234 0.3937, -0.2133 1.1196 0.3934, -0.2141 1.1235 0.3934, -0.213 1.1197 0.3924, -0.2137 1.1235 0.3924, -0.2126 1.1198 0.3914, -0.2134 1.1236 0.3917, -0.2125 1.1198 0.3907, -0.2133 1.1236 0.3907, -0.23 1.1163 0.4009, -0.2308 1.1202 0.4009, -0.2286 1.1166 0.4009, -0.2294 1.1205 0.4009, -0.2268 1.117 0.4007, -0.2285 1.1206 0.4008, -0.2241 1.1175 0.4001, -0.2248 1.1214 0.4001, -0.2215 1.118 0.3996, -0.2223 1.1219 0.3996, -0.2204 1.1182 0.399, -0.2212 1.1221 0.399, -0.2537 1.1112 0.3941, -0.2545 1.115 0.3941, -0.2518 1.1116 0.3952, -0.2531 1.1154 0.3949, -0.2467 1.1127 0.3973, -0.2475 1.1166 0.3973, -0.242 1.1138 0.3992, -0.2429 1.1176 0.3992, -0.2392 1.1144 0.3996, -0.24 1.1182 0.3996, -0.2537 1.1112 0.4103, -0.2545 1.115 0.4103, -0.243 1.1135 0.4134, -0.2316 1.116 0.4145, -0.2324 1.1198 0.4145, -0.2438 1.1174 0.4131, -0.2404 1.1181 0.414, -0.2057 1.121 0.407, -0.2064 1.1249 0.4069, -0.2069 1.1208 0.4077, -0.2076 1.1247 0.4077, -0.2086 1.1205 0.4088, -0.2087 1.1245 0.4084, -0.2134 1.1196 0.4108, -0.2142 1.1234 0.4107, -0.2179 1.1187 0.4126, -0.2186 1.1226 0.4126, -0.221 1.1181 0.413, -0.2217 1.122 0.413, -0.1952 1.1229 0.3873, -0.1951 1.1229 0.3866, -0.1958 1.1268 0.3866, -0.1967 1.1266 0.3927, -0.1957 1.1228 0.3922, -0.1963 1.1267 0.3913, -0.1959 1.1268 0.3873, -0.2021 1.1257 0.4028, -0.2014 1.1218 0.4028, -0.2006 1.126 0.4013, -0.2001 1.122 0.4016, -0.1996 1.1261 0.3997, -0.1989 1.1223 0.3997, -0.1978 1.1264 0.3967, -0.1974 1.1225 0.3974, -0.1978 1.1265 0.3965, -0.1971 1.1226 0.3965, -0.1959 1.1228 0.3927, -0.1998 1.1221 0.3715, -0.2005 1.126 0.3715, -0.199 1.1222 0.3729, -0.1997 1.1261 0.3729, -0.1982 1.1224 0.3742, -0.199 1.1262 0.3739, -0.1972 1.1226 0.3768, -0.1979 1.1264 0.3768, -0.1961 1.1228 0.3796, -0.1968 1.1266 0.3797, -0.1959 1.1228 0.3811, -0.1966 1.1267 0.3811, -0.22 1.1183 0.3589, -0.2208 1.1222 0.3589, -0.2139 1.1195 0.3617, -0.2149 1.1233 0.3616, -0.2084 1.1205 0.365, -0.2091 1.1244 0.365, -0.2035 1.1214 0.368, -0.2042 1.1253 0.368, -0.2025 1.1216 0.369, -0.2032 1.1255 0.369, -0.2309 1.1201 0.3541, -0.2303 1.1162 0.3545, -0.2363 1.119 0.3516, -0.2372 1.1148 0.3504, -0.238 1.1187 0.3504, -0.2419 1.1178 0.3437, -0.2412 1.114 0.3436, -0.242 1.1178 0.3435, -0.2414 1.1139 0.3413, -0.2422 1.1178 0.3413, -0.2399 1.1183 0.3482, -0.2391 1.1144 0.3483, -0.2403 1.1182 0.3478, -0.2394 1.1143 0.3479, -0.2408 1.118 0.3468, -0.24 1.1142 0.3468, -0.2414 1.1179 0.3458, -0.2405 1.1141 0.3459, -0.2415 1.1179 0.3454, -0.2407 1.1141 0.3454, -0.2411 1.114 0.3437, -0.2221 1.1179 0.3284, -0.2228 1.1218 0.3284, -0.2257 1.1172 0.3287, -0.2265 1.121 0.3287, -0.2293 1.1165 0.329, -0.2282 1.1207 0.3288, -0.2316 1.116 0.3297, -0.2348 1.1153 0.3308, -0.2347 1.1153 0.3307, -0.2355 1.1192 0.3307, -0.2342 1.1154 0.3304, -0.2342 1.1195 0.3301, -0.2324 1.1198 0.3297, -0.2391 1.1184 0.3332, -0.2383 1.1146 0.3333, -0.2391 1.1184 0.3331, -0.237 1.1148 0.3321, -0.2378 1.1187 0.3321, -0.2369 1.1149 0.3319, -0.2371 1.1189 0.3315, -0.2357 1.1192 0.3308, -0.2418 1.1179 0.3385, -0.2409 1.114 0.3385, -0.2416 1.1179 0.3378, -0.2408 1.114 0.3377, -0.2411 1.118 0.3364, -0.2402 1.1142 0.3364, -0.2406 1.1181 0.3352, -0.2398 1.1143 0.3352, -0.2403 1.1182 0.3348, -0.2395 1.1143 0.3348, -0.2388 1.1145 0.3337, -0.195 1.1229 0.3376, -0.1957 1.1268 0.3376, -0.1968 1.1226 0.3365, -0.1975 1.1265 0.3365, -0.1996 1.1221 0.3347, -0.2002 1.126 0.3348, -0.205 1.1211 0.3324, -0.2057 1.125 0.3324, -0.2105 1.1201 0.3301, -0.2112 1.124 0.3301, -0.2133 1.1196 0.3297, -0.2141 1.1235 0.3297, -0.3112 1.0965 0.3329, -0.3122 1.1003 0.3329, -0.3131 1.0959 0.3406, -0.3142 1.0997 0.3406, -0.3107 1.0966 0.3329, -0.3118 1.1004 0.3329, -0.3088 1.0972 0.3407, -0.3098 1.101 0.3407, -0.2847 1.1036 0.4123, -0.2857 1.1075 0.4123, -0.2968 1.1005 0.3765, -0.2666 1.1082 0.4123, -0.2675 1.112 0.4123, -0.2763 1.1058 0.4123, -0.3028 1.0988 0.3172, -0.3038 1.1026 0.3172, -0.2847 1.1036 0.3648, -0.2763 1.1057 0.387, -0.2967 1.1046 0.2999, -0.2993 1.0998 0.3086, -0.2957 1.1008 0.2999, -0.2791 1.1051 0.2865, -0.2801 1.1089 0.2865, -0.2807 1.1047 0.2867, -0.2817 1.1085 0.2867, -0.283 1.1041 0.287, -0.2842 1.1078 0.2871, -0.2838 1.1039 0.2873, -0.2848 1.1077 0.2873, -0.2864 1.1032 0.2882, -0.2874 1.107 0.2883, -0.2865 1.1032 0.2883, -0.2876 1.107 0.2884, -0.2885 1.1027 0.2897, -0.2895 1.1065 0.2897, -0.2894 1.1024 0.2902, -0.2905 1.1062 0.2904, -0.2907 1.1021 0.2917, -0.2917 1.1059 0.2917, -0.2921 1.1017 0.2933, -0.293 1.1055 0.2932, -0.2928 1.1015 0.2945, -0.2937 1.1054 0.2945, -0.2699 1.1073 0.2884, -0.2709 1.1112 0.2884, -0.2728 1.1066 0.2874, -0.2737 1.1105 0.2874, -0.2745 1.1062 0.2872, -0.2755 1.11 0.2872, -0.2763 1.1058 0.2869, -0.2699 1.1073 0.2735, -0.2709 1.1112 0.2735, -0.2749 1.1061 0.2725, -0.2814 1.1086 0.2721, -0.2763 1.1058 0.2724, -0.2804 1.1047 0.2721, -0.2874 1.107 0.273, -0.2864 1.1032 0.273, -0.2882 1.1068 0.2731, -0.2872 1.103 0.2731, -0.2921 1.1058 0.2746, -0.2911 1.102 0.2746, -0.2944 1.1052 0.2756, -0.2934 1.1014 0.2755, -0.2967 1.1046 0.2772, -0.2956 1.1008 0.2772, -0.3002 1.1036 0.2797, -0.2992 1.0998 0.2797, -0.301 1.1034 0.2806, -0.3 1.0996 0.2806, -0.3051 1.1023 0.2854, -0.304 1.0985 0.2854, -0.3063 1.102 0.2869, -0.305 1.0982 0.2865, -0.3104 1.1008 0.295, -0.3094 1.097 0.295, -0.3143 1.0997 0.3026, -0.3128 1.096 0.3017, -0.3132 1.0959 0.3026, -0.3546 1.0833 0.4123, -0.3558 1.087 0.4123, -0.334 1.0898 0.3575, -0.3381 1.0885 0.4123, -0.3392 1.0923 0.4123, -0.3256 1.0923 0.3765, -0.3879 1.0718 0.3771, -0.3893 1.0755 0.3771, -0.3879 1.0718 0.3322, -0.3893 1.0755 0.3322, -0.4325 1.0546 0.3771, -0.4339 1.0583 0.3771, -0.4325 1.0546 0.3924, -0.4339 1.0583 0.3924, -0.3879 1.0718 0.3924, -0.3893 1.0755 0.3924, -0.3879 1.0718 0.4351, -0.3893 1.0755 0.4351, -0.436 1.0532 0.4351, -0.4375 1.0568 0.4351, -0.436 1.0532 0.4505, -0.4375 1.0568 0.4505, -0.3717 1.0775 0.4505, -0.373 1.0812 0.4505, -0.3717 1.0775 0.317, -0.373 1.0812 0.317, -0.4403 1.0557 0.317, -0.436 1.0532 0.317, -0.4388 1.052 0.317, -0.4388 1.052 0.3322, -0.4403 1.0557 0.3322, -0.436 1.0532 0.3322, -0.4982 1.0297 0.4505, -0.4965 1.0261 0.4505, -0.4635 1.0457 0.4505, -0.4619 1.0421 0.4505, -0.5095 1.0197 0.4489, -0.5113 1.0232 0.4489, -0.5138 1.0176 0.4484, -0.5155 1.0211 0.4484, -0.5212 1.0138 0.4454, -0.523 1.0173 0.4454, -0.5286 1.01 0.4425, -0.5304 1.0135 0.4425, -0.5317 1.0083 0.4401, -0.5336 1.0118 0.4401, -0.5414 1.0032 0.4328, -0.5433 1.0066 0.4328, -0.5461 1.0006 0.4274, -0.5483 1.0039 0.4271, -0.5465 1.0004 0.4268, -0.5484 1.0039 0.4268, -0.5517 0.9976 0.4182, -0.5536 1.001 0.4182, -0.5533 0.9967 0.4156, -0.5551 1.0002 0.4156, -0.5552 0.9956 0.4096, -0.5571 0.9991 0.4096, -0.5573 0.9945 0.4032, -0.5591 0.9979 0.4033, -0.5576 0.9943 0.3996, -0.5595 0.9977 0.3996, -0.559 0.9935 0.3855, -0.561 0.9969 0.3855, -0.5587 0.9937 0.3779, -0.5608 0.997 0.3793, -0.5585 0.9938 0.3763, -0.5603 0.9973 0.3763, -0.5566 0.9949 0.3647, -0.5584 0.9984 0.3648, -0.5563 0.995 0.3628, -0.5579 0.9987 0.3616, -0.5531 0.9968 0.3546, -0.555 1.0002 0.3546, -0.5507 0.9981 0.3487, -0.5526 1.0016 0.3486, -0.5486 0.9993 0.3457, -0.5505 1.0027 0.3457, -0.5414 1.0032 0.3357, -0.5433 1.0066 0.3357, -0.497 1.0303 0.317, -0.4952 1.0267 0.317, -0.5139 1.0219 0.3194, -0.5122 1.0184 0.3192, -0.518 1.0199 0.32, -0.5144 1.0173 0.3195, -0.5242 1.0167 0.3228, -0.5224 1.0132 0.3228, -0.5319 1.0127 0.3264, -0.5278 1.0104 0.325, -0.5337 1.0118 0.3278, -0.5317 1.0083 0.328, -0.5399 1.004 0.3342, -0.4635 1.0457 0.317, -0.4619 1.0421 0.317, -0.5432 1.0067 0.3686, -0.5449 1.0058 0.3809, -0.545 1.0057 0.3812, -0.5324 1.0124 0.3462, -0.5373 1.0098 0.3533, -0.5389 1.009 0.3556, -0.541 1.0079 0.3612, -0.5428 1.0069 0.3658, -0.5309 1.0132 0.3446, -0.5307 1.0133 0.3444, -0.5243 1.0166 0.3396, -0.5223 1.0177 0.3381, -0.5175 1.0201 0.3362, -0.5126 1.0226 0.3342, -0.5097 1.024 0.3338, -0.4969 1.0303 0.3322, -0.4793 1.0386 0.3322, -0.4793 1.0386 0.4351, -0.4976 1.03 0.4351, -0.5071 1.0253 0.4341, -0.5118 1.023 0.4335, -0.5166 1.0206 0.4318, -0.5222 1.0177 0.4297, -0.5246 1.0165 0.4279, -0.5321 1.0126 0.4226, -0.5356 1.0107 0.4185, -0.5358 1.0107 0.4183, -0.5394 1.0087 0.4122, -0.5404 1.0082 0.4104, -0.542 1.0073 0.4056, -0.5451 1.0057 0.385, -0.5438 1.0064 0.3979, -0.5434 1.0066 0.401, -0.4952 1.0268 0.3322, -0.4776 1.035 0.3322, -0.5225 1.0131 0.3396, -0.529 1.0098 0.3447, -0.5299 1.0093 0.3454, -0.5306 1.0089 0.3462, -0.5079 1.0205 0.3338, -0.5109 1.019 0.3342, -0.5157 1.0166 0.3362, -0.5213 1.0137 0.3386, -0.5432 1.0022 0.385, -0.5431 1.0023 0.3809, -0.5431 1.0023 0.3809, -0.5413 1.0032 0.3686, -0.5409 1.0035 0.3657, -0.5392 1.0044 0.3612, -0.537 1.0055 0.3556, -0.5355 1.0063 0.3533, -0.5303 1.0091 0.4226, -0.5336 1.0074 0.4188, -0.5338 1.0073 0.4185, -0.5375 1.0053 0.4121, -0.5419 1.0029 0.3979, -0.5416 1.0031 0.401, -0.5401 1.0039 0.4056, -0.5386 1.0047 0.4103, -0.4959 1.0264 0.4351, -0.5054 1.0217 0.4341, -0.5099 1.0195 0.4336, -0.5148 1.0171 0.4317, -0.5204 1.0142 0.4296, -0.5228 1.013 0.4279, -0.4776 1.035 0.4351
            ]
        }
        coordIndex [
            0,1,2,-1,2,1,3,-1,2,3,4,-1,4,3,5,-1,4,5,6,-1,6,5,7,-1,6,7,8,-1,8,7,9,-1,10,11,12,-1,12,11,13,-1,12,13,14,-1,14,13,15,-1,14,15,16,-1,16,15,17,-1,16,17,18,-1,18,17,19,-1,18,19,20,-1,20,19,21,-1,20,21,0,-1,0,21,1,-1,22,23,24,-1,25,26,27,-1,27,26,22,-1,27,22,28,-1,28,22,24,-1,11,10,29,-1,29,10,30,-1,29,30,31,-1,31,30,32,-1,31,32,33,-1,33,32,34,-1,33,34,35,-1,35,34,36,-1,35,36,37,-1,37,36,38,-1,37,38,25,-1,25,38,39,-1,25,39,26,-1,40,41,42,-1,42,41,43,-1,42,43,44,-1,44,43,45,-1,44,45,46,-1,46,45,47,-1,46,47,48,-1,48,47,49,-1,48,49,50,-1,50,49,51,-1,50,51,23,-1,23,51,24,-1,41,40,52,-1,52,40,53,-1,52,53,54,-1,54,53,55,-1,54,55,56,-1,56,55,57,-1,56,57,58,-1,58,57,59,-1,58,59,60,-1,58,60,61,-1,61,60,62,-1,61,62,63,-1,63,62,64,-1,63,64,65,-1,66,67,68,-1,68,67,69,-1,68,69,70,-1,70,69,71,-1,70,71,72,-1,72,71,73,-1,72,73,74,-1,74,73,75,-1,74,75,76,-1,76,75,77,-1,76,77,78,-1,78,77,79,-1,78,79,64,-1,64,79,65,-1,80,81,82,-1,82,81,83,-1,82,83,84,-1,84,83,85,-1,84,85,86,-1,86,85,87,-1,86,87,88,-1,88,87,89,-1,88,89,90,-1,90,89,91,-1,90,91,92,-1,92,91,93,-1,92,93,94,-1,94,93,95,-1,94,95,96,-1,96,95,97,-1,96,97,66,-1,66,97,67,-1,98,99,100,-1,100,99,101,-1,100,101,102,-1,102,101,103,-1,102,103,104,-1,104,103,105,-1,104,105,106,-1,106,105,107,-1,106,107,108,-1,108,107,109,-1,108,109,80,-1,80,109,81,-1,110,111,112,-1,112,111,113,-1,112,113,114,-1,114,113,115,-1,114,115,116,-1,116,115,117,-1,116,117,118,-1,118,117,119,-1,118,119,98,-1,98,119,99,-1,120,121,110,-1,110,121,111,-1,122,123,124,-1,121,120,125,-1,125,120,122,-1,125,122,126,-1,126,122,124,-1,127,128,129,-1,129,128,130,-1,129,130,131,-1,131,130,132,-1,131,132,133,-1,133,132,134,-1,133,134,135,-1,135,134,136,-1,135,136,137,-1,137,136,138,-1,137,138,123,-1,123,138,124,-1,139,140,141,-1,142,143,144,-1,144,143,139,-1,144,139,145,-1,145,139,141,-1,128,127,146,-1,146,127,147,-1,146,147,148,-1,148,147,149,-1,148,149,150,-1,150,149,151,-1,150,151,152,-1,152,151,153,-1,152,153,154,-1,154,153,155,-1,154,155,142,-1,142,155,156,-1,142,156,143,-1,157,158,159,-1,159,158,160,-1,159,160,161,-1,161,160,162,-1,161,162,163,-1,163,162,164,-1,163,164,165,-1,165,164,166,-1,165,166,167,-1,167,166,168,-1,167,168,140,-1,140,168,141,-1,169,170,171,-1,171,170,172,-1,171,172,173,-1,173,172,174,-1,173,174,175,-1,175,174,176,-1,175,176,177,-1,177,176,178,-1,177,178,157,-1,157,178,158,-1,170,169,179,-1,179,169,180,-1,179,180,181,-1,181,180,182,-1,181,182,183,-1,184,185,186,-1,186,185,187,-1,186,187,188,-1,183,182,189,-1,189,182,190,-1,189,190,191,-1,191,190,192,-1,191,192,193,-1,193,192,194,-1,193,194,195,-1,195,194,196,-1,195,196,197,-1,197,196,198,-1,197,198,184,-1,184,198,199,-1,184,199,185,-1,200,201,202,-1,202,201,203,-1,202,203,204,-1,204,203,205,-1,204,205,206,-1,207,208,209,-1,209,208,210,-1,209,210,211,-1,211,210,206,-1,211,206,212,-1,212,206,205,-1,213,214,215,-1,215,214,216,-1,215,216,217,-1,217,216,218,-1,217,218,219,-1,219,218,207,-1,219,207,220,-1,220,207,209,-1,188,187,221,-1,221,187,222,-1,221,222,223,-1,223,222,224,-1,223,224,225,-1,225,224,226,-1,225,226,227,-1,227,226,228,-1,227,228,229,-1,229,228,230,-1,229,230,213,-1,213,230,231,-1,213,231,214,-1,232,233,234,-1,234,233,235,-1,234,235,236,-1,236,235,237,-1,236,237,238,-1,238,237,239,-1,238,239,240,-1,240,239,241,-1,240,241,242,-1,242,241,243,-1,242,243,200,-1,200,243,201,-1,9,233,8,-1,8,233,232,-1,235,233,9,-1,176,174,63,-1,63,174,172,-1,63,172,61,-1,61,172,170,-1,61,170,58,-1,58,170,179,-1,58,179,56,-1,56,179,181,-1,56,181,54,-1,54,181,183,-1,54,183,52,-1,52,183,189,-1,52,189,41,-1,41,189,191,-1,41,191,43,-1,43,191,193,-1,43,193,45,-1,45,193,47,-1,47,193,195,-1,47,195,49,-1,195,197,49,-1,49,197,184,-1,49,184,51,-1,51,184,186,-1,51,186,24,-1,24,186,188,-1,221,27,188,-1,188,27,28,-1,188,28,24,-1,31,33,225,-1,225,33,35,-1,225,35,223,-1,223,35,37,-1,223,37,221,-1,221,37,25,-1,221,25,27,-1,225,227,31,-1,31,227,229,-1,31,229,29,-1,29,229,213,-1,29,213,11,-1,11,213,215,-1,11,215,13,-1,13,215,217,-1,13,217,15,-1,15,217,219,-1,15,219,17,-1,17,219,220,-1,220,209,17,-1,17,209,211,-1,17,211,19,-1,19,211,212,-1,19,212,21,-1,212,205,21,-1,21,205,203,-1,21,203,1,-1,1,203,201,-1,1,201,3,-1,3,201,243,-1,3,243,5,-1,5,243,241,-1,5,241,7,-1,7,241,239,-1,7,239,9,-1,9,239,237,-1,9,237,235,-1,63,65,176,-1,176,65,79,-1,176,79,178,-1,178,79,77,-1,178,77,158,-1,75,162,77,-1,77,162,160,-1,77,160,158,-1,67,145,69,-1,69,145,141,-1,69,141,71,-1,71,141,168,-1,71,168,73,-1,73,168,166,-1,73,166,75,-1,75,166,164,-1,75,164,162,-1,150,95,93,-1,150,93,148,-1,150,152,95,-1,95,152,154,-1,95,154,97,-1,97,154,142,-1,97,142,67,-1,67,142,144,-1,67,144,145,-1,93,91,148,-1,148,91,89,-1,148,89,146,-1,146,89,87,-1,146,87,128,-1,128,87,85,-1,128,85,130,-1,130,85,83,-1,130,83,132,-1,132,83,81,-1,132,81,134,-1,134,81,109,-1,134,109,136,-1,109,107,136,-1,136,107,105,-1,136,105,138,-1,105,103,138,-1,138,103,101,-1,138,101,124,-1,124,101,99,-1,124,99,126,-1,126,99,119,-1,126,119,125,-1,119,117,125,-1,125,117,115,-1,125,115,121,-1,121,115,113,-1,121,113,111,-1,244,245,246,-1,246,245,247,-1,248,249,244,-1,244,249,245,-1,250,251,248,-1,248,251,249,-1,252,253,254,-1,254,253,251,-1,254,251,250,-1,255,256,257,-1,257,256,253,-1,257,253,252,-1,258,259,260,-1,260,259,256,-1,260,256,261,-1,261,256,255,-1,259,258,262,-1,262,258,263,-1,262,263,264,-1,265,266,267,-1,267,266,268,-1,267,268,269,-1,269,268,270,-1,269,270,271,-1,271,270,272,-1,271,272,273,-1,273,272,274,-1,273,274,275,-1,275,274,276,-1,275,276,277,-1,277,276,278,-1,277,278,279,-1,279,278,280,-1,279,280,281,-1,281,280,282,-1,281,282,283,-1,283,282,284,-1,283,284,285,-1,285,284,286,-1,285,286,264,-1,264,286,262,-1,287,288,289,-1,289,288,290,-1,289,290,291,-1,291,290,292,-1,291,292,293,-1,293,292,266,-1,293,266,265,-1,294,295,287,-1,287,295,288,-1,295,294,296,-1,295,296,297,-1,297,296,298,-1,297,298,299,-1,297,299,300,-1,300,299,301,-1,300,301,302,-1,302,301,303,-1,302,303,304,-1,304,303,305,-1,304,305,306,-1,306,305,307,-1,306,307,308,-1,308,307,309,-1,308,309,310,-1,310,309,311,-1,310,311,312,-1,312,311,313,-1,312,313,314,-1,314,313,315,-1,314,315,316,-1,316,315,317,-1,316,317,318,-1,318,317,319,-1,318,319,320,-1,320,319,321,-1,320,321,322,-1,323,324,325,-1,325,324,320,-1,325,320,322,-1,326,327,323,-1,323,327,324,-1,246,247,328,-1,328,247,327,-1,328,327,326,-1,324,327,320,-1,320,327,247,-1,320,259,318,-1,318,259,262,-1,318,262,316,-1,316,262,286,-1,316,286,314,-1,314,286,284,-1,314,284,312,-1,312,284,282,-1,312,282,310,-1,310,282,280,-1,310,280,308,-1,308,280,278,-1,308,278,306,-1,306,278,276,-1,306,276,304,-1,304,276,274,-1,304,274,302,-1,302,274,272,-1,302,272,300,-1,272,270,300,-1,300,270,268,-1,300,268,297,-1,268,266,297,-1,297,266,292,-1,297,292,295,-1,295,292,290,-1,295,290,288,-1,253,256,251,-1,251,256,259,-1,251,259,249,-1,249,259,320,-1,249,320,245,-1,245,320,247,-1,329,330,331,-1,331,330,332,-1,333,334,329,-1,329,334,330,-1,335,336,333,-1,333,336,334,-1,337,338,335,-1,335,338,336,-1,339,340,337,-1,337,340,338,-1,341,342,339,-1,339,342,340,-1,343,344,341,-1,341,344,342,-1,345,346,343,-1,343,346,344,-1,347,348,345,-1,345,348,346,-1,348,347,349,-1,349,347,350,-1,349,350,351,-1,352,353,351,-1,351,353,349,-1,331,332,354,-1,354,332,353,-1,354,353,352,-1,348,349,353,-1,353,332,348,-1,348,332,330,-1,348,330,346,-1,342,344,340,-1,340,344,346,-1,340,346,338,-1,338,346,330,-1,338,330,336,-1,336,330,334,-1,355,356,357,-1,357,356,358,-1,356,355,359,-1,359,355,360,-1,359,360,361,-1,361,360,362,-1,361,362,363,-1,363,362,364,-1,363,364,365,-1,365,364,366,-1,365,366,367,-1,367,366,368,-1,367,368,369,-1,369,368,370,-1,369,370,371,-1,371,370,372,-1,371,372,373,-1,373,372,374,-1,373,374,375,-1,375,374,376,-1,375,376,377,-1,377,376,378,-1,377,378,379,-1,379,378,380,-1,379,380,381,-1,381,380,382,-1,381,382,383,-1,383,382,384,-1,383,384,385,-1,385,384,386,-1,385,386,387,-1,387,386,388,-1,387,388,389,-1,389,388,390,-1,389,390,391,-1,391,390,392,-1,391,392,393,-1,393,392,394,-1,393,394,395,-1,395,394,396,-1,395,396,397,-1,397,396,398,-1,397,398,399,-1,399,398,400,-1,399,400,401,-1,401,400,402,-1,403,404,405,-1,405,404,406,-1,405,406,407,-1,407,406,408,-1,407,408,409,-1,409,408,410,-1,409,410,411,-1,411,410,412,-1,411,412,413,-1,413,412,414,-1,413,414,402,-1,402,414,415,-1,402,415,401,-1,416,417,403,-1,403,417,404,-1,358,417,357,-1,357,417,416,-1,418,390,419,-1,419,390,388,-1,419,388,420,-1,421,402,422,-1,422,402,400,-1,422,400,423,-1,423,400,398,-1,423,398,424,-1,424,398,396,-1,424,396,425,-1,425,396,394,-1,425,394,418,-1,418,394,392,-1,418,392,390,-1,421,426,402,-1,402,426,427,-1,402,427,413,-1,413,427,428,-1,413,428,411,-1,411,428,429,-1,411,429,409,-1,409,429,430,-1,409,430,407,-1,407,430,431,-1,407,431,405,-1,405,431,432,-1,405,432,403,-1,403,432,433,-1,403,433,416,-1,416,433,434,-1,416,434,357,-1,357,434,435,-1,357,435,355,-1,355,435,436,-1,355,436,360,-1,360,436,437,-1,360,437,362,-1,362,437,438,-1,362,438,364,-1,364,438,439,-1,364,439,366,-1,366,439,440,-1,366,440,368,-1,368,440,441,-1,368,441,370,-1,441,442,370,-1,370,442,443,-1,370,443,372,-1,372,443,444,-1,372,444,374,-1,374,444,445,-1,374,445,376,-1,376,445,446,-1,376,446,378,-1,378,446,447,-1,420,388,448,-1,448,388,386,-1,448,386,449,-1,449,386,384,-1,449,384,450,-1,450,384,382,-1,450,382,447,-1,447,382,380,-1,447,380,378,-1,433,451,434,-1,434,451,452,-1,453,427,454,-1,454,427,426,-1,454,426,455,-1,455,426,421,-1,455,421,456,-1,451,433,457,-1,457,433,432,-1,457,432,458,-1,458,432,431,-1,458,431,459,-1,459,431,430,-1,459,430,460,-1,460,430,429,-1,460,429,453,-1,453,429,428,-1,453,428,427,-1,448,461,420,-1,420,461,462,-1,420,462,419,-1,419,462,463,-1,419,463,418,-1,418,463,464,-1,418,464,425,-1,425,464,465,-1,425,465,424,-1,424,465,466,-1,424,466,423,-1,423,466,467,-1,423,467,422,-1,422,467,468,-1,422,468,421,-1,421,468,456,-1,443,442,469,-1,469,470,443,-1,443,470,471,-1,443,471,444,-1,444,471,472,-1,461,448,473,-1,473,448,449,-1,473,449,474,-1,474,449,450,-1,474,450,475,-1,475,450,447,-1,475,447,476,-1,476,447,446,-1,476,446,472,-1,472,446,445,-1,472,445,444,-1,436,477,437,-1,437,477,478,-1,437,478,438,-1,438,478,479,-1,438,479,439,-1,439,479,480,-1,439,480,440,-1,440,480,481,-1,440,481,441,-1,441,481,482,-1,441,482,442,-1,442,482,469,-1,435,483,436,-1,436,483,477,-1,435,434,483,-1,483,434,452,-1,
        ]
    }
}
Shape{
    appearance Appearance {
        material  Material 	{
            diffuseColor 1.0 1.0 1.0
            specularColor 0.5019607843137255 0.5019607843137255 0.5019607843137255
            ambientIntensity 1.0
            transparency 0.0
            shininess 0.5
        }
    }
    geometry IndexedFaceSet {
        ccw TRUE
        solid FALSE
        coord DEF co Coordinate {
            point [
                -0.5375 1.0053 0.4121, -0.5338 1.0073 0.4185, -0.529 1.0098 0.3447, -0.4952 1.0268 0.3322, -0.5079 1.0205 0.3338, -0.5109 1.019 0.3342, -0.5157 1.0166 0.3362, -0.5213 1.0137 0.3386, -0.5225 1.0131 0.3396, -0.5419 1.0029 0.3979, -0.5416 1.0031 0.401, -0.5401 1.0039 0.4056, -0.5299 1.0093 0.3454, -0.5306 1.0089 0.3462, -0.5392 1.0044 0.3612, -0.5384 1.0048 0.3609, -0.537 1.0055 0.3556, -0.5355 1.0063 0.3533, -0.5431 1.0023 0.3809, -0.5432 1.0022 0.385, -0.5409 1.0035 0.3657, -0.5413 1.0032 0.3686, -0.5431 1.0023 0.3809, -0.5386 1.0047 0.4103, -0.5303 1.0091 0.4226, -0.5228 1.013 0.4279, -0.4776 1.035 0.3322, -0.5336 1.0074 0.4188, -0.5204 1.0142 0.4296, -0.5148 1.0171 0.4317, -0.5099 1.0195 0.4336, -0.5054 1.0217 0.4341, -0.4959 1.0264 0.4351, -0.4776 1.035 0.4351
            ]
        }
        coordIndex [
            0,1,2,-1,3,4,1,-1,1,4,5,-1,1,5,6,-1,6,7,1,-1,1,7,8,-1,1,8,2,-1,9,10,11,-1,11,12,13,-1,14,15,16,-1,16,15,17,-1,18,19,9,-1,14,20,15,-1,15,20,21,-1,15,21,22,-1,13,17,11,-1,11,17,15,-1,11,15,9,-1,9,15,22,-1,9,22,18,-1,12,11,2,-1,2,11,23,-1,2,23,0,-1,24,25,26,-1,3,1,26,-1,26,1,27,-1,26,27,24,-1,25,28,26,-1,26,28,29,-1,26,29,30,-1,30,31,26,-1,26,31,32,-1,26,32,33,-1,
        ]
    }
}
Shape{
    appearance Appearance {
        material  Material 	{
            diffuseColor 0.0 0.0 0.0
            specularColor 0.0 0.0 0.0
            ambientIntensity 0.0
            transparency 0.0
            shininess 0.5
        }
    }
    geometry IndexedFaceSet {
        ccw TRUE
        solid FALSE
        coord DEF co Coordinate {
            point [
                -0.6112 0.967 0.4505, -0.6091 0.9637 0.4505, -0.5874 0.977 0.3838, -0.5674 0.9933 0.317, -0.5862 0.9777 0.38, -0.5655 0.9898 0.317, -0.5819 0.9803 0.317, -0.5839 0.9837 0.317, -0.5929 0.9737 0.3535, -0.595 0.977 0.3535, -0.5874 0.977 0.3353, -0.5862 0.9777 0.3311, -0.6397 0.9437 0.3535, -0.6419 0.9469 0.3535, -0.6509 0.936 0.317, -0.6532 0.9392 0.317, -0.6453 0.9398 0.3353, -0.6665 0.925 0.317, -0.6688 0.9282 0.317, -0.6246 0.9537 0.4505, -0.6267 0.957 0.4505, -0.6457 0.9396 0.3838, -0.6375 0.9499 0.3686, -0.5997 0.9742 0.3686, -0.6082 0.9689 0.3963, -0.6166 0.9636 0.4241, -0.6176 0.9629 0.4281, -0.6185 0.9624 0.4334, -0.6188 0.9621 0.4334, -0.6197 0.9616 0.4281, -0.6206 0.961 0.4241, -0.6291 0.9555 0.3963, -0.6163 0.9591 0.4334, -0.6145 0.9602 0.4241, -0.6167 0.9588 0.4334, -0.6184 0.9577 0.4241, -0.6353 0.9466 0.3686, -0.5976 0.9708 0.3686
            ]
        }
        coordIndex [
            0,1,2,-1,0,2,3,-1,3,2,4,-1,3,4,5,-1,6,7,5,-1,5,7,3,-1,8,9,10,-1,10,9,7,-1,10,7,11,-1,11,7,6,-1,12,13,8,-1,8,13,9,-1,14,15,16,-1,16,15,13,-1,16,13,12,-1,17,18,14,-1,14,18,15,-1,19,20,21,-1,21,20,18,-1,21,18,17,-1,0,20,1,-1,1,20,19,-1,3,7,9,-1,13,22,9,-1,9,22,23,-1,9,23,3,-1,3,23,24,-1,3,24,0,-1,0,24,25,-1,25,26,0,-1,0,26,27,-1,0,27,20,-1,27,28,20,-1,20,28,29,-1,20,29,30,-1,30,31,20,-1,20,31,22,-1,20,22,18,-1,18,22,13,-1,18,13,15,-1,32,27,33,-1,33,27,26,-1,33,26,25,-1,34,28,32,-1,32,28,27,-1,28,34,29,-1,29,34,35,-1,29,35,30,-1,30,35,31,-1,31,35,36,-1,31,36,22,-1,37,23,36,-1,36,23,22,-1,23,37,24,-1,24,37,33,-1,24,33,25,-1,
        ]
    }
}
Shape{
    appearance Appearance {
        material  Material 	{
            diffuseColor 1.0 1.0 1.0
            specularColor 0.5019607843137255 0.5019607843137255 0.5019607843137255
            ambientIntensity 1.0
            transparency 0.0
            shininess 0.5
        }
    }
    geometry IndexedFaceSet {
        ccw TRUE
        solid FALSE
        coord DEF co Coordinate {
            point [
                -0.6167 0.9588 0.4334, -0.6163 0.9591 0.4334, -0.6184 0.9577 0.4241, -0.6145 0.9602 0.4241, -0.6353 0.9466 0.3686, -0.5976 0.9708 0.3686
            ]
        }
        coordIndex [
            0,1,2,-1,2,1,3,-1,2,3,4,-1,4,3,5,-1,
        ]
    }
}
Shape{
    appearance Appearance {
        material  Material 	{
            diffuseColor 0.0 0.0 0.0
            specularColor 0.0 0.0 0.0
            ambientIntensity 0.0
            transparency 0.0
            shininess 0.5
        }
    }
    geometry IndexedFaceSet {
        ccw TRUE
        solid FALSE
        coord DEF co Coordinate {
            point [
                0.3678 1.0788 0.698, 0.3691 1.0826 0.698, 0.3634 1.0845 0.6979, 0.3428 1.0868 0.6949, 0.3439 1.0907 0.6955, 0.3265 1.092 0.6929, 0.3335 1.094 0.6942, 0.3089 1.0969 0.6862, 0.2444 1.1173 0.6487, 0.2436 1.1134 0.6487, 0.2722 1.1109 0.6694, 0.2753 1.1059 0.6705, 0.2757 1.1099 0.6712, 0.2854 1.1035 0.6774, 0.302 1.1031 0.6846, 0.3097 1.1009 0.687, 0.4736 1.0369 0.661, 0.4752 1.0404 0.661, 0.4634 1.0414 0.6679, 0.4651 1.045 0.668, 0.4539 1.0456 0.6744, 0.4589 1.0477 0.6724, 0.4338 1.0539 0.683, 0.4357 1.0575 0.684, 0.4309 1.0595 0.6864, 0.4128 1.0625 0.692, 0.4035 1.0702 0.6943, 0.402 1.0664 0.6934, 0.396 1.073 0.6955, 0.4009 1.0712 0.695, 0.3862 1.0722 0.6955, 0.5113 1.0188 0.6192, 0.513 1.0224 0.6192, 0.5111 1.0189 0.6195, 0.5129 1.0225 0.6195, 0.4928 1.0279 0.6429, 0.4965 1.0305 0.6406, 0.4941 1.0316 0.6429, 0.4926 1.028 0.6431, 0.5325 1.0124 0.6211, 0.5226 1.0131 0.6206, 0.5307 1.0089 0.6211, 0.6247 0.9536 0.5756, 0.6269 0.9569 0.5756, 0.6204 0.9565 0.5805, 0.6215 0.9604 0.5808, 0.6197 0.9569 0.5811, 0.5998 0.9694 0.5979, 0.6061 0.9702 0.5957, 0.6021 0.9726 0.5981, 0.5946 0.9727 0.6023, 0.5838 0.9837 0.6095, 0.5782 0.9823 0.6098, 0.5806 0.9856 0.6106, 0.5643 0.9905 0.6162, 0.5591 0.998 0.6181, 0.5545 0.9959 0.6177, 0.5566 0.9993 0.6184, 0.5398 1.0039 0.6198, 0.5497 1.0031 0.6192, 0.6616 0.9285 0.4674, 0.6638 0.9317 0.4674, 0.6614 0.9286 0.4739, 0.6632 0.9322 0.4753, 0.6612 0.9288 0.4754, 0.6576 0.9314 0.5029, 0.6614 0.9335 0.4977, 0.6601 0.9344 0.5029, 0.6566 0.9321 0.5104, 0.6544 0.9384 0.526, 0.6499 0.9367 0.5293, 0.6528 0.9395 0.5296, 0.6442 0.9406 0.5452, 0.6428 0.9463 0.5522, 0.6385 0.9444 0.5541, 0.6413 0.9474 0.5545, 0.6422 0.942 0.387, 0.6287 0.951 0.364, 0.6309 0.9543 0.364, 0.6427 0.9464 0.3824, 0.6446 0.9451 0.3868, 0.6459 0.9395 0.3932, 0.6542 0.9385 0.4086, 0.6522 0.9351 0.4128, 0.6552 0.9378 0.4124, 0.6575 0.9314 0.4289, 0.6614 0.9335 0.4373, 0.6587 0.9306 0.4403, 0.6616 0.9333 0.4402, 0.564 0.9907 0.3185, 0.5659 0.9941 0.3185, 0.5673 0.9888 0.3196, 0.5691 0.9923 0.3198, 0.5731 0.9855 0.3216, 0.5896 0.9803 0.3283, 0.5894 0.9756 0.3307, 0.5919 0.9789 0.3299, 0.6033 0.9673 0.3385, 0.6116 0.9667 0.3436, 0.6107 0.9626 0.3459, 0.6133 0.9657 0.3453, 0.4948 1.0268 0.2555, 0.4839 1.0321 0.2539, 0.4856 1.0356 0.2539, 0.5482 0.9995 0.2878, 0.5417 1.003 0.2789, 0.5456 1.0054 0.2811, 0.5395 1.0087 0.2758, 0.4915 1.0329 0.2542, 0.4965 1.0304 0.2552, 0.5055 1.0217 0.2569, 0.512 1.0229 0.2584, 0.5101 1.0194 0.2589, 0.5122 1.0228 0.2585, 0.5247 1.012 0.2653, 0.5264 1.0155 0.2656, 0.5249 1.0119 0.2654, 0.5297 1.0139 0.2673, 0.5377 1.0052 0.2757, 0.5398 1.004 0.2774, 0.5498 1.0031 0.2869, 0.5503 1.0028 0.2876, 0.555 0.9958 0.2968, 0.557 0.9991 0.297, 0.5571 0.9945 0.302, 0.5591 0.998 0.302, 0.3979 1.0682 0.3348, 0.3964 1.0687 0.3488, 0.3978 1.0724 0.3488, 0.3982 1.0722 0.3399, 0.3993 1.0718 0.3348, 0.3985 1.0679 0.329, 0.4021 1.0666 0.3178, 0.4196 1.064 0.2878, 0.4176 1.0606 0.2875, 0.4128 1.0667 0.2962, 0.4087 1.0641 0.302, 0.4101 1.0677 0.302, 0.4056 1.0652 0.307, 0.403 1.0704 0.3171, 0.4029 1.0705 0.3176, 0.469 1.0432 0.2563, 0.4674 1.0396 0.2564, 0.4639 1.0455 0.257, 0.4621 1.042 0.2571, 0.4532 1.0501 0.2616, 0.4517 1.0465 0.2617, 0.4438 1.0542 0.2657, 0.4418 1.0508 0.266, 0.4388 1.0562 0.2696, 0.4373 1.0526 0.2696, 0.4262 1.0614 0.2794, 0.4242 1.058 0.28, 0.4257 1.0616 0.2801, 0.4241 1.058 0.2801, 0.4177 1.0606 0.2874, 0.3964 1.0687 0.3583, 0.3978 1.0724 0.3583, 0.396 1.073 0.3593, 0.3862 1.0722 0.3641, 0.3335 1.0899 0.3934, 0.3205 1.0979 0.4012, 0.2695 1.1075 0.4285, 0.2704 1.1113 0.4285, 0.298 1.1002 0.4788, 0.299 1.104 0.4788, 0.2837 1.1039 0.4537, 0.3861 1.072 0.4305, 0.4186 1.0602 0.4124, 0.42 1.0639 0.4124, 0.3959 1.0728 0.4258, 0.3768 1.0799 0.4364, 0.3588 1.0819 0.4456, 0.4839 1.0321 0.4447, 0.4856 1.0356 0.4447, 0.4742 1.0366 0.444, 0.4758 1.0402 0.444, 0.4741 1.0366 0.444, 0.4754 1.0404 0.444, 0.4587 1.0435 0.44, 0.4603 1.0471 0.44, 0.4536 1.0457 0.4387, 0.4548 1.0495 0.4386, 0.4444 1.0496 0.4335, 0.4459 1.0533 0.4336, 0.4349 1.0536 0.4281, 0.4363 1.0573 0.4281, 0.431 1.0552 0.4243, 0.4324 1.0589 0.4244, 0.5591 0.9935 0.3916, 0.5632 0.9912 0.382, 0.5651 0.9946 0.382, 0.5629 0.9958 0.3881, 0.5611 0.9969 0.3916, 0.5559 0.9953 0.3991, 0.5531 1.0013 0.4068, 0.5508 0.9981 0.4064, 0.5422 1.0072 0.42, 0.5427 1.0025 0.4178, 0.5498 1.0031 0.411, 0.5528 1.0015 0.4074, 0.5024 1.0276 0.4423, 0.5007 1.024 0.4422, 0.5071 1.0253 0.4416, 0.5059 1.0215 0.4414, 0.5178 1.0199 0.4371, 0.5159 1.0165 0.4368, 0.5233 1.0171 0.4348, 0.5255 1.0116 0.4324, 0.5313 1.013 0.4289, 0.5295 1.0095 0.429, 0.5405 1.0081 0.422, 0.5398 1.004 0.4203, 0.5403 1.0038 0.4199, 0.6123 0.9663 0.4506, 0.6103 0.963 0.4505, 0.6126 0.9661 0.4516, 0.612 0.9619 0.4693, 0.6141 0.9652 0.4693, 0.58 0.986 0.3926, 0.5779 0.9826 0.3927, 0.5833 0.984 0.395, 0.5823 0.9801 0.3959, 0.5907 0.9796 0.4038, 0.5886 0.9763 0.4038, 0.5974 0.9756 0.4118, 0.5969 0.9712 0.4143, 0.6004 0.9737 0.4176, 0.5985 0.9703 0.4174, 0.6005 0.9737 0.4178, 0.5986 0.9702 0.4176, 0.6065 0.9699 0.4293, 0.6034 0.9672 0.4269, 0.6078 0.9692 0.4339, 0.6055 0.9659 0.434, 0.6101 0.963 0.4493, 0.5298 1.0093 0.5642, 0.5317 1.0128 0.5642, 0.5398 1.004 0.5629, 0.5396 1.0086 0.5637, 0.5425 1.0025 0.5626, 0.5443 1.006 0.5626, 0.5482 0.9995 0.5618, 0.5497 1.0031 0.5612, 0.5573 0.9944 0.5581, 0.5854 0.9828 0.5407, 0.5837 0.9792 0.5412, 0.5779 0.9872 0.5482, 0.5711 0.9866 0.551, 0.5731 0.99 0.5509, 0.5674 0.9888 0.5539, 0.5597 0.9977 0.5587, 0.5595 0.9977 0.5588, 0.6121 0.9664 0.4876, 0.6099 0.9632 0.4876, 0.6115 0.9668 0.4931, 0.6092 0.9636 0.4935, 0.6075 0.9693 0.5048, 0.6054 0.966 0.5047, 0.6041 0.9715 0.515, 0.6016 0.9684 0.5157, 0.6007 0.9735 0.5204, 0.5987 0.9702 0.5204, 0.5923 0.9787 0.5339, 0.5897 0.9757 0.5346, 0.5917 0.979 0.5345, 0.5896 0.9757 0.5347, 0.584 0.979 0.5409, 0.4848 1.0317 0.55, 0.4865 1.0352 0.55, 0.4881 1.0301 0.552, 0.4902 1.0335 0.5523, 0.4981 1.0253 0.5564, 0.4998 1.0288 0.5564, 0.5085 1.0203 0.561, 0.5106 1.0236 0.5611, 0.5137 1.0176 0.5618, 0.5154 1.0211 0.5618, 0.3669 1.0791 0.6411, 0.3682 1.0829 0.6411, 0.384 1.0731 0.6387, 0.3854 1.0768 0.6392, 0.3862 1.0723 0.6384, 0.3947 1.0735 0.6382, 0.4005 1.0672 0.6364, 0.396 1.073 0.6378, 0.4061 1.065 0.6339, 0.4075 1.0686 0.6339, 0.4275 1.0566 0.6245, 0.4192 1.0642 0.6299, 0.4288 1.0603 0.6241, 0.429 1.0561 0.6239, 0.4417 1.0551 0.6161, 0.4466 1.0487 0.6097, 0.4482 1.0523 0.6099, 0.4537 1.0457 0.6039, 0.4602 1.0472 0.5985, 0.4622 1.042 0.5924, 0.4641 1.0454 0.5927, 0.4732 1.0371 0.5774, 0.4755 1.0403 0.5762, 0.4747 1.0364 0.5738, 0.4764 1.0399 0.5739, 0.2389 1.1144 0.5225, 0.2398 1.1183 0.5225, 0.2436 1.1134 0.5444, 0.2445 1.1173 0.5444, 0.2443 1.1133 0.5475, 0.2455 1.117 0.549, 0.2531 1.1113 0.5673, 0.2537 1.1152 0.5674, 0.2578 1.1103 0.5776, 0.2567 1.1145 0.5743, 0.266 1.1083 0.5881, 0.2667 1.1122 0.5883, 0.2779 1.1054 0.6032, 0.2728 1.1107 0.5968, 0.2832 1.1081 0.6064, 0.3442 1.0907 0.6384, 0.3431 1.0869 0.6382, 0.3414 1.0916 0.638, 0.3394 1.0881 0.6378, 0.3213 1.0976 0.6312, 0.3204 1.0937 0.6307, 0.3161 1.0992 0.6294, 0.3096 1.0969 0.6266, 0.3002 1.1036 0.6198, 0.2994 1.0997 0.6195, 0.293 1.1056 0.6155, 0.2831 1.1041 0.6081, 0.2818 1.1044 0.6069, 0.2337 1.1196 0.5225, 0.2315 1.116 0.5225, 0.2323 1.1199 0.5225, 0.1745 1.1303 0.4931, 0.1736 1.1264 0.4933, 0.173 1.1265 0.4926, 0.1586 1.1286 0.4485, 0.1592 1.1325 0.4485, 0.1594 1.1285 0.4574, 0.1597 1.1325 0.4574, 0.1597 1.1285 0.4613, 0.1598 1.1325 0.4578, 0.1624 1.1281 0.4703, 0.1628 1.132 0.4704, 0.1647 1.1278 0.4783, 0.1639 1.1319 0.4749, 0.1672 1.1274 0.4825, 0.1678 1.1313 0.4825, 0.1714 1.1308 0.4895, 0.1825 1.125 0.5031, 0.1831 1.1289 0.5031, 0.1827 1.125 0.5033, 0.1832 1.1289 0.5032, 0.1931 1.1233 0.5109, 0.1938 1.1271 0.5109, 0.1968 1.1226 0.5136, 0.1974 1.1265 0.5135, 0.2046 1.1212 0.5168, 0.2053 1.1251 0.5168, 0.2118 1.1199 0.5197, 0.2125 1.1238 0.5197, 0.2164 1.119 0.5204, 0.2172 1.1229 0.5204, 0.2243 1.1174 0.5215, 0.2259 1.1171 0.3744, 0.2267 1.121 0.3744, 0.2243 1.1175 0.3748, 0.2134 1.1236 0.3772, 0.1787 1.1296 0.3979, 0.1783 1.1257 0.3976, 0.1897 1.1278 0.3884, 0.189 1.124 0.3883, 0.1923 1.1274 0.3861, 0.1913 1.1236 0.3863, 0.2013 1.1258 0.3817, 0.2006 1.1219 0.3817, 0.2083 1.1246 0.3782, 0.2072 1.1208 0.3784, 0.2126 1.1197 0.3772, 0.1612 1.1323 0.4328, 0.1607 1.1284 0.4328, 0.1619 1.1322 0.4281, 0.1613 1.1283 0.428, 0.1648 1.1317 0.4207, 0.1642 1.1278 0.4207, 0.168 1.1313 0.4127, 0.1675 1.1274 0.4126, 0.1707 1.1309 0.4089, 0.1701 1.127 0.4089, 0.1784 1.1297 0.3982, 0.1778 1.1258 0.3981, 0.1786 1.1297 0.398, 0.1779 1.1258 0.398, 0.178 1.1258 0.3979, 0.2676 1.1079 0.3744, 0.2685 1.1117 0.3744, 0.2337 1.1196 0.3744, 0.2732 1.1066 0.3754, 0.2741 1.1104 0.3754, 0.2977 1.1043 0.3625, 0.2965 1.1006 0.3623, 0.2977 1.1043 0.3624, 0.2989 1.0999 0.3582, 0.3001 1.1036 0.3576, 0.2991 1.0998 0.3576, 0.3008 1.1035 0.3563, 0.3007 1.0994 0.3522, 0.3017 1.1032 0.3522, 0.3011 1.0993 0.3511, 0.3024 1.103 0.3492, 0.3016 1.0992 0.346, 0.3027 1.103 0.346, 0.28 1.1089 0.3746, 0.279 1.1051 0.3746, 0.2812 1.1086 0.3744, 0.2799 1.1049 0.3744, 0.2854 1.1075 0.3728, 0.2843 1.1037 0.3727, 0.2874 1.107 0.372, 0.2868 1.1031 0.3717, 0.2901 1.1063 0.3701, 0.289 1.1025 0.37, 0.2931 1.1055 0.3679, 0.2925 1.1016 0.3674, 0.2941 1.1053 0.3667, 0.2931 1.1014 0.3667, 0.2943 1.1052 0.3665, 0.2933 1.1014 0.3665, 0.2952 1.1009 0.3644, 0.275 1.1061 0.3166, 0.2759 1.1099 0.3166, 0.2791 1.1051 0.3175, 0.28 1.1089 0.3175, 0.2818 1.1044 0.318, 0.2834 1.108 0.3182, 0.2843 1.1038 0.3193, 0.2853 1.1076 0.3192, 0.2883 1.1027 0.3212, 0.2898 1.1064 0.3215, 0.289 1.1025 0.3219, 0.2901 1.1063 0.3218, 0.2931 1.1015 0.3254, 0.2941 1.1053 0.3254, 0.2938 1.1013 0.326, 0.2953 1.1049 0.3264, 0.2964 1.1006 0.3297, 0.2975 1.1044 0.3296, 0.298 1.1001 0.332, 0.2993 1.1039 0.3324, 0.299 1.0999 0.3345, 0.3001 1.1037 0.3345, 0.3007 1.0994 0.3391, 0.3017 1.1032 0.3388, 0.3008 1.0994 0.34, 0.3019 1.1032 0.34, 0.2337 1.1196 0.3166, 0.2259 1.1171 0.3166, 0.2267 1.121 0.3166, 0.2239 1.1216 0.3166, 0.2243 1.1175 0.3166, 0.2231 1.1177 0.3166, 0.2204 1.1183 0.3166, 0.2211 1.1221 0.3166, 0.155 1.1291 0.3424, 0.1351 1.1317 0.3593, 0.1356 1.1356 0.3593, 0.1464 1.1343 0.3487, 0.1554 1.133 0.3423, 0.1621 1.1282 0.3364, 0.1687 1.1312 0.3328, 0.175 1.1261 0.3303, 0.1754 1.1301 0.3299, 0.1916 1.1235 0.3224, 0.1937 1.1272 0.322, 0.1953 1.1228 0.3217, 0.196 1.1267 0.3215, 0.1002 1.1353 0.4494, 0.1005 1.1392 0.4494, 0.1003 1.1353 0.4431, 0.1014 1.1392 0.4341, 0.1036 1.135 0.4233, 0.1037 1.1389 0.4233, 0.1056 1.1348 0.411, 0.1072 1.1386 0.4072, 0.1101 1.1344 0.4006, 0.1102 1.1383 0.4006, 0.1174 1.1337 0.3836, 0.1186 1.1375 0.3822, 0.1197 1.1334 0.3804, 0.1199 1.1373 0.3803, 0.1891 1.1239 0.5723, 0.1933 1.1232 0.5737, 0.194 1.1271 0.5737, 0.1789 1.1255 0.5672, 0.1794 1.1294 0.5674, 0.1604 1.1284 0.5579, 0.169 1.1311 0.5628, 0.1583 1.1326 0.5553, 0.1576 1.1288 0.5555, 0.1465 1.1343 0.5469, 0.1384 1.1313 0.539, 0.139 1.1351 0.5389, 0.1351 1.1317 0.5362, 0.1275 1.1365 0.5265, 0.1225 1.1331 0.5185, 0.1227 1.137 0.5187, 0.1157 1.1339 0.5087, 0.1131 1.1381 0.5029, 0.1113 1.1343 0.4974, 0.1112 1.1382 0.4976, 0.104 1.135 0.4784, 0.104 1.1389 0.4772, 0.1034 1.135 0.4744, 0.1036 1.139 0.4744, 0.2261 1.117 0.6281, 0.2337 1.1195 0.6373, 0.2268 1.121 0.63, 0.226 1.1211 0.6289, 0.2066 1.1249 0.6004, 0.2067 1.1208 0.6, 0.2078 1.1246 0.6031, 0.2136 1.1196 0.6135, 0.2243 1.1174 0.626, 0.301 1.1034 0.3372, 0.4931 1.0321 0.3838, 0.4865 1.0352 0.3849, 0.4792 1.0386 0.3839, 0.4785 1.0389 0.3838, 0.4558 1.0491 0.3632, 0.454 1.0499 0.3589, 0.4735 1.0412 0.3817, 0.4707 1.0425 0.3806, 0.468 1.0437 0.3785, 0.4636 1.0457 0.3751, 0.4626 1.0461 0.3741, 0.4626 1.0461 0.374, 0.4573 1.0484 0.3669, 0.4587 1.0478 0.3687, 0.4622 1.0463 0.3737, 0.4538 1.0499 0.3579, 0.4528 1.0504 0.3517, 0.4527 1.0504 0.3507, 0.453 1.0503 0.344, 0.4636 1.0457 0.3207, 0.4598 1.0473 0.3251, 0.4594 1.0475 0.3259, 0.4563 1.0489 0.3313, 0.4557 1.0491 0.3323, 0.4542 1.0498 0.3375, 0.4532 1.0502 0.3408, 0.464 1.0455 0.3203, 0.4688 1.0433 0.3164, 0.47 1.0428 0.3155, 0.4742 1.0409 0.3136, 0.4769 1.0397 0.3124, 0.4798 1.0383 0.3119, 0.4865 1.0352 0.3109, 0.4896 1.0338 0.3111, 0.4933 1.032 0.312, 0.4977 1.0299 0.313, 0.5139 1.0219 0.3272, 0.516 1.0209 0.3304, 0.4991 1.0292 0.3138, 0.5046 1.0265 0.3169, 0.5052 1.0263 0.3172, 0.5096 1.0241 0.3216, 0.5101 1.0238 0.322, 0.5116 1.0231 0.3235, 0.5168 1.0205 0.3326, 0.5187 1.0195 0.3377, 0.5187 1.0195 0.338, 0.5196 1.0191 0.3442, 0.5198 1.0189 0.3461, 0.5194 1.0192 0.3519, 0.519 1.0193 0.356, 0.5183 1.0197 0.3584, 0.5164 1.0207 0.3643, 0.5163 1.0207 0.3646, 0.5132 1.0223 0.3698, 0.5123 1.0227 0.3714, 0.5093 1.0242 0.3749, 0.5089 1.0244 0.3752, 0.4961 1.0307 0.3833, 0.5041 1.0268 0.3792, 0.5029 1.0274 0.3801, 0.4987 1.0294 0.3821, 0.4513 1.0467 0.3432, 0.4513 1.0467 0.3517, 0.4848 1.0317 0.3849, 0.4776 1.035 0.3839, 0.4767 1.0354 0.3837, 0.4719 1.0376 0.3817, 0.469 1.0389 0.3805, 0.4664 1.0401 0.3785, 0.462 1.0421 0.3751, 0.4611 1.0424 0.374, 0.4611 1.0425 0.3739, 0.457 1.0443 0.3688, 0.4566 1.0444 0.3683, 0.4542 1.0455 0.3632, 0.453 1.046 0.3606, 0.4524 1.0463 0.3578, 0.4513 1.0467 0.3525, 0.4513 1.0467 0.344, 0.4526 1.0462 0.3375, 0.4532 1.0459 0.3347, 0.4548 1.0452 0.3313, 0.4567 1.0444 0.3274, 0.4578 1.0439 0.326, 0.4619 1.0421 0.3208, 0.4848 1.0317 0.3109, 0.4781 1.0348 0.3119, 0.4754 1.036 0.3124, 0.4726 1.0373 0.3136, 0.4684 1.0392 0.3155, 0.4672 1.0397 0.3165, 0.4625 1.0419 0.3203, 0.4916 1.0284 0.3118, 0.4923 1.0281 0.3119, 0.4974 1.0257 0.3139, 0.5 1.0244 0.3149, 0.5028 1.0231 0.317, 0.5069 1.021 0.3202, 0.5079 1.0205 0.3215, 0.5083 1.0203 0.322, 0.5123 1.0183 0.3271, 0.5126 1.0182 0.3274, 0.515 1.017 0.3326, 0.5162 1.0164 0.3353, 0.5167 1.0161 0.3381, 0.5178 1.0155 0.3434, 0.5178 1.0155 0.3442, 0.5178 1.0156 0.3519, 0.5178 1.0156 0.3527, 0.5166 1.0162 0.3584, 0.516 1.0165 0.3611, 0.5144 1.0173 0.3645, 0.5126 1.0182 0.3683, 0.5114 1.0188 0.3698, 0.5077 1.0206 0.3748, 0.4915 1.0285 0.3838, 0.4942 1.0272 0.3833, 0.497 1.0259 0.3821, 0.5012 1.0238 0.3801, 0.5024 1.0233 0.3792, 0.5071 1.0209 0.3752
            ]
        }
        coordIndex [
            0,1,2,-1,0,2,3,-1,3,2,4,-1,3,4,5,-1,5,4,6,-1,5,6,7,-1,8,9,10,-1,10,9,11,-1,10,11,12,-1,12,11,13,-1,12,13,14,-1,14,13,7,-1,14,7,15,-1,15,7,6,-1,16,17,18,-1,18,17,19,-1,18,19,20,-1,20,19,21,-1,20,21,22,-1,21,23,22,-1,22,23,24,-1,22,24,25,-1,25,24,26,-1,25,26,27,-1,28,1,0,-1,26,29,27,-1,27,29,28,-1,27,28,30,-1,30,28,0,-1,31,32,33,-1,33,32,34,-1,33,34,35,-1,35,34,36,-1,35,36,37,-1,17,16,37,-1,37,16,38,-1,37,38,35,-1,32,31,39,-1,39,31,40,-1,39,40,41,-1,42,43,44,-1,44,43,45,-1,44,45,46,-1,46,45,47,-1,45,48,47,-1,47,48,49,-1,47,49,50,-1,50,49,51,-1,50,51,52,-1,52,51,53,-1,52,53,54,-1,54,53,55,-1,54,55,56,-1,56,55,57,-1,56,57,58,-1,58,57,59,-1,58,59,41,-1,41,59,39,-1,60,61,62,-1,62,61,63,-1,62,63,64,-1,64,63,65,-1,63,66,65,-1,65,66,67,-1,65,67,68,-1,68,67,69,-1,68,69,70,-1,70,69,71,-1,70,71,72,-1,72,71,73,-1,72,73,74,-1,74,73,75,-1,74,75,42,-1,42,75,43,-1,76,77,78,-1,78,79,76,-1,76,79,80,-1,76,80,81,-1,81,80,82,-1,81,82,83,-1,83,82,84,-1,83,84,85,-1,85,84,86,-1,85,86,87,-1,87,86,88,-1,87,88,60,-1,60,88,61,-1,89,90,91,-1,91,90,92,-1,91,92,93,-1,93,92,94,-1,93,94,95,-1,95,94,96,-1,95,96,97,-1,97,96,98,-1,97,98,99,-1,99,98,100,-1,99,100,77,-1,77,100,78,-1,101,102,103,-1,104,105,106,-1,106,105,107,-1,103,108,101,-1,101,108,109,-1,101,109,110,-1,110,109,111,-1,110,111,112,-1,112,111,113,-1,112,113,114,-1,114,113,115,-1,114,115,116,-1,116,115,117,-1,116,117,118,-1,118,117,107,-1,118,107,119,-1,119,107,105,-1,106,120,104,-1,104,120,121,-1,104,121,122,-1,122,121,123,-1,122,123,124,-1,124,123,125,-1,124,125,89,-1,89,125,90,-1,126,127,128,-1,128,129,126,-1,126,129,130,-1,126,130,131,-1,131,130,132,-1,133,134,135,-1,135,134,136,-1,135,136,137,-1,137,136,138,-1,137,138,139,-1,139,138,132,-1,139,132,140,-1,140,132,130,-1,103,102,141,-1,141,102,142,-1,141,142,143,-1,143,142,144,-1,143,144,145,-1,145,144,146,-1,145,146,147,-1,147,146,148,-1,147,148,149,-1,149,148,150,-1,149,150,151,-1,151,150,152,-1,151,152,153,-1,153,152,154,-1,153,154,133,-1,133,154,155,-1,133,155,134,-1,156,157,127,-1,127,157,128,-1,158,157,156,-1,156,159,158,-1,158,159,160,-1,158,160,161,-1,161,160,162,-1,161,162,163,-1,164,165,166,-1,166,165,163,-1,166,163,162,-1,167,168,169,-1,169,170,167,-1,167,170,171,-1,167,171,172,-1,172,171,165,-1,172,165,164,-1,173,174,175,-1,175,174,176,-1,175,176,177,-1,177,176,178,-1,177,178,179,-1,179,178,180,-1,179,180,181,-1,181,180,182,-1,181,182,183,-1,183,182,184,-1,183,184,185,-1,185,184,186,-1,185,186,187,-1,187,186,188,-1,187,188,168,-1,168,188,169,-1,189,190,191,-1,191,192,189,-1,189,192,193,-1,189,193,194,-1,194,193,195,-1,194,195,196,-1,197,198,199,-1,199,198,196,-1,199,196,200,-1,200,196,195,-1,174,173,201,-1,201,173,202,-1,201,202,203,-1,203,202,204,-1,203,204,205,-1,205,204,206,-1,205,206,207,-1,207,206,208,-1,207,208,209,-1,209,208,210,-1,209,210,211,-1,211,210,212,-1,211,212,197,-1,197,212,213,-1,197,213,198,-1,214,215,216,-1,216,215,217,-1,216,217,218,-1,191,190,219,-1,219,190,220,-1,219,220,221,-1,221,220,222,-1,221,222,223,-1,223,222,224,-1,223,224,225,-1,225,224,226,-1,225,226,227,-1,227,226,228,-1,227,228,229,-1,229,228,230,-1,229,230,231,-1,231,230,232,-1,231,232,233,-1,233,232,234,-1,233,234,214,-1,214,234,235,-1,214,235,215,-1,236,237,238,-1,238,237,239,-1,238,239,240,-1,240,239,241,-1,240,241,242,-1,242,241,243,-1,242,243,244,-1,245,246,247,-1,247,246,248,-1,247,248,249,-1,249,248,250,-1,249,250,251,-1,251,250,244,-1,251,244,252,-1,252,244,243,-1,218,217,253,-1,253,217,254,-1,253,254,255,-1,255,254,256,-1,255,256,257,-1,257,256,258,-1,257,258,259,-1,259,258,260,-1,259,260,261,-1,261,260,262,-1,261,262,263,-1,263,262,264,-1,263,264,265,-1,265,264,266,-1,265,266,245,-1,245,266,267,-1,245,267,246,-1,268,269,270,-1,270,269,271,-1,270,271,272,-1,272,271,273,-1,272,273,274,-1,274,273,275,-1,274,275,276,-1,276,275,277,-1,276,277,236,-1,236,277,237,-1,278,279,280,-1,280,279,281,-1,280,281,282,-1,282,281,283,-1,282,283,284,-1,284,283,285,-1,284,285,286,-1,286,285,287,-1,286,287,288,-1,287,289,288,-1,288,289,290,-1,288,290,291,-1,291,290,292,-1,291,292,293,-1,293,292,294,-1,293,294,295,-1,295,294,296,-1,295,296,297,-1,297,296,298,-1,297,298,299,-1,299,298,300,-1,299,300,301,-1,301,300,302,-1,301,302,268,-1,268,302,269,-1,303,304,305,-1,305,304,306,-1,305,306,307,-1,307,306,308,-1,307,308,309,-1,309,308,310,-1,309,310,311,-1,311,310,312,-1,311,312,313,-1,313,312,314,-1,313,314,315,-1,315,314,316,-1,315,316,317,-1,279,278,318,-1,318,278,319,-1,318,319,320,-1,320,319,321,-1,320,321,322,-1,322,321,323,-1,322,323,324,-1,324,323,325,-1,324,325,326,-1,326,325,327,-1,326,327,328,-1,328,327,329,-1,328,329,317,-1,317,329,330,-1,317,330,315,-1,304,303,331,-1,331,303,332,-1,331,332,333,-1,334,335,336,-1,337,338,339,-1,339,338,340,-1,339,340,341,-1,341,340,342,-1,341,342,343,-1,343,342,344,-1,343,344,345,-1,345,344,346,-1,345,346,347,-1,347,346,348,-1,347,348,336,-1,336,348,349,-1,336,349,334,-1,335,334,350,-1,350,334,351,-1,350,351,352,-1,352,351,353,-1,352,353,354,-1,354,353,355,-1,354,355,356,-1,356,355,357,-1,356,357,358,-1,358,357,359,-1,358,359,360,-1,360,359,361,-1,360,361,362,-1,362,361,363,-1,362,363,364,-1,364,363,333,-1,364,333,332,-1,365,366,367,-1,367,366,368,-1,369,370,371,-1,371,370,372,-1,371,372,373,-1,373,372,374,-1,373,374,375,-1,375,374,376,-1,375,376,377,-1,377,376,378,-1,377,378,368,-1,368,378,379,-1,368,379,367,-1,338,337,380,-1,380,337,381,-1,380,381,382,-1,382,381,383,-1,382,383,384,-1,384,383,385,-1,384,385,386,-1,386,385,387,-1,386,387,388,-1,388,387,389,-1,388,389,390,-1,390,389,391,-1,390,391,392,-1,392,391,393,-1,392,393,369,-1,369,393,394,-1,369,394,370,-1,395,396,365,-1,365,396,397,-1,365,397,366,-1,398,399,395,-1,395,399,396,-1,400,401,402,-1,402,401,403,-1,402,403,404,-1,404,403,405,-1,404,405,406,-1,406,405,407,-1,406,407,408,-1,408,407,409,-1,408,409,410,-1,410,409,411,-1,410,411,412,-1,399,398,413,-1,413,398,414,-1,413,414,415,-1,415,414,416,-1,415,416,417,-1,417,416,418,-1,417,418,419,-1,419,418,420,-1,419,420,421,-1,421,420,422,-1,421,422,423,-1,423,422,424,-1,423,424,425,-1,425,424,426,-1,425,426,427,-1,427,426,428,-1,427,428,400,-1,400,428,429,-1,400,429,401,-1,430,431,432,-1,432,431,433,-1,432,433,434,-1,434,433,435,-1,434,435,436,-1,436,435,437,-1,436,437,438,-1,438,437,439,-1,438,439,440,-1,440,439,441,-1,440,441,442,-1,442,441,443,-1,442,443,444,-1,444,443,445,-1,444,445,446,-1,446,445,447,-1,446,447,448,-1,448,447,449,-1,448,449,450,-1,450,449,451,-1,450,451,452,-1,452,451,453,-1,452,453,454,-1,454,453,455,-1,454,455,411,-1,411,455,412,-1,431,430,456,-1,456,430,457,-1,456,457,458,-1,458,457,459,-1,459,457,460,-1,459,460,461,-1,462,463,461,-1,461,463,459,-1,464,465,466,-1,466,467,464,-1,464,467,468,-1,464,468,469,-1,469,468,470,-1,469,470,471,-1,471,470,472,-1,471,472,473,-1,473,472,474,-1,473,474,475,-1,475,474,476,-1,475,476,462,-1,462,476,463,-1,477,478,479,-1,479,478,480,-1,479,480,481,-1,481,480,482,-1,481,482,483,-1,483,482,484,-1,483,484,485,-1,485,484,486,-1,485,486,487,-1,487,486,488,-1,487,488,489,-1,489,488,490,-1,489,490,465,-1,465,490,466,-1,491,492,493,-1,491,493,494,-1,494,493,495,-1,494,495,496,-1,495,497,496,-1,496,497,498,-1,496,498,499,-1,499,498,500,-1,499,500,501,-1,501,500,502,-1,501,502,503,-1,503,502,504,-1,503,504,505,-1,505,504,506,-1,505,506,507,-1,507,506,508,-1,507,508,509,-1,509,508,510,-1,509,510,511,-1,511,510,512,-1,511,512,513,-1,513,512,514,-1,513,514,477,-1,477,514,478,-1,515,9,8,-1,8,516,515,-1,515,516,517,-1,515,517,518,-1,493,492,519,-1,519,492,520,-1,519,520,521,-1,521,520,522,-1,521,522,518,-1,518,522,523,-1,518,523,515,-1,333,363,493,-1,493,363,361,-1,493,361,495,-1,495,361,359,-1,495,359,497,-1,497,359,357,-1,497,357,498,-1,498,357,355,-1,498,355,500,-1,500,355,353,-1,500,353,502,-1,502,353,351,-1,502,351,504,-1,504,351,334,-1,504,334,506,-1,506,334,349,-1,506,349,508,-1,508,349,348,-1,508,348,510,-1,510,348,346,-1,510,346,512,-1,512,346,344,-1,512,344,514,-1,344,342,514,-1,514,342,340,-1,514,340,478,-1,478,340,338,-1,478,338,480,-1,480,338,380,-1,480,380,482,-1,482,380,484,-1,484,380,382,-1,484,382,486,-1,486,382,384,-1,486,384,488,-1,488,384,386,-1,488,386,490,-1,490,386,388,-1,490,388,466,-1,388,390,466,-1,466,390,392,-1,466,392,467,-1,467,392,369,-1,467,369,468,-1,369,371,468,-1,468,371,373,-1,468,373,470,-1,470,373,375,-1,366,463,368,-1,368,463,476,-1,368,476,377,-1,377,476,474,-1,377,474,375,-1,375,474,472,-1,375,472,470,-1,397,458,366,-1,366,458,459,-1,366,459,463,-1,333,493,331,-1,331,493,519,-1,331,519,521,-1,521,518,331,-1,331,518,517,-1,331,517,516,-1,396,431,397,-1,397,431,456,-1,397,456,458,-1,396,399,431,-1,431,399,413,-1,431,413,415,-1,415,417,431,-1,431,417,419,-1,431,419,421,-1,421,423,431,-1,431,423,425,-1,431,425,427,-1,400,402,441,-1,441,402,404,-1,441,404,443,-1,412,455,410,-1,410,455,524,-1,410,524,408,-1,455,453,524,-1,524,453,451,-1,524,451,408,-1,408,451,449,-1,408,449,447,-1,404,406,443,-1,443,406,408,-1,443,408,445,-1,445,408,447,-1,400,441,427,-1,427,441,439,-1,427,439,437,-1,437,435,427,-1,427,435,433,-1,427,433,431,-1,285,283,28,-1,28,283,281,-1,28,281,1,-1,1,281,279,-1,1,279,2,-1,2,279,318,-1,316,516,317,-1,317,516,8,-1,317,8,328,-1,328,8,10,-1,328,10,326,-1,326,10,12,-1,326,12,324,-1,324,12,14,-1,324,14,322,-1,322,14,15,-1,322,15,320,-1,320,15,6,-1,320,6,318,-1,318,6,4,-1,318,4,2,-1,316,314,516,-1,516,314,312,-1,516,312,310,-1,304,331,306,-1,306,331,516,-1,306,516,308,-1,308,516,310,-1,290,19,292,-1,292,19,17,-1,292,17,294,-1,294,17,37,-1,294,37,296,-1,296,37,36,-1,296,36,298,-1,298,36,34,-1,298,34,300,-1,300,34,32,-1,300,32,302,-1,28,29,285,-1,285,29,26,-1,285,26,287,-1,287,26,24,-1,287,24,289,-1,289,24,23,-1,289,23,290,-1,290,23,21,-1,290,21,19,-1,39,59,239,-1,273,271,32,-1,32,271,269,-1,32,269,302,-1,239,237,39,-1,39,237,277,-1,39,277,32,-1,32,277,275,-1,32,275,273,-1,195,120,200,-1,200,120,199,-1,195,193,120,-1,120,193,192,-1,120,192,191,-1,191,96,94,-1,96,191,98,-1,98,191,219,-1,98,219,100,-1,100,219,221,-1,100,221,78,-1,78,221,223,-1,78,223,79,-1,79,223,225,-1,79,225,80,-1,80,225,227,-1,80,227,82,-1,227,229,82,-1,82,229,231,-1,82,231,84,-1,84,231,233,-1,84,233,86,-1,86,233,214,-1,86,214,88,-1,88,214,216,-1,88,216,61,-1,61,216,218,-1,61,218,63,-1,63,218,253,-1,63,253,66,-1,66,253,67,-1,67,253,255,-1,67,255,69,-1,69,255,257,-1,69,257,71,-1,71,257,259,-1,71,259,73,-1,73,259,75,-1,75,259,261,-1,75,261,43,-1,43,261,263,-1,43,263,45,-1,263,265,45,-1,45,265,245,-1,45,245,48,-1,48,245,247,-1,48,247,49,-1,49,247,249,-1,49,249,51,-1,51,249,251,-1,51,251,53,-1,53,251,55,-1,55,251,252,-1,55,252,57,-1,57,252,243,-1,57,243,59,-1,59,243,241,-1,59,241,239,-1,94,92,191,-1,191,92,90,-1,191,90,125,-1,125,123,191,-1,191,123,121,-1,191,121,120,-1,525,526,169,-1,169,526,527,-1,169,527,528,-1,529,530,158,-1,528,531,169,-1,169,531,532,-1,169,532,533,-1,533,534,169,-1,169,534,535,-1,169,535,536,-1,537,170,538,-1,538,170,169,-1,538,169,539,-1,539,169,536,-1,530,540,158,-1,158,540,541,-1,158,541,157,-1,157,541,542,-1,157,542,128,-1,128,542,543,-1,149,151,544,-1,544,151,153,-1,544,153,545,-1,545,153,133,-1,545,133,546,-1,546,133,135,-1,546,135,547,-1,547,135,137,-1,547,137,548,-1,548,137,139,-1,548,139,549,-1,549,139,140,-1,549,140,550,-1,550,140,130,-1,550,130,543,-1,543,130,129,-1,543,129,128,-1,544,551,149,-1,149,551,552,-1,149,552,147,-1,147,552,553,-1,147,553,145,-1,145,553,554,-1,145,554,143,-1,143,554,555,-1,143,555,141,-1,141,555,556,-1,141,556,103,-1,103,556,557,-1,103,557,108,-1,108,557,558,-1,108,558,109,-1,109,558,559,-1,109,559,111,-1,111,559,113,-1,113,559,560,-1,113,560,115,-1,561,562,120,-1,560,563,115,-1,115,563,564,-1,115,564,117,-1,117,564,565,-1,117,565,107,-1,107,565,566,-1,107,566,106,-1,106,566,567,-1,106,567,120,-1,120,567,568,-1,120,568,561,-1,562,569,120,-1,120,569,570,-1,120,570,571,-1,571,572,120,-1,120,572,573,-1,120,573,199,-1,199,573,574,-1,199,574,575,-1,575,576,199,-1,199,576,577,-1,199,577,578,-1,578,579,199,-1,199,579,580,-1,199,580,197,-1,197,580,581,-1,197,581,211,-1,211,581,582,-1,211,582,209,-1,186,184,583,-1,525,169,583,-1,583,169,188,-1,583,188,186,-1,184,182,583,-1,583,182,180,-1,583,180,178,-1,178,176,583,-1,583,176,174,-1,583,174,201,-1,582,584,209,-1,209,584,585,-1,209,585,207,-1,207,585,586,-1,207,586,205,-1,205,586,583,-1,205,583,203,-1,203,583,201,-1,163,165,161,-1,161,165,171,-1,161,171,158,-1,158,171,170,-1,158,170,529,-1,529,170,537,-1,550,543,587,-1,542,541,588,-1,526,589,527,-1,527,589,590,-1,527,590,528,-1,528,590,591,-1,528,591,531,-1,531,591,592,-1,531,592,532,-1,532,592,593,-1,532,593,533,-1,533,593,594,-1,533,594,534,-1,534,594,595,-1,534,595,535,-1,535,595,596,-1,535,596,536,-1,536,596,597,-1,536,597,539,-1,539,597,598,-1,539,598,538,-1,538,598,599,-1,538,599,537,-1,537,599,600,-1,537,600,529,-1,529,600,530,-1,530,600,601,-1,530,601,540,-1,540,601,602,-1,540,602,541,-1,541,602,603,-1,541,603,588,-1,542,588,543,-1,543,588,604,-1,543,604,587,-1,550,587,549,-1,549,587,605,-1,549,605,548,-1,548,605,606,-1,548,606,547,-1,547,606,607,-1,547,607,546,-1,607,608,546,-1,546,608,609,-1,546,609,545,-1,545,609,610,-1,611,557,612,-1,612,557,556,-1,612,556,613,-1,613,556,555,-1,613,555,614,-1,614,555,554,-1,614,554,615,-1,615,554,553,-1,615,553,616,-1,616,553,552,-1,616,552,617,-1,617,552,551,-1,617,551,610,-1,610,551,544,-1,610,544,545,-1,558,557,611,-1,558,611,559,-1,611,618,559,-1,559,618,619,-1,559,619,560,-1,560,619,620,-1,560,620,563,-1,563,620,621,-1,563,621,564,-1,564,621,622,-1,564,622,565,-1,565,622,623,-1,565,623,566,-1,566,623,624,-1,566,624,567,-1,567,624,625,-1,567,625,568,-1,568,625,626,-1,568,626,561,-1,561,626,627,-1,561,627,562,-1,562,627,628,-1,562,628,569,-1,569,628,570,-1,570,628,629,-1,570,629,571,-1,571,629,630,-1,571,630,572,-1,630,631,572,-1,572,631,632,-1,572,632,573,-1,573,632,574,-1,632,633,574,-1,574,633,634,-1,574,634,575,-1,575,634,635,-1,575,635,576,-1,576,635,636,-1,576,636,577,-1,577,636,637,-1,577,637,578,-1,578,637,579,-1,637,638,579,-1,579,638,639,-1,579,639,580,-1,580,639,640,-1,589,526,641,-1,641,526,525,-1,641,525,642,-1,642,525,583,-1,642,583,643,-1,643,583,586,-1,643,586,644,-1,644,586,585,-1,644,585,645,-1,645,585,584,-1,645,584,646,-1,646,584,582,-1,646,582,640,-1,640,582,581,-1,640,581,580,-1,
        ]
    }
}
Shape{
    appearance Appearance {
        material  Material 	{
            diffuseColor 1.0 1.0 1.0
            specularColor 0.5019607843137255 0.5019607843137255 0.5019607843137255
            ambientIntensity 1.0
            transparency 0.0
            shininess 0.5
        }
    }
    geometry IndexedFaceSet {
        ccw TRUE
        solid FALSE
        coord DEF co Coordinate {
            point [
                0.5 1.0244 0.3169, 0.5083 1.0203 0.322, 0.5079 1.0205 0.3215, 0.5069 1.021 0.3202, 0.5028 1.0231 0.317, 0.5 1.0244 0.3149, 0.4974 1.0257 0.3139, 0.4923 1.0281 0.3119, 0.4916 1.0284 0.3118, 0.4848 1.0317 0.3109, 0.4781 1.0348 0.3119, 0.4754 1.036 0.3124, 0.4726 1.0373 0.3136, 0.4684 1.0392 0.3155, 0.4672 1.0397 0.3165, 0.4625 1.0419 0.3203, 0.4619 1.0421 0.3208, 0.4578 1.0439 0.326, 0.4567 1.0444 0.3274, 0.4548 1.0452 0.3313, 0.4532 1.0459 0.3347, 0.4526 1.0462 0.3375, 0.4513 1.0467 0.3432, 0.4513 1.0467 0.344, 0.4513 1.0467 0.3517, 0.4513 1.0467 0.3525, 0.4524 1.0463 0.3578, 0.453 1.046 0.3606, 0.4542 1.0455 0.3632, 0.4566 1.0444 0.3683, 0.469 1.0389 0.3805, 0.4719 1.0376 0.3817, 0.4915 1.0285 0.3838, 0.4848 1.0317 0.3849, 0.4776 1.035 0.3839, 0.4767 1.0354 0.3837, 0.4664 1.0401 0.3785, 0.4942 1.0272 0.3833, 0.497 1.0259 0.3821, 0.5012 1.0238 0.3801, 0.5024 1.0233 0.3792, 0.5071 1.0209 0.3752, 0.5077 1.0206 0.3748, 0.4611 1.0424 0.374, 0.462 1.0421 0.3751, 0.5114 1.0188 0.3698, 0.5126 1.0182 0.3683, 0.5144 1.0173 0.3645, 0.516 1.0165 0.3611, 0.5166 1.0162 0.3584, 0.5178 1.0156 0.3527, 0.5178 1.0156 0.3519, 0.5178 1.0155 0.3442, 0.5178 1.0155 0.3434, 0.5167 1.0161 0.3381, 0.5162 1.0164 0.3353, 0.515 1.017 0.3326, 0.457 1.0443 0.3688, 0.4611 1.0425 0.3739, 0.5123 1.0183 0.3271, 0.5126 1.0182 0.3274
            ]
        }
        coordIndex [
            0,1,2,-1,2,3,0,-1,0,3,4,-1,0,4,5,-1,5,6,0,-1,0,6,7,-1,0,7,8,-1,8,9,0,-1,0,9,10,-1,0,10,1,-1,1,10,11,-1,11,12,1,-1,1,12,13,-1,1,13,14,-1,14,15,1,-1,1,15,16,-1,1,16,17,-1,17,18,1,-1,1,18,19,-1,1,19,20,-1,20,21,1,-1,1,21,22,-1,1,22,23,-1,23,24,1,-1,1,24,25,-1,1,25,26,-1,26,27,1,-1,1,27,28,-1,1,28,29,-1,30,31,32,-1,33,32,34,-1,34,32,31,-1,34,31,35,-1,30,32,36,-1,36,32,37,-1,36,37,38,-1,38,39,36,-1,36,39,40,-1,36,40,41,-1,42,43,41,-1,41,43,44,-1,41,44,36,-1,42,45,43,-1,43,45,46,-1,43,46,47,-1,47,48,43,-1,43,48,49,-1,43,49,50,-1,50,51,43,-1,43,51,52,-1,43,52,53,-1,53,54,43,-1,43,54,55,-1,43,55,56,-1,29,57,1,-1,1,57,58,-1,1,58,59,-1,59,58,43,-1,59,43,60,-1,60,43,56,-1,
        ]
    }
}