#VRML V2.0 utf8
# 3D model generated by easyeda2kicad.py (https://github.com/uPesy/easyeda2kicad.py)

Shape{
    appearance Appearance {
        material  Material 	{
            diffuseColor 0.10980392156862745 0.10980392156862745 0.10980392156862745
            specularColor 0.0784313725490196 0.0784313725490196 0.0784313725490196
            ambientIntensity 0.1098
            transparency 0.0
            shininess 0.5
        }
    }
    geometry IndexedFaceSet {
        ccw TRUE
        solid FALSE
        coord DEF co Coordinate {
            point [
                -0.0264 2.9343 0.3937, -0.0173 2.9368 0.3937, -0.002 2.9346 0.3937, 0.0384 2.9432 0.3937, 0.0086 2.9432 0.3937, 0.0086 2.9692 0.3937, -0.0358 2.9423 0.3937, -0.0187 3.0014 0.3937, -0.0262 2.9435 0.3937, -0.0173 3.0006 0.3937, -0.0173 2.9473 0.3937, -0.0289 2.9341 0.3937, 0.048 2.9341 0.3937, 0.0384 2.9346 0.3937, 0.0086 2.9778 0.3937, 0.0086 3.0047 0.3937, 0.0364 2.9778 0.3937, 0.0403 3.0047 0.3937, 0.0364 2.9692 0.3937, -0.0435 2.9432 0.3937, -0.0494 2.9453 0.3937, -0.055 2.949 0.3937, -0.0597 2.9543 0.3937, -0.0629 2.9604 0.3937, -0.065 2.9689 0.3937, -0.0653 2.9748 0.3937, -0.0646 2.9833 0.3937, -0.0624 2.9901 0.3937, -0.0375 3.0057 0.3937, -0.0555 2.9994 0.3937, -0.0449 3.0048 0.3937, -0.0506 3.0027 0.3937, -0.0591 2.9956 0.3937, -0.0271 3.0045 0.3937, 0.0403 3.0133 0.3937, 0.048 4.0748 0.3937, -0.002 3.0133 0.3937, -1.962 3.4744 0.3937, -1.9776 3.4948 0.3937, -1.9488 3.7598 0.3937, -2.2638 3.5236 0.3937, -2.2638 3.7598 0.3937, -2.0472 3.5236 0.3937, -0.0718 2.9553 0.3937, -0.0671 2.9479 0.3937, -0.1124 2.9346 0.3937, -0.0602 2.9412 0.3937, -0.0528 2.937 0.3937, -2.2638 2.9341 0.3937, -2.2638 3.0905 0.3937, -2.0472 3.0905 0.3937, -0.123 2.9346 0.3937, -2.0218 3.0939 0.3937, -1.998 3.1037 0.3937, -1.998 3.5104 0.3937, -2.0218 3.5203 0.3937, -0.0442 2.9344 0.3937, -0.0414 2.9341 0.3937, -1.9776 3.1194 0.3937, -1.962 3.1398 0.3937, -1.9522 3.1635 0.3937, -0.0563 3.0107 0.3937, -0.0627 3.0066 0.3937, -0.0826 3.0133 0.3937, -0.0685 3.0005 0.3937, -0.0826 3.0047 0.3937, -0.0727 2.9931 0.3937, -0.1124 3.0047 0.3937, -0.0751 2.9846 0.3937, -0.0759 2.9755 0.3937, -0.0748 2.9643 0.3937, -1.9488 3.189 0.3937, -1.9488 3.4252 0.3937, -1.9522 3.4507 0.3937, -0.123 3.0133 0.3937, -1.9488 4.0748 0.3937, -0.0173 3.0093 0.3937, -0.0257 3.0127 0.3937, -0.0369 3.0143 0.3937, -0.039 3.0143 0.3937, -0.0487 3.0133 0.3937, -1.9488 -1.0827 0.3937, -1.9488 -0.7677 0.3937, -2.0218 -0.5281 0.3937, -1.998 -0.5183 0.3937, -1.9776 -0.5027 0.3937, -2.2638 -0.7677 0.3937, -2.2638 -0.5315 0.3937, -2.0472 -0.5315 0.3937, -1.9488 -0.1969 0.3937, -1.9522 -0.1714 0.3937, -1.962 -0.1476 0.3937, -1.9776 -0.1273 0.3937, -1.962 -0.4823 0.3937, -1.9522 -0.4585 0.3937, -1.9488 -0.4331 0.3937, -0.0359 2.9336 0.3937, -1.998 -0.1116 0.3937, -2.0218 -0.1018 0.3937, -2.0472 -0.0984 0.3937, -2.2638 -0.0984 0.3937, 0.048 -1.0827 0.3937, 1.9488 -0.7677 0.3937, 1.9488 -1.0827 0.3937, 2.0218 -0.1018 0.3937, 1.998 -0.1116 0.3937, 1.9776 -0.1273 0.3937, 2.2638 -0.5315 0.3937, 2.2638 -0.7677 0.3937, 2.0472 -0.5315 0.3937, 2.0472 -0.0984 0.3937, 2.2638 2.9341 0.3937, 2.2638 -0.0984 0.3937, 1.9776 -0.5027 0.3937, 1.998 -0.5183 0.3937, 2.0218 -0.5281 0.3937, 1.962 -0.1476 0.3937, 1.9522 -0.1714 0.3937, 1.9488 -0.1969 0.3937, 1.9488 -0.4331 0.3937, 1.9522 -0.4585 0.3937, 1.962 -0.4823 0.3937, 0.1958 3.0133 0.3937, 1.9488 4.0748 0.3937, 0.1651 2.9346 0.3937, 1.9488 3.7598 0.3937, 2.2638 3.7598 0.3937, 0.1763 2.9913 0.3937, 0.1438 2.9913 0.3937, 0.1843 3.0133 0.3937, 0.1363 3.0133 0.3937, 0.1248 3.0133 0.3937, 0.0779 2.9346 0.3937, 0.0892 2.9358 0.3937, 0.1545 2.9346 0.3937, 0.0985 2.9391 0.3937, 0.1063 2.9441 0.3937, 0.0961 3.0097 0.3937, 0.087 3.0125 0.3937, 0.0771 3.0133 0.3937, 0.0556 3.0133 0.3937, 0.0556 2.9346 0.3937, 0.1151 2.9917 0.3937, 0.1107 2.9987 0.3937, 0.1042 3.0049 0.3937, 2.2638 3.5236 0.3937, 2.0472 3.5236 0.3937, 2.0218 3.5203 0.3937, 1.998 3.5104 0.3937, 1.9776 3.4948 0.3937, 0.1093 2.947 0.3937, 0.114 2.9531 0.3937, 0.1173 2.9608 0.3937, 1.962 3.4744 0.3937, 1.9522 3.4507 0.3937, 1.9488 3.4252 0.3937, 2.0472 3.0905 0.3937, 2.2638 3.0905 0.3937, 0.1189 2.9691 0.3937, 0.119 2.973 0.3937, 0.1179 2.9835 0.3937, 1.9488 3.189 0.3937, 1.9522 3.1635 0.3937, 1.962 3.1398 0.3937, 1.9776 3.1194 0.3937, 1.998 3.1037 0.3937, 2.0218 3.0939 0.3937
            ]
        }
        coordIndex [
            0,1,2,-1,3,4,5,-1,6,7,8,-1,8,7,9,-1,8,9,10,-1,0,2,11,-1,12,13,3,-1,14,15,16,-1,16,15,17,-1,16,17,18,-1,6,19,7,-1,7,19,20,-1,7,20,21,-1,21,22,7,-1,7,22,23,-1,7,23,24,-1,24,25,7,-1,7,25,26,-1,7,26,27,-1,28,29,30,-1,30,29,31,-1,27,32,7,-1,7,32,29,-1,7,29,33,-1,33,29,28,-1,5,18,3,-1,3,18,17,-1,3,17,12,-1,12,17,34,-1,12,34,35,-1,35,34,36,-1,37,38,39,-1,40,41,42,-1,42,41,39,-1,43,44,45,-1,45,44,46,-1,45,46,47,-1,48,49,50,-1,51,52,53,-1,38,54,39,-1,39,54,55,-1,39,55,42,-1,47,56,45,-1,45,56,57,-1,45,57,51,-1,51,57,48,-1,51,48,52,-1,52,48,50,-1,53,58,51,-1,51,58,59,-1,51,59,60,-1,61,62,63,-1,63,62,64,-1,63,64,65,-1,65,64,66,-1,65,66,67,-1,66,68,67,-1,67,68,69,-1,67,69,45,-1,45,69,70,-1,45,70,43,-1,60,71,51,-1,51,71,72,-1,51,72,73,-1,73,37,51,-1,51,37,39,-1,51,39,74,-1,74,39,75,-1,74,75,63,-1,63,75,35,-1,63,35,61,-1,1,10,2,-1,2,10,9,-1,2,9,36,-1,36,9,76,-1,36,76,35,-1,35,76,77,-1,35,77,78,-1,78,79,35,-1,35,79,80,-1,35,80,61,-1,81,82,12,-1,83,84,82,-1,82,84,85,-1,86,87,82,-1,82,87,88,-1,82,88,83,-1,89,90,12,-1,12,90,91,-1,12,91,92,-1,85,93,82,-1,82,93,94,-1,82,94,12,-1,12,94,95,-1,12,95,89,-1,57,96,92,-1,92,96,11,-1,92,11,12,-1,12,11,2,-1,12,2,13,-1,92,97,57,-1,57,97,98,-1,57,98,48,-1,48,98,99,-1,48,99,100,-1,81,12,101,-1,101,12,102,-1,101,102,103,-1,104,105,12,-1,12,105,106,-1,107,108,109,-1,109,108,102,-1,104,12,110,-1,110,12,111,-1,110,111,112,-1,113,114,102,-1,102,114,115,-1,102,115,109,-1,106,116,12,-1,12,116,117,-1,12,117,118,-1,118,119,12,-1,12,119,120,-1,12,120,102,-1,102,120,121,-1,102,121,113,-1,122,123,124,-1,124,123,125,-1,124,125,126,-1,127,128,129,-1,129,128,130,-1,122,129,123,-1,123,129,130,-1,123,130,35,-1,35,130,131,-1,132,133,134,-1,134,133,135,-1,134,135,136,-1,137,138,131,-1,131,138,139,-1,131,139,35,-1,35,139,140,-1,35,140,12,-1,12,140,141,-1,12,141,132,-1,142,143,131,-1,131,143,144,-1,131,144,137,-1,145,146,126,-1,126,146,147,-1,126,147,124,-1,124,147,148,-1,124,148,149,-1,136,150,134,-1,134,150,151,-1,134,151,152,-1,149,153,124,-1,124,153,154,-1,124,154,155,-1,156,157,111,-1,152,158,134,-1,134,158,159,-1,134,159,131,-1,131,159,160,-1,131,160,142,-1,155,161,124,-1,124,161,162,-1,124,162,163,-1,163,164,124,-1,124,164,165,-1,124,165,166,-1,132,134,12,-1,12,134,124,-1,12,124,111,-1,111,124,166,-1,111,166,156,-1,
        ]
    }
}
Shape{
    appearance Appearance {
        material  Material 	{
            diffuseColor 0.7764705882352941 0.7568627450980392 0.7372549019607844
            specularColor 0.38823529411764707 0.3764705882352941 0.3686274509803922
            ambientIntensity 0.7605
            transparency 0.0
            shininess 0.5
        }
    }
    geometry IndexedFaceSet {
        ccw TRUE
        solid FALSE
        coord DEF co Coordinate {
            point [
                -1.0039 -1.4173 -1.378, -0.9646 -1.4173 -1.378, -1.0039 -1.4961 -1.378, -0.9646 -1.4961 -1.378, -0.0197 -1.4173 -1.378, 0.0197 -1.4173 -1.378, -0.0197 -1.4961 -1.378, 0.0197 -1.4961 -1.378, 0.9646 -1.4173 -1.378, 1.0039 -1.4173 -1.378, 0.9646 -1.4961 -1.378, 1.0039 -1.4961 -1.378
            ]
        }
        coordIndex [
            0,1,2,-1,2,1,3,-1,4,5,6,-1,6,5,7,-1,8,9,10,-1,10,9,11,-1,
        ]
    }
}
Shape{
    appearance Appearance {
        material  Material 	{
            diffuseColor 0.10980392156862745 0.10980392156862745 0.10980392156862745
            specularColor 0.0784313725490196 0.0784313725490196 0.0784313725490196
            ambientIntensity 0.1098
            transparency 0.0
            shininess 0.5
        }
    }
    geometry IndexedFaceSet {
        ccw TRUE
        solid FALSE
        coord DEF co Coordinate {
            point [
                0.2362 -1.0827 0.748, -0.2362 -1.0827 0.748, 0.048 -1.0827 0.3937, -0.748 -1.0827 0.748, -1.2205 -1.0827 0.748, -1.9488 -1.0827 0.3937, -0.2362 -1.0827 0.8268, 0.2362 -1.0827 0.8268, 1.9488 -1.0827 1.8898, -1.9488 -1.0827 1.8898, -1.2205 -1.0827 0.8268, -0.748 -1.0827 0.8268, 1.9488 -1.0827 0.3937, 0.748 -1.0827 0.748, 0.748 -1.0827 0.8268, 1.2205 -1.0827 0.8268, 1.2205 -1.0827 0.748
            ]
        }
        coordIndex [
            0,1,2,-1,3,4,5,-1,6,7,8,-1,5,4,9,-1,9,4,10,-1,9,10,11,-1,8,9,6,-1,6,9,11,-1,6,11,1,-1,1,11,3,-1,1,3,2,-1,2,3,5,-1,2,12,0,-1,0,12,13,-1,0,13,7,-1,7,13,14,-1,7,14,8,-1,8,14,15,-1,8,15,12,-1,12,15,16,-1,12,16,13,-1,
        ]
    }
}
Shape{
    appearance Appearance {
        material  Material 	{
            diffuseColor 0.7764705882352941 0.7568627450980392 0.7372549019607844
            specularColor 0.38823529411764707 0.3764705882352941 0.3686274509803922
            ambientIntensity 0.7605
            transparency 0.0
            shininess 0.5
        }
    }
    geometry IndexedFaceSet {
        ccw TRUE
        solid FALSE
        coord DEF co Coordinate {
            point [
                -2.2835 -0.7087 1.8898, -2.2835 3.7008 1.8898, -2.2638 -0.7087 1.8898, -2.2638 3.7008 1.8898, 2.064 4.0827 1.8898, 2.1539 4.0481 1.8898, 2.1452 4.0061 1.8898, 2.1951 3.9562 1.8898, 2.2326 3.9928 1.8898, 2.2326 3.8965 1.8898, 2.2956 3.9199 1.8898, 2.2559 3.8299 1.8898, 2.339 3.834 1.8898, 2.2638 3.7598 1.8898, 2.3602 3.7402 1.8898, 2.2638 3.7402 1.8898, -2.064 4.0827 1.8898, -2.0855 4.0436 1.8898, -2.1539 4.0481 1.8898, -2.1452 4.0061 1.8898, -2.2326 3.9928 1.8898, -2.1951 3.9562 1.8898, -2.2956 3.9199 1.8898, -2.2326 3.8965 1.8898, -2.339 3.834 1.8898, -2.2559 3.8299 1.8898, -2.3602 3.7402 1.8898, -2.2638 3.7598 1.8898, -2.2638 3.7402 1.8898, 2.0855 4.0436 1.8898, 2.0189 4.0669 1.8898, 1.9685 4.0945 1.8898, 1.9488 4.0748 1.8898, -1.9685 4.0945 1.8898, -1.9488 4.0748 1.8898, -2.0189 4.0669 1.8898, 2.2835 3.7008 1.8898, 2.2835 -0.7087 1.8898, 2.2638 3.7008 1.8898, 2.2638 -0.7087 1.8898, -2.3602 -0.748 1.8898, -2.2638 -0.748 1.8898, -2.2638 -0.7677 1.8898, -2.339 -0.8419 1.8898, -2.2559 -0.8378 1.8898, -2.2956 -0.9278 1.8898, -2.2326 -0.9044 1.8898, -2.2326 -1.0006 1.8898, -2.1951 -0.9641 1.8898, -2.1539 -1.056 1.8898, -2.1452 -1.014 1.8898, -2.064 -1.0906 1.8898, -2.0855 -1.0515 1.8898, -2.0189 -1.0748 1.8898, -1.9685 -1.1024 1.8898, -1.9488 -1.0827 1.8898, 1.9685 -1.1024 1.8898, 1.9488 -1.0827 1.8898, 2.064 -1.0906 1.8898, 2.0189 -1.0748 1.8898, 2.0855 -1.0515 1.8898, 2.1539 -1.056 1.8898, 2.1452 -1.014 1.8898, 2.2326 -1.0006 1.8898, 2.1951 -0.9641 1.8898, 2.2956 -0.9278 1.8898, 2.2326 -0.9044 1.8898, 2.339 -0.8419 1.8898, 2.2559 -0.8378 1.8898, 2.3602 -0.748 1.8898, 2.2638 -0.7677 1.8898, 2.2638 -0.748 1.8898, 2.4409 0.6496 1.0865, 2.4409 0.6741 1.0678, 2.4409 3.7008 1.811, 2.4409 0.6928 1.0433, 2.4409 3.5039 0.7087, 2.4409 3.0756 1.0678, 2.4409 3.0944 1.0433, 2.4409 -0.5118 0.5512, 2.4409 -0.1181 0.5512, 2.4409 -0.5118 0.7087, 2.4409 -0.1181 0.9843, 2.4409 -0.1141 1.0148, 2.4409 3.7008 0.7087, 2.4409 3.0512 1.0865, 2.4409 -0.7087 1.811, 2.4409 -0.7087 0.7087, 2.4409 0.7087 0.7087, 2.4409 1.1024 0.7087, 2.4409 0.7087 0.9843, 2.4409 0.7046 1.0148, 2.4409 3.1102 0.5512, 2.4409 3.5039 0.5512, 2.4409 3.1102 0.9843, 2.4409 3.1062 1.0148, 2.4409 2.4016 1.1024, 2.4409 2.9921 1.1024, 2.4409 3.0227 1.0983, 2.4409 -0.1023 1.0433, 2.4409 -0.0835 1.0678, 2.4409 -0.0591 1.0865, 2.4409 -0.0306 1.0983, 2.4409 -0.0 1.1024, 2.4409 0.5905 1.1024, 2.4409 0.6211 1.0983, 2.4409 2.2835 0.7087, 2.4409 2.2835 0.9843, 2.4409 1.8898 0.7087, 2.4409 1.8898 -0.2415, 2.4409 1.1024 -0.2415, 2.4409 2.2864 1.0105, 2.4409 2.2952 1.0355, 2.4409 2.3092 1.0579, 2.4409 2.3279 1.0766, 2.4409 2.3503 1.0907, 2.4409 2.3753 1.0994, 2.3622 3.1073 1.0105, 2.3622 3.0985 1.0355, 2.3622 3.5039 0.7087, 2.3622 1.8898 -0.2415, 2.3622 1.1024 -0.2415, 2.3622 1.8898 0.7087, 2.3622 1.1024 0.7087, 2.3622 -0.0923 1.0579, 2.3622 -0.1064 1.0355, 2.3622 -0.5118 0.7087, 2.3622 3.7008 1.811, 2.3622 3.7008 0.7087, 2.3622 -0.7087 1.811, 2.3622 -0.0512 1.0907, 2.3622 -0.0736 1.0766, 2.3622 3.0845 1.0579, 2.3622 3.0658 1.0766, 2.3622 3.0434 1.0907, 2.3622 3.0184 1.0994, 2.3622 2.3503 1.0907, 2.3622 2.3279 1.0766, 2.3622 2.3092 1.0579, 2.3622 2.2952 1.0355, 2.3622 3.5039 0.5512, 2.3622 3.1102 0.5512, 2.3622 3.1102 0.9843, 2.3622 -0.7087 0.7087, 2.3622 2.2835 0.7087, 2.3622 2.2835 0.9843, 2.3622 2.2864 1.0105, 2.3622 -0.1181 0.5512, 2.3622 -0.5118 0.5512, 2.3622 -0.1181 0.9843, 2.3622 -0.1152 1.0105, 2.3622 0.5905 1.1024, 2.3622 -0.0 1.1024, 2.3622 -0.0263 1.0994, 2.3622 2.9921 1.1024, 2.3622 2.4016 1.1024, 2.3622 2.3753 1.0994, 2.3622 0.7087 0.7087, 2.3622 0.7087 0.9843, 2.3622 0.697 1.0355, 2.3622 0.6829 1.0579, 2.3622 0.6642 1.0766, 2.3622 0.6418 1.0907, 2.3622 0.6168 1.0994, 2.3622 0.7057 1.0105, -2.4409 2.2835 0.9843, -2.4409 2.2835 0.7087, -2.4409 1.8898 0.7087, -2.4409 3.1073 1.0105, -2.4409 3.0985 1.0355, -2.4409 3.5039 0.7087, -2.4409 -0.1064 1.0355, -2.4409 -0.5118 0.7087, -2.4409 -0.0923 1.0579, -2.4409 -0.0736 1.0766, -2.4409 3.5039 0.5512, -2.4409 3.1102 0.5512, -2.4409 3.1102 0.9843, -2.4409 3.7008 1.811, -2.4409 3.7008 0.7087, -2.4409 2.3503 1.0907, -2.4409 2.3279 1.0766, -2.4409 -0.7087 1.811, -2.4409 2.3092 1.0579, -2.4409 2.2952 1.0355, -2.4409 2.2864 1.0105, -2.4409 3.0845 1.0579, -2.4409 3.0658 1.0766, -2.4409 3.0434 1.0907, -2.4409 3.0184 1.0994, -2.4409 2.9921 1.1024, -2.4409 2.4016 1.1024, -2.4409 2.3753 1.0994, -2.4409 -0.1181 0.5512, -2.4409 -0.5118 0.5512, -2.4409 -0.1181 0.9843, -2.4409 -0.1152 1.0105, -2.4409 -0.7087 0.7087, -2.4409 -0.0512 1.0907, -2.4409 -0.0263 1.0994, -2.4409 0.7087 0.9843, -2.4409 0.7057 1.0105, -2.4409 0.697 1.0355, -2.4409 0.6418 1.0907, -2.4409 0.6168 1.0994, -2.4409 0.5905 1.1024, -2.4409 -0.0 1.1024, -2.4409 0.7087 0.7087, -2.4409 1.1024 0.7087, -2.4409 1.1024 -0.2415, -2.4409 1.8898 -0.2415, -2.4409 0.6829 1.0579, -2.4409 0.6642 1.0766, -2.3622 3.0985 1.0355, -2.3622 3.5039 0.7087, -2.3622 3.0845 1.0579, -2.3622 3.0658 1.0766, -2.3622 2.9921 1.1024, -2.3622 3.0184 1.0994, -2.3622 3.7008 1.811, -2.3622 -0.1152 1.0105, -2.3622 -0.1064 1.0355, -2.3622 -0.5118 0.7087, -2.3622 -0.0923 1.0579, -2.3622 3.1102 0.5512, -2.3622 3.5039 0.5512, -2.3622 3.1102 0.9843, -2.3622 3.1073 1.0105, -2.3622 1.1024 -0.2415, -2.3622 1.8898 -0.2415, -2.3622 1.1024 0.7087, -2.3622 1.8898 0.7087, -2.3622 -0.5118 0.5512, -2.3622 -0.1181 0.5512, -2.3622 -0.1181 0.9843, -2.3622 2.2835 0.9843, -2.3622 2.2864 1.0105, -2.3622 -0.7087 1.811, -2.3622 3.7008 0.7087, -2.3622 3.0434 1.0907, -2.3622 -0.0736 1.0766, -2.3622 -0.7087 0.7087, -2.3622 -0.0512 1.0907, -2.3622 -0.0263 1.0994, -2.3622 -0.0 1.1024, -2.3622 2.2952 1.0355, -2.3622 2.3092 1.0579, -2.3622 2.3279 1.0766, -2.3622 2.3503 1.0907, -2.3622 2.3753 1.0994, -2.3622 2.4016 1.1024, -2.3622 0.5905 1.1024, -2.3622 0.6168 1.0994, -2.3622 0.6418 1.0907, -2.3622 0.6642 1.0766, -2.3622 0.6829 1.0579, -2.3622 0.697 1.0355, -2.3622 0.7057 1.0105, -2.3622 0.7087 0.9843, -2.3622 0.7087 0.7087, -2.3622 2.2835 0.7087, 2.2441 3.7402 1.9685, 2.3602 3.7402 1.9685, 2.339 3.834 1.9685, -1.6906 -0.2266 1.9685, -1.6142 -0.2165 1.9685, -2.2835 -0.0492 1.9685, -2.2835 -0.7087 1.9685, -2.2441 -0.7087 1.9685, -1.5378 -0.2266 1.9685, 0.0 -0.0492 1.9685, -1.4665 -0.2561 1.9685, -1.4054 -0.303 1.9685, -1.3585 -0.3642 1.9685, -1.3585 -0.6595 1.9685, -1.4054 -0.7206 1.9685, 0.0 -1.1024 1.9685, -2.3602 -0.748 1.9685, -2.339 -0.8419 1.9685, -2.2441 -0.748 1.9685, -2.2956 -0.9278 1.9685, -2.2326 -1.0006 1.9685, -2.1539 -1.056 1.9685, -2.064 -1.0906 1.9685, -1.9685 -1.1024 1.9685, -1.329 -0.4354 1.9685, -1.3189 -0.5118 1.9685, -1.329 -0.5882 1.9685, -1.9094 -0.5118 1.9685, -1.8994 -0.4354 1.9685, -1.8699 -0.3642 1.9685, -1.823 -0.303 1.9685, -1.7618 -0.2561 1.9685, -1.6906 -0.797 1.9685, -1.7618 -0.7675 1.9685, -1.823 -0.7206 1.9685, -1.8699 -0.6595 1.9685, -1.8994 -0.5882 1.9685, -1.4665 -0.7675 1.9685, -1.5378 -0.797 1.9685, -1.6142 -0.8071 1.9685, -1.9685 4.0945 1.9685, -2.064 4.0827 1.9685, -2.2441 3.7402 1.9685, -2.1539 4.0481 1.9685, -2.2326 3.9928 1.9685, -2.2956 3.9199 1.9685, -2.339 3.834 1.9685, -2.3602 3.7402 1.9685, -2.2441 3.7008 1.9685, -1.8699 3.3563 1.9685, -1.8994 3.4275 1.9685, -1.7618 3.2482 1.9685, -1.823 3.2951 1.9685, -1.4665 3.7597 1.9685, -1.4054 3.7127 1.9685, 0.0 4.0945 1.9685, -1.3585 3.6516 1.9685, -1.329 3.5804 1.9685, -1.3189 3.5039 1.9685, -1.329 3.4275 1.9685, 0.0 2.8698 1.9685, -2.2835 3.7008 1.9685, -1.4054 3.2951 1.9685, -0.653 2.7095 1.9685, -1.3585 3.3563 1.9685, -0.4258 2.8066 1.9685, -0.185 2.8615 1.9685, 0.0 0.1223 1.9685, -0.185 0.1306 1.9685, -1.5378 3.2187 1.9685, -1.1829 2.2028 1.9685, -1.4665 3.2482 1.9685, -1.0377 2.4027 1.9685, -0.8591 2.5734 1.9685, -1.6142 3.2087 1.9685, -1.3558 1.7421 1.9685, -1.2901 1.9802 1.9685, -1.9094 3.5039 1.9685, -1.8994 3.5804 1.9685, -1.8699 3.6516 1.9685, -1.823 3.7127 1.9685, -1.7618 3.7597 1.9685, -1.6906 3.7891 1.9685, -1.6142 3.7992 1.9685, -1.5378 3.7891 1.9685, -0.4258 0.1855 1.9685, -0.653 0.2826 1.9685, -0.8591 0.4187 1.9685, -1.0377 0.5895 1.9685, -1.1829 0.7893 1.9685, -1.2901 1.0119 1.9685, -1.3558 1.25 1.9685, -1.6906 3.2187 1.9685, -1.378 1.4961 1.9685, 1.329 3.4275 1.9685, 1.3189 3.5039 1.9685, 1.9094 3.5039 1.9685, 1.8994 3.4275 1.9685, 2.2441 3.7008 1.9685, 1.8699 3.3563 1.9685, 1.329 3.5804 1.9685, 1.3585 3.6516 1.9685, 1.4054 3.7127 1.9685, 1.4665 3.7597 1.9685, 1.5378 3.7891 1.9685, 1.9685 4.0945 1.9685, 1.6142 3.7992 1.9685, 1.8994 3.5804 1.9685, 1.8699 3.6516 1.9685, 1.823 3.2951 1.9685, 2.2835 -0.0492 1.9685, 2.2835 3.7008 1.9685, 1.6906 3.7891 1.9685, 1.7618 3.7597 1.9685, 2.064 4.0827 1.9685, 1.823 3.7127 1.9685, 2.2956 3.9199 1.9685, 2.2326 3.9928 1.9685, 2.1539 4.0481 1.9685, 0.0618 2.8726 1.9685, 1.3585 3.3563 1.9685, 1.5378 3.2187 1.9685, 1.2415 2.0939 1.9685, 1.6142 3.2087 1.9685, 1.3283 1.8626 1.9685, 1.3724 1.6196 1.9685, 0.3066 2.8395 1.9685, 0.5416 2.7631 1.9685, 1.4054 3.2951 1.9685, 0.7591 2.6461 1.9685, 1.4665 3.2482 1.9685, 0.9523 2.492 1.9685, 1.1148 2.306 1.9685, 1.7618 3.2482 1.9685, 1.6906 3.2187 1.9685, 1.378 1.4961 1.9685, 1.3724 1.3725 1.9685, 1.3283 1.1295 1.9685, 1.2415 0.8982 1.9685, 1.1148 0.6861 1.9685, 0.9523 0.5001 1.9685, 0.7591 0.3461 1.9685, 0.5416 0.229 1.9685, 0.3066 0.1527 1.9685, 0.0618 0.1195 1.9685, 2.2441 -0.748 1.9685, 2.1539 -1.056 1.9685, 2.2326 -1.0006 1.9685, 1.9094 -0.5118 1.9685, 1.8994 -0.4354 1.9685, 2.2441 -0.7087 1.9685, 1.8699 -0.3642 1.9685, 2.2956 -0.9278 1.9685, 2.339 -0.8419 1.9685, 2.3602 -0.748 1.9685, 1.4665 -0.7675 1.9685, 1.4054 -0.7206 1.9685, 1.7618 -0.2561 1.9685, 1.823 -0.303 1.9685, 1.3585 -0.6595 1.9685, 1.329 -0.5882 1.9685, 1.3189 -0.5118 1.9685, 1.329 -0.4354 1.9685, 2.2835 -0.7087 1.9685, 1.9685 -1.1024 1.9685, 1.6142 -0.8071 1.9685, 1.5378 -0.797 1.9685, 1.3585 -0.3642 1.9685, 1.4054 -0.303 1.9685, 1.4665 -0.2561 1.9685, 1.5378 -0.2266 1.9685, 1.6142 -0.2165 1.9685, 1.6906 -0.2266 1.9685, 1.8994 -0.5882 1.9685, 1.8699 -0.6595 1.9685, 1.823 -0.7206 1.9685, 2.064 -1.0906 1.9685, 1.7618 -0.7675 1.9685, 1.6906 -0.797 1.9685, -2.2441 3.7402 1.8898, -2.2441 3.7008 1.8898, -2.2441 -0.7087 1.8898, -2.2441 -0.748 1.8898, 2.2441 -0.748 1.8898, 2.2441 -0.7087 1.8898, 2.2441 3.7008 1.8898, 2.2441 3.7402 1.8898, -2.3038 -0.7087 1.8871, -2.3242 -0.7087 1.9631, -2.3228 -0.7087 1.8792, -2.3622 -0.7087 1.9474, -2.3391 -0.7087 1.8667, -2.3948 -0.7087 1.9224, -2.3517 -0.7087 1.8504, -2.4198 -0.7087 1.8898, -2.3595 -0.7087 1.8314, -2.4356 -0.7087 1.8518, -2.3595 3.7008 1.8314, -2.4356 3.7008 1.8518, -2.3517 3.7008 1.8504, -2.4198 3.7008 1.8898, -2.3391 3.7008 1.8667, -2.3948 3.7008 1.9224, -2.3228 3.7008 1.8792, -2.3622 3.7008 1.9474, -2.3038 3.7008 1.8871, -2.3242 3.7008 1.9631, 2.3038 3.7008 1.8871, 2.3242 3.7008 1.9631, 2.3228 3.7008 1.8792, 2.3622 3.7008 1.9474, 2.3391 3.7008 1.8667, 2.3948 3.7008 1.9224, 2.3517 3.7008 1.8504, 2.4198 3.7008 1.8898, 2.3595 3.7008 1.8314, 2.4356 3.7008 1.8518, 2.3595 -0.7087 1.8314, 2.4356 -0.7087 1.8518, 2.3517 -0.7087 1.8504, 2.4198 -0.7087 1.8898, 2.3391 -0.7087 1.8667, 2.3948 -0.7087 1.9224, 2.3228 -0.7087 1.8792, 2.3622 -0.7087 1.9474, 2.3038 -0.7087 1.8871, 2.3242 -0.7087 1.9631, 2.4409 -0.1152 1.0105, 2.4409 -0.1064 1.0355, 2.4409 -0.0923 1.0579, 2.4409 -0.0736 1.0766, 2.4409 -0.0512 1.0907, 2.4409 -0.0263 1.0994, 2.4409 0.6168 1.0994, 2.4409 0.6418 1.0907, 2.4409 0.6642 1.0766, 2.4409 0.6829 1.0579, 2.4409 0.697 1.0355, 2.4409 0.7057 1.0105, 2.4409 3.0184 1.0994, 2.4409 3.0434 1.0907, 2.4409 3.0658 1.0766, 2.4409 3.0845 1.0579, 2.4409 3.0985 1.0355, 2.4409 3.1073 1.0105, -2.3595 3.1102 0.5308, -2.4356 3.1102 0.5104, -2.3517 3.1102 0.5118, -2.4198 3.1102 0.4724, -2.3391 3.1102 0.4955, -2.3948 3.1102 0.4398, -2.3228 3.1102 0.483, -2.3622 3.1102 0.4148, -2.3038 3.1102 0.4751, -2.3242 3.1102 0.3991, -2.2835 3.1102 0.4724, -2.2835 3.1102 0.3937, -2.2835 3.5039 0.4724, -2.2835 3.5039 0.3937, -2.3038 3.5039 0.4751, -2.3242 3.5039 0.3991, -2.3228 3.5039 0.483, -2.3622 3.5039 0.4148, -2.3391 3.5039 0.4955, -2.3948 3.5039 0.4398, -2.3517 3.5039 0.5118, -2.4198 3.5039 0.4724, -2.3595 3.5039 0.5308, -2.4356 3.5039 0.5104, -2.0472 3.5039 0.3937, -2.0472 3.5039 0.4724, -2.0472 3.1102 0.4724, -2.0472 3.1102 0.3937, -2.0079 3.4934 0.3937, -1.9916 3.4809 0.3937, -1.9791 3.4646 0.3937, -1.9685 3.4252 0.3937, -1.9685 3.189 0.3937, -2.0269 3.5013 0.3937, -1.9712 3.4456 0.3937, -1.9712 3.1686 0.3937, -1.9791 3.1496 0.3937, -2.0269 3.1129 0.3937, -1.9916 3.1333 0.3937, -2.0079 3.1208 0.3937, -1.9685 3.189 0.4724, -1.9685 3.4252 0.4724, -1.9791 3.4646 0.4724, -1.9916 3.4809 0.4724, -2.0079 3.4934 0.4724, -1.9712 3.4456 0.4724, -2.0269 3.5013 0.4724, -2.0079 3.1208 0.4724, -1.9916 3.1333 0.4724, -2.0269 3.1129 0.4724, -1.9791 3.1496 0.4724, -1.9712 3.1686 0.4724, -2.3595 -0.5118 0.5308, -2.4356 -0.5118 0.5104, -2.3517 -0.5118 0.5118, -2.4198 -0.5118 0.4724, -2.3391 -0.5118 0.4955, -2.3948 -0.5118 0.4398, -2.3228 -0.5118 0.483, -2.3622 -0.5118 0.4148, -2.3038 -0.5118 0.4751, -2.3242 -0.5118 0.3991, -2.2835 -0.5118 0.4724, -2.2835 -0.5118 0.3937, -2.2835 -0.1181 0.4724, -2.2835 -0.1181 0.3937, -2.3038 -0.1181 0.4751, -2.3242 -0.1181 0.3991, -2.3228 -0.1181 0.483, -2.3622 -0.1181 0.4148, -2.3391 -0.1181 0.4955, -2.3948 -0.1181 0.4398, -2.3517 -0.1181 0.5118, -2.4198 -0.1181 0.4724, -2.3595 -0.1181 0.5308, -2.4356 -0.1181 0.5104, -2.0472 -0.1181 0.3937, -2.0472 -0.1181 0.4724, -2.0472 -0.5118 0.4724, -2.0472 -0.5118 0.3937, -1.9685 -0.1969 0.3937, -1.9685 -0.4331 0.3937, -2.0269 -0.1208 0.3937, -2.0079 -0.1287 0.3937, -1.9916 -0.1412 0.3937, -1.9791 -0.1575 0.3937, -1.9712 -0.1765 0.3937, -1.9791 -0.4724 0.3937, -1.9916 -0.4888 0.3937, -2.0079 -0.5013 0.3937, -1.9712 -0.4535 0.3937, -2.0269 -0.5091 0.3937, -1.9685 -0.4331 0.4724, -1.9685 -0.1969 0.4724, -2.0079 -0.5013 0.4724, -1.9916 -0.4888 0.4724, -1.9791 -0.4724 0.4724, -2.0269 -0.5091 0.4724, -1.9712 -0.4535 0.4724, -1.9791 -0.1575 0.4724, -1.9916 -0.1412 0.4724, -2.0079 -0.1287 0.4724, -1.9712 -0.1765 0.4724, -2.0269 -0.1208 0.4724
            ]
        }
        coordIndex [
            0,1,2,-1,2,1,3,-1,4,5,6,-1,6,5,7,-1,7,5,8,-1,7,8,9,-1,9,8,10,-1,9,10,11,-1,11,10,12,-1,11,12,13,-1,13,12,14,-1,13,14,15,-1,16,17,18,-1,18,17,19,-1,18,19,20,-1,20,19,21,-1,20,21,22,-1,22,21,23,-1,22,23,24,-1,24,23,25,-1,24,25,26,-1,26,25,27,-1,26,27,28,-1,6,29,4,-1,4,29,30,-1,4,30,31,-1,31,30,32,-1,31,32,33,-1,33,32,34,-1,33,34,16,-1,16,34,35,-1,16,35,17,-1,36,37,38,-1,38,37,39,-1,40,41,42,-1,40,42,43,-1,43,42,44,-1,43,44,45,-1,45,44,46,-1,45,46,47,-1,47,46,48,-1,47,48,49,-1,49,48,50,-1,49,50,51,-1,50,52,51,-1,51,52,53,-1,51,53,54,-1,54,53,55,-1,54,55,56,-1,56,55,57,-1,56,57,58,-1,57,59,58,-1,58,59,60,-1,58,60,61,-1,61,60,62,-1,61,62,63,-1,63,62,64,-1,63,64,65,-1,65,64,66,-1,65,66,67,-1,67,66,68,-1,67,68,69,-1,69,68,70,-1,69,70,71,-1,72,73,74,-1,74,73,75,-1,76,77,78,-1,79,80,81,-1,81,80,82,-1,81,82,83,-1,76,84,77,-1,77,84,74,-1,77,74,85,-1,86,87,81,-1,88,89,90,-1,90,89,74,-1,90,74,91,-1,91,74,75,-1,92,93,94,-1,94,93,76,-1,94,76,95,-1,95,76,78,-1,96,97,74,-1,74,97,98,-1,74,98,85,-1,83,99,81,-1,81,99,100,-1,81,100,86,-1,86,100,101,-1,86,101,102,-1,102,103,86,-1,86,103,104,-1,86,104,74,-1,74,104,105,-1,74,105,72,-1,106,107,108,-1,108,107,89,-1,108,89,109,-1,109,89,110,-1,107,111,89,-1,89,111,112,-1,89,112,113,-1,113,114,89,-1,89,114,115,-1,89,115,74,-1,74,115,116,-1,74,116,96,-1,117,118,119,-1,120,121,122,-1,122,121,123,-1,124,125,126,-1,127,128,119,-1,129,130,131,-1,118,132,119,-1,119,132,133,-1,119,133,127,-1,127,133,134,-1,127,134,135,-1,136,137,129,-1,129,137,138,-1,129,138,139,-1,140,141,119,-1,119,141,142,-1,119,142,117,-1,124,126,131,-1,131,126,143,-1,131,143,129,-1,144,122,145,-1,145,122,129,-1,145,129,146,-1,146,129,139,-1,147,148,149,-1,149,148,126,-1,149,126,150,-1,150,126,125,-1,151,152,129,-1,129,152,153,-1,129,153,130,-1,135,154,127,-1,127,154,155,-1,127,155,129,-1,129,155,156,-1,129,156,136,-1,123,157,158,-1,159,160,122,-1,160,161,122,-1,122,161,162,-1,122,162,129,-1,129,162,163,-1,129,163,151,-1,123,158,122,-1,122,158,164,-1,122,164,159,-1,149,82,147,-1,147,82,80,-1,79,81,148,-1,148,81,126,-1,94,142,92,-1,92,142,141,-1,122,144,108,-1,108,144,106,-1,165,166,167,-1,168,169,170,-1,171,172,173,-1,173,172,174,-1,175,176,170,-1,170,176,177,-1,170,177,168,-1,178,179,170,-1,180,181,182,-1,182,181,183,-1,183,184,182,-1,182,184,185,-1,182,185,165,-1,169,186,170,-1,170,186,187,-1,170,187,178,-1,178,187,188,-1,178,188,189,-1,189,190,178,-1,178,190,191,-1,178,191,182,-1,182,191,192,-1,182,192,180,-1,193,194,195,-1,195,194,172,-1,195,172,196,-1,196,172,171,-1,172,197,174,-1,174,197,182,-1,174,182,198,-1,198,182,199,-1,200,201,167,-1,167,201,202,-1,165,167,182,-1,182,167,203,-1,182,203,204,-1,204,205,182,-1,182,205,206,-1,182,206,199,-1,207,200,208,-1,208,200,167,-1,208,167,209,-1,209,167,210,-1,202,211,167,-1,167,211,212,-1,167,212,203,-1,213,214,215,-1,215,214,216,-1,217,218,219,-1,220,221,222,-1,222,221,223,-1,224,225,226,-1,226,225,214,-1,226,214,227,-1,227,214,213,-1,228,229,230,-1,230,229,231,-1,232,233,222,-1,222,233,234,-1,222,234,220,-1,235,236,237,-1,214,238,216,-1,216,238,219,-1,216,219,239,-1,239,219,218,-1,223,240,222,-1,222,240,237,-1,222,237,241,-1,240,242,237,-1,237,242,243,-1,237,243,244,-1,236,245,237,-1,237,245,246,-1,237,246,247,-1,247,248,237,-1,237,248,249,-1,237,249,219,-1,219,249,250,-1,219,250,217,-1,244,251,237,-1,237,251,252,-1,237,252,253,-1,253,254,231,-1,231,254,255,-1,231,255,256,-1,256,257,231,-1,231,257,258,-1,231,258,230,-1,230,258,259,-1,253,231,237,-1,237,231,260,-1,237,260,235,-1,195,234,193,-1,193,234,233,-1,222,172,232,-1,232,172,194,-1,226,177,224,-1,224,177,176,-1,170,214,175,-1,175,214,225,-1,241,197,222,-1,222,197,172,-1,179,238,170,-1,170,238,214,-1,119,128,76,-1,76,128,84,-1,81,87,126,-1,126,87,143,-1,260,231,166,-1,166,231,167,-1,207,208,259,-1,259,208,230,-1,261,262,263,-1,264,265,266,-1,266,267,268,-1,265,269,270,-1,269,271,270,-1,270,271,272,-1,270,272,273,-1,274,275,276,-1,277,278,279,-1,279,278,280,-1,279,280,281,-1,281,282,279,-1,279,282,283,-1,279,283,284,-1,273,285,270,-1,270,285,286,-1,270,286,276,-1,276,286,287,-1,276,287,274,-1,268,288,289,-1,289,290,268,-1,268,290,291,-1,268,291,266,-1,266,291,292,-1,266,292,264,-1,293,294,284,-1,284,294,295,-1,284,295,279,-1,279,295,296,-1,279,296,268,-1,268,296,297,-1,268,297,288,-1,275,298,276,-1,276,298,299,-1,276,299,284,-1,284,299,300,-1,284,300,293,-1,301,302,303,-1,303,302,304,-1,303,304,305,-1,305,306,303,-1,303,306,307,-1,303,307,308,-1,309,310,311,-1,266,312,313,-1,314,315,316,-1,316,315,317,-1,316,317,318,-1,319,320,321,-1,310,309,313,-1,313,309,322,-1,313,322,266,-1,323,324,325,-1,325,324,326,-1,325,326,320,-1,320,326,327,-1,320,327,321,-1,270,328,329,-1,330,331,332,-1,332,331,333,-1,332,333,323,-1,323,333,334,-1,323,334,324,-1,335,336,330,-1,330,336,337,-1,330,337,331,-1,311,338,309,-1,309,338,339,-1,309,339,303,-1,303,339,340,-1,303,340,301,-1,301,340,341,-1,301,341,342,-1,342,343,301,-1,301,343,344,-1,301,344,316,-1,316,344,345,-1,316,345,314,-1,265,270,266,-1,266,270,329,-1,266,329,346,-1,346,347,266,-1,266,347,348,-1,266,348,349,-1,349,350,266,-1,266,350,351,-1,266,351,352,-1,312,266,353,-1,353,266,352,-1,353,352,335,-1,335,352,354,-1,335,354,336,-1,355,356,316,-1,357,358,359,-1,359,358,360,-1,356,361,316,-1,316,361,362,-1,316,362,363,-1,363,364,316,-1,316,364,365,-1,316,365,366,-1,366,365,367,-1,359,261,357,-1,357,261,263,-1,357,263,368,-1,368,263,369,-1,360,370,359,-1,359,370,371,-1,359,371,372,-1,367,373,366,-1,366,373,374,-1,366,374,375,-1,375,374,376,-1,263,377,369,-1,369,377,378,-1,369,378,376,-1,376,378,379,-1,376,379,375,-1,318,319,316,-1,316,319,321,-1,316,321,355,-1,355,321,380,-1,355,380,381,-1,382,383,384,-1,384,383,385,-1,384,385,386,-1,380,387,381,-1,381,387,388,-1,381,388,389,-1,389,388,390,-1,389,390,391,-1,391,390,392,-1,391,392,382,-1,382,392,393,-1,382,393,383,-1,370,394,371,-1,371,394,395,-1,371,395,384,-1,386,396,384,-1,384,396,397,-1,384,397,371,-1,371,397,398,-1,371,398,399,-1,399,400,371,-1,371,400,401,-1,371,401,402,-1,402,403,371,-1,371,403,404,-1,371,404,270,-1,270,404,405,-1,270,405,328,-1,406,407,408,-1,409,406,410,-1,410,406,411,-1,410,411,412,-1,408,413,406,-1,406,413,414,-1,406,414,415,-1,276,416,417,-1,371,418,419,-1,417,420,276,-1,276,420,421,-1,276,421,270,-1,270,421,422,-1,270,422,423,-1,412,411,419,-1,419,411,424,-1,419,424,371,-1,425,426,276,-1,276,426,427,-1,276,427,416,-1,423,428,270,-1,270,428,429,-1,270,429,430,-1,430,431,270,-1,270,431,432,-1,270,432,371,-1,371,432,433,-1,371,433,418,-1,409,434,406,-1,406,434,435,-1,406,435,407,-1,407,435,436,-1,407,436,437,-1,437,436,438,-1,437,438,425,-1,425,438,439,-1,425,439,426,-1,69,415,414,-1,69,414,67,-1,67,414,413,-1,67,413,65,-1,65,413,408,-1,65,408,63,-1,63,408,407,-1,63,407,61,-1,61,407,437,-1,61,437,58,-1,58,437,425,-1,58,425,56,-1,31,366,375,-1,31,375,4,-1,4,375,379,-1,4,379,5,-1,5,379,378,-1,5,378,8,-1,8,378,377,-1,8,377,10,-1,10,377,263,-1,10,263,12,-1,12,263,262,-1,12,262,14,-1,26,308,307,-1,26,307,24,-1,24,307,306,-1,24,306,22,-1,22,306,305,-1,22,305,20,-1,20,305,304,-1,20,304,18,-1,18,304,302,-1,18,302,16,-1,16,302,301,-1,16,301,33,-1,54,284,283,-1,54,283,51,-1,51,283,282,-1,51,282,49,-1,49,282,281,-1,49,281,47,-1,47,281,280,-1,47,280,45,-1,45,280,278,-1,45,278,43,-1,43,278,277,-1,43,277,40,-1,366,31,316,-1,316,31,33,-1,316,33,301,-1,284,54,276,-1,276,54,56,-1,276,56,425,-1,440,303,28,-1,28,303,308,-1,28,308,26,-1,440,441,303,-1,303,441,309,-1,1,322,3,-1,3,322,309,-1,3,309,441,-1,442,268,2,-1,2,268,267,-1,2,267,0,-1,442,443,268,-1,268,443,279,-1,40,277,41,-1,41,277,279,-1,41,279,443,-1,444,406,71,-1,71,406,415,-1,71,415,69,-1,444,445,406,-1,406,445,411,-1,37,424,39,-1,39,424,411,-1,39,411,445,-1,446,359,38,-1,38,359,372,-1,38,372,36,-1,446,447,359,-1,359,447,261,-1,14,262,15,-1,15,262,261,-1,15,261,447,-1,0,267,448,-1,448,267,449,-1,448,449,450,-1,450,449,451,-1,450,451,452,-1,452,451,453,-1,452,453,454,-1,454,453,455,-1,454,455,456,-1,456,455,457,-1,456,457,237,-1,237,457,182,-1,219,178,458,-1,458,178,459,-1,458,459,460,-1,460,459,461,-1,460,461,462,-1,462,461,463,-1,462,463,464,-1,464,463,465,-1,464,465,466,-1,466,465,467,-1,466,467,1,-1,1,467,322,-1,266,322,467,-1,449,267,266,-1,266,467,449,-1,449,467,465,-1,449,465,451,-1,451,465,463,-1,451,463,453,-1,453,463,461,-1,453,461,455,-1,455,461,459,-1,455,459,457,-1,457,459,178,-1,457,178,182,-1,237,219,456,-1,456,219,458,-1,456,458,454,-1,454,458,460,-1,454,460,452,-1,452,460,462,-1,452,462,450,-1,450,462,464,-1,450,464,448,-1,448,464,466,-1,448,466,0,-1,0,466,1,-1,238,179,219,-1,219,179,178,-1,197,241,182,-1,182,241,237,-1,36,372,468,-1,468,372,469,-1,468,469,470,-1,470,469,471,-1,470,471,472,-1,472,471,473,-1,472,473,474,-1,474,473,475,-1,474,475,476,-1,476,475,477,-1,476,477,127,-1,127,477,74,-1,129,86,478,-1,478,86,479,-1,478,479,480,-1,480,479,481,-1,480,481,482,-1,482,481,483,-1,482,483,484,-1,484,483,485,-1,484,485,486,-1,486,485,487,-1,486,487,37,-1,37,487,424,-1,371,424,487,-1,469,372,371,-1,371,487,469,-1,469,487,485,-1,469,485,471,-1,471,485,483,-1,471,483,473,-1,473,483,481,-1,473,481,475,-1,475,481,479,-1,475,479,477,-1,477,479,86,-1,477,86,74,-1,127,129,476,-1,476,129,478,-1,476,478,474,-1,474,478,480,-1,474,480,472,-1,472,480,482,-1,472,482,470,-1,470,482,484,-1,470,484,468,-1,468,484,486,-1,468,486,36,-1,36,486,37,-1,143,87,129,-1,129,87,86,-1,84,128,74,-1,74,128,127,-1,89,88,123,-1,123,88,157,-1,209,228,208,-1,208,228,230,-1,229,210,231,-1,231,210,167,-1,88,90,157,-1,157,90,158,-1,82,149,488,-1,488,149,150,-1,488,150,489,-1,489,150,125,-1,489,125,490,-1,490,125,124,-1,490,124,491,-1,491,124,131,-1,491,131,492,-1,492,131,130,-1,492,130,493,-1,493,130,153,-1,493,153,103,-1,103,153,152,-1,104,103,151,-1,151,103,152,-1,104,151,494,-1,494,151,163,-1,494,163,495,-1,495,163,162,-1,495,162,496,-1,496,162,161,-1,496,161,497,-1,497,161,160,-1,497,160,498,-1,498,160,159,-1,498,159,499,-1,499,159,164,-1,499,164,90,-1,90,164,158,-1,107,106,145,-1,145,106,144,-1,107,145,111,-1,111,145,146,-1,111,146,112,-1,112,146,139,-1,112,139,113,-1,113,139,138,-1,113,138,114,-1,114,138,137,-1,114,137,115,-1,115,137,136,-1,115,136,116,-1,116,136,156,-1,116,156,96,-1,96,156,155,-1,97,96,154,-1,154,96,155,-1,97,154,500,-1,500,154,135,-1,500,135,501,-1,501,135,134,-1,501,134,502,-1,502,134,133,-1,502,133,503,-1,503,133,132,-1,503,132,504,-1,504,132,118,-1,504,118,505,-1,505,118,117,-1,505,117,94,-1,94,117,142,-1,251,205,252,-1,252,205,204,-1,252,204,253,-1,253,204,203,-1,253,203,254,-1,254,203,212,-1,254,212,255,-1,255,212,211,-1,255,211,256,-1,256,211,202,-1,256,202,257,-1,257,202,201,-1,257,201,258,-1,258,201,200,-1,206,205,244,-1,244,205,251,-1,234,195,220,-1,220,195,196,-1,220,196,221,-1,221,196,171,-1,221,171,223,-1,223,171,173,-1,223,173,240,-1,240,173,174,-1,240,174,242,-1,242,174,198,-1,242,198,243,-1,243,198,199,-1,243,199,244,-1,244,199,206,-1,200,207,258,-1,258,207,259,-1,217,190,218,-1,218,190,189,-1,218,189,239,-1,239,189,188,-1,239,188,216,-1,216,188,187,-1,216,187,215,-1,215,187,186,-1,215,186,213,-1,213,186,169,-1,213,169,227,-1,227,169,168,-1,227,168,226,-1,226,168,177,-1,191,190,250,-1,250,190,217,-1,235,165,236,-1,236,165,185,-1,236,185,245,-1,245,185,184,-1,245,184,246,-1,246,184,183,-1,246,183,247,-1,247,183,181,-1,247,181,248,-1,248,181,180,-1,248,180,249,-1,249,180,192,-1,249,192,250,-1,250,192,191,-1,166,165,260,-1,260,165,235,-1,224,176,506,-1,506,176,507,-1,506,507,508,-1,508,507,509,-1,508,509,510,-1,510,509,511,-1,510,511,512,-1,512,511,513,-1,512,513,514,-1,514,513,515,-1,514,515,516,-1,516,515,517,-1,518,519,520,-1,520,519,521,-1,520,521,522,-1,522,521,523,-1,522,523,524,-1,524,523,525,-1,524,525,526,-1,526,525,527,-1,526,527,528,-1,528,527,529,-1,528,529,225,-1,225,529,175,-1,176,175,529,-1,176,529,507,-1,507,529,527,-1,507,527,509,-1,509,527,525,-1,509,525,511,-1,511,525,523,-1,511,523,513,-1,513,523,521,-1,513,521,515,-1,515,521,519,-1,515,519,517,-1,516,518,514,-1,514,518,520,-1,514,520,512,-1,512,520,522,-1,512,522,510,-1,510,522,524,-1,510,524,508,-1,508,524,526,-1,508,526,506,-1,506,526,528,-1,506,528,224,-1,224,528,225,-1,530,519,531,-1,531,519,518,-1,532,516,533,-1,533,516,517,-1,533,517,519,-1,534,535,536,-1,519,530,533,-1,533,530,537,-1,533,537,538,-1,530,539,537,-1,537,539,534,-1,537,534,540,-1,540,534,536,-1,538,541,533,-1,533,541,542,-1,533,542,543,-1,543,542,544,-1,543,544,545,-1,531,518,516,-1,516,532,531,-1,531,532,546,-1,531,546,547,-1,548,549,550,-1,547,551,531,-1,531,551,548,-1,531,548,552,-1,552,548,550,-1,553,554,555,-1,555,554,556,-1,555,556,532,-1,532,556,557,-1,532,557,546,-1,538,537,546,-1,546,537,547,-1,232,194,558,-1,558,194,559,-1,558,559,560,-1,560,559,561,-1,560,561,562,-1,562,561,563,-1,562,563,564,-1,564,563,565,-1,564,565,566,-1,566,565,567,-1,566,567,568,-1,568,567,569,-1,570,571,572,-1,572,571,573,-1,572,573,574,-1,574,573,575,-1,574,575,576,-1,576,575,577,-1,576,577,578,-1,578,577,579,-1,578,579,580,-1,580,579,581,-1,580,581,233,-1,233,581,193,-1,194,193,581,-1,194,581,559,-1,559,581,579,-1,559,579,561,-1,561,579,577,-1,561,577,563,-1,563,577,575,-1,563,575,565,-1,565,575,573,-1,565,573,567,-1,567,573,571,-1,567,571,569,-1,568,570,566,-1,566,570,572,-1,566,572,564,-1,564,572,574,-1,564,574,562,-1,562,574,576,-1,562,576,560,-1,560,576,578,-1,560,578,558,-1,558,578,580,-1,558,580,232,-1,232,580,233,-1,582,571,583,-1,583,571,570,-1,584,568,585,-1,585,568,569,-1,571,586,569,-1,569,586,587,-1,569,587,585,-1,571,582,586,-1,586,582,588,-1,586,588,589,-1,589,590,586,-1,586,590,591,-1,586,591,592,-1,593,594,595,-1,587,596,585,-1,585,596,593,-1,585,593,597,-1,597,593,595,-1,598,568,584,-1,570,568,583,-1,583,568,598,-1,583,598,599,-1,600,601,602,-1,584,603,598,-1,598,603,600,-1,598,600,604,-1,604,600,602,-1,605,606,607,-1,599,608,583,-1,583,608,605,-1,583,605,609,-1,609,605,607,-1,599,598,586,-1,586,598,587,-1,
        ]
    }
}
Shape{
    appearance Appearance {
        material  Material 	{
            diffuseColor 1.0 1.0 1.0
            specularColor 0.8784313725490196 0.8784313725490196 0.8784313725490196
            ambientIntensity 1.0
            transparency 0.0
            shininess 0.5
        }
    }
    geometry IndexedFaceSet {
        ccw TRUE
        solid FALSE
        coord DEF co Coordinate {
            point [
                -2.0472 -0.1181 0.3937, -2.0472 -0.1181 0.4724, -2.0269 -0.1208 0.4724, -2.0269 -0.1208 0.3937, -2.0079 -0.1287 0.4724, -2.0079 -0.1287 0.3937, -1.9916 -0.1412 0.4724, -1.9916 -0.1412 0.3937, -1.9791 -0.1575 0.4724, -1.9791 -0.1575 0.3937, -1.9712 -0.1765 0.4724, -1.9712 -0.1765 0.3937, -1.9685 -0.1969 0.4724, -1.9685 -0.1969 0.3937, -1.9685 -0.4331 0.3937, -1.9685 -0.4331 0.4724, -1.9712 -0.4535 0.4724, -1.9712 -0.4535 0.3937, -1.9791 -0.4724 0.4724, -1.9791 -0.4724 0.3937, -1.9916 -0.4888 0.4724, -1.9916 -0.4888 0.3937, -2.0079 -0.5013 0.4724, -2.0079 -0.5013 0.3937, -2.0269 -0.5091 0.4724, -2.0269 -0.5091 0.3937, -2.0472 -0.5118 0.4724, -2.0472 -0.5118 0.3937, -1.9685 3.189 0.3937, -1.9685 3.189 0.4724, -1.9712 3.1686 0.4724, -1.9712 3.1686 0.3937, -1.9791 3.1496 0.4724, -1.9791 3.1496 0.3937, -1.9916 3.1333 0.4724, -1.9916 3.1333 0.3937, -2.0079 3.1208 0.4724, -2.0079 3.1208 0.3937, -2.0269 3.1129 0.4724, -2.0269 3.1129 0.3937, -2.0472 3.1102 0.4724, -2.0472 3.1102 0.3937, -2.0472 3.5039 0.3937, -2.0472 3.5039 0.4724, -2.0269 3.5013 0.4724, -2.0269 3.5013 0.3937, -2.0079 3.4934 0.4724, -2.0079 3.4934 0.3937, -1.9916 3.4809 0.4724, -1.9916 3.4809 0.3937, -1.9791 3.4646 0.4724, -1.9791 3.4646 0.3937, -1.9712 3.4456 0.4724, -1.9712 3.4456 0.3937, -1.9685 3.4252 0.4724, -1.9685 3.4252 0.3937
            ]
        }
        coordIndex [
            0,1,2,-1,0,2,3,-1,3,2,4,-1,3,4,5,-1,5,4,6,-1,5,6,7,-1,7,6,8,-1,7,8,9,-1,9,8,10,-1,9,10,11,-1,11,10,12,-1,11,12,13,-1,14,15,16,-1,14,16,17,-1,17,16,18,-1,17,18,19,-1,19,18,20,-1,19,20,21,-1,21,20,22,-1,21,22,23,-1,23,22,24,-1,23,24,25,-1,25,24,26,-1,25,26,27,-1,28,29,30,-1,28,30,31,-1,31,30,32,-1,31,32,33,-1,33,32,34,-1,33,34,35,-1,35,34,36,-1,35,36,37,-1,37,36,38,-1,37,38,39,-1,39,38,40,-1,39,40,41,-1,42,43,44,-1,42,44,45,-1,45,44,46,-1,45,46,47,-1,47,46,48,-1,47,48,49,-1,49,48,50,-1,49,50,51,-1,51,50,52,-1,51,52,53,-1,53,52,54,-1,53,54,55,-1,
        ]
    }
}
Shape{
    appearance Appearance {
        material  Material 	{
            diffuseColor 0.7764705882352941 0.7568627450980392 0.7372549019607844
            specularColor 0.38823529411764707 0.3764705882352941 0.3686274509803922
            ambientIntensity 0.7605
            transparency 0.0
            shininess 0.5
        }
    }
    geometry IndexedFaceSet {
        ccw TRUE
        solid FALSE
        coord DEF co Coordinate {
            point [
                2.4409 1.8898 -0.2415, 2.3622 1.8898 -0.2415, 2.4409 1.8898 0.7087, 2.3622 1.8898 0.7087, 2.3622 1.1024 -0.2415, 2.4409 1.1024 -0.2415, 2.3622 1.1024 0.7087, 2.4409 1.1024 0.7087, 2.3622 3.5039 0.7087, 2.4409 3.5039 0.7087, 2.3622 3.5039 0.5512, 2.4409 3.5039 0.5512, 2.3595 3.5039 0.5308, 2.4356 3.5039 0.5104, 2.3517 3.5039 0.5118, 2.4198 3.5039 0.4724, 2.3391 3.5039 0.4955, 2.3948 3.5039 0.4398, 2.3228 3.5039 0.483, 2.3622 3.5039 0.4148, 2.3038 3.5039 0.4751, 2.3242 3.5039 0.3991, 2.2835 3.5039 0.4724, 2.2835 3.5039 0.3937, 2.2835 3.1102 0.4724, 2.2835 3.1102 0.3937, 2.3038 3.1102 0.4751, 2.3242 3.1102 0.3991, 2.3228 3.1102 0.483, 2.3622 3.1102 0.4148, 2.3391 3.1102 0.4955, 2.3948 3.1102 0.4398, 2.3517 3.1102 0.5118, 2.4198 3.1102 0.4724, 2.3595 3.1102 0.5308, 2.4356 3.1102 0.5104, 2.3622 3.1102 0.5512, 2.4409 3.1102 0.5512, 2.0472 3.5039 0.4724, 2.0472 3.5039 0.3937, 2.0472 3.1102 0.3937, 2.0472 3.1102 0.4724, 1.9685 3.4252 0.3937, 1.9685 3.189 0.3937, 1.9791 3.4646 0.3937, 1.9916 3.4809 0.3937, 2.0079 3.4934 0.3937, 1.9712 3.4456 0.3937, 2.0269 3.5013 0.3937, 2.0269 3.1129 0.3937, 2.0079 3.1208 0.3937, 1.9712 3.1686 0.3937, 1.9916 3.1333 0.3937, 1.9791 3.1496 0.3937, 1.9685 3.4252 0.4724, 1.9685 3.189 0.4724, 2.0079 3.4934 0.4724, 1.9916 3.4809 0.4724, 1.9791 3.4646 0.4724, 2.0269 3.5013 0.4724, 1.9712 3.4456 0.4724, 1.9791 3.1496 0.4724, 1.9916 3.1333 0.4724, 1.9712 3.1686 0.4724, 2.0079 3.1208 0.4724, 2.0269 3.1129 0.4724, 2.3622 -0.1181 0.5512, 2.4409 -0.1181 0.5512, 2.3595 -0.1181 0.5308, 2.4356 -0.1181 0.5104, 2.3517 -0.1181 0.5118, 2.4198 -0.1181 0.4724, 2.3391 -0.1181 0.4955, 2.3948 -0.1181 0.4398, 2.3228 -0.1181 0.483, 2.3622 -0.1181 0.4148, 2.3038 -0.1181 0.4751, 2.3242 -0.1181 0.3991, 2.2835 -0.1181 0.4724, 2.2835 -0.1181 0.3937, 2.2835 -0.5118 0.4724, 2.2835 -0.5118 0.3937, 2.3038 -0.5118 0.4751, 2.3242 -0.5118 0.3991, 2.3228 -0.5118 0.483, 2.3622 -0.5118 0.4148, 2.3391 -0.5118 0.4955, 2.3948 -0.5118 0.4398, 2.3517 -0.5118 0.5118, 2.4198 -0.5118 0.4724, 2.3595 -0.5118 0.5308, 2.4356 -0.5118 0.5104, 2.3622 -0.5118 0.5512, 2.4409 -0.5118 0.5512, 2.0472 -0.1181 0.4724, 2.0472 -0.1181 0.3937, 2.0472 -0.5118 0.3937, 2.0472 -0.5118 0.4724, 1.9685 -0.4331 0.3937, 1.9685 -0.1969 0.3937, 2.0269 -0.5091 0.3937, 2.0079 -0.5013 0.3937, 1.9712 -0.4535 0.3937, 1.9916 -0.4888 0.3937, 1.9791 -0.4724 0.3937, 1.9791 -0.1575 0.3937, 1.9916 -0.1412 0.3937, 2.0079 -0.1287 0.3937, 1.9712 -0.1765 0.3937, 2.0269 -0.1208 0.3937, 1.9685 -0.1969 0.4724, 1.9685 -0.4331 0.4724, 2.0269 -0.1208 0.4724, 2.0079 -0.1287 0.4724, 1.9916 -0.1412 0.4724, 1.9791 -0.1575 0.4724, 1.9712 -0.1765 0.4724, 1.9791 -0.4724 0.4724, 1.9916 -0.4888 0.4724, 1.9712 -0.4535 0.4724, 2.0079 -0.5013 0.4724, 2.0269 -0.5091 0.4724
            ]
        }
        coordIndex [
            0,1,2,-1,2,1,3,-1,4,5,6,-1,6,5,7,-1,8,9,10,-1,10,9,11,-1,10,11,12,-1,12,11,13,-1,12,13,14,-1,14,13,15,-1,14,15,16,-1,16,15,17,-1,16,17,18,-1,18,17,19,-1,18,19,20,-1,20,19,21,-1,20,21,22,-1,22,21,23,-1,24,25,26,-1,26,25,27,-1,26,27,28,-1,28,27,29,-1,28,29,30,-1,30,29,31,-1,30,31,32,-1,32,31,33,-1,32,33,34,-1,34,33,35,-1,34,35,36,-1,36,35,37,-1,11,37,35,-1,11,35,13,-1,13,35,33,-1,13,33,15,-1,15,33,31,-1,15,31,17,-1,17,31,29,-1,17,29,19,-1,19,29,27,-1,19,27,21,-1,21,27,25,-1,21,25,23,-1,22,24,20,-1,20,24,26,-1,20,26,18,-1,18,26,28,-1,18,28,16,-1,16,28,30,-1,16,30,14,-1,14,30,32,-1,14,32,12,-1,12,32,34,-1,12,34,10,-1,10,34,36,-1,38,22,39,-1,39,22,23,-1,40,25,41,-1,41,25,24,-1,39,23,42,-1,23,25,42,-1,42,25,40,-1,42,40,43,-1,44,45,46,-1,42,47,39,-1,39,47,44,-1,39,44,48,-1,48,44,46,-1,40,49,43,-1,43,49,50,-1,43,50,51,-1,51,50,52,-1,51,52,53,-1,54,22,38,-1,24,22,41,-1,41,22,54,-1,41,54,55,-1,56,57,58,-1,38,59,54,-1,54,59,56,-1,54,56,60,-1,60,56,58,-1,61,62,63,-1,63,62,64,-1,63,64,55,-1,55,64,65,-1,55,65,41,-1,55,54,43,-1,43,54,42,-1,66,67,68,-1,68,67,69,-1,68,69,70,-1,70,69,71,-1,70,71,72,-1,72,71,73,-1,72,73,74,-1,74,73,75,-1,74,75,76,-1,76,75,77,-1,76,77,78,-1,78,77,79,-1,80,81,82,-1,82,81,83,-1,82,83,84,-1,84,83,85,-1,84,85,86,-1,86,85,87,-1,86,87,88,-1,88,87,89,-1,88,89,90,-1,90,89,91,-1,90,91,92,-1,92,91,93,-1,67,93,91,-1,67,91,69,-1,69,91,89,-1,69,89,71,-1,71,89,87,-1,71,87,73,-1,73,87,85,-1,73,85,75,-1,75,85,83,-1,75,83,77,-1,77,83,81,-1,77,81,79,-1,78,80,76,-1,76,80,82,-1,76,82,74,-1,74,82,84,-1,74,84,72,-1,72,84,86,-1,72,86,70,-1,70,86,88,-1,70,88,68,-1,68,88,90,-1,68,90,66,-1,66,90,92,-1,94,78,95,-1,95,78,79,-1,96,81,97,-1,97,81,80,-1,95,79,81,-1,81,96,95,-1,95,96,98,-1,95,98,99,-1,96,100,98,-1,98,100,101,-1,98,101,102,-1,102,101,103,-1,102,103,104,-1,105,106,107,-1,99,108,95,-1,95,108,105,-1,95,105,109,-1,109,105,107,-1,78,110,80,-1,80,110,111,-1,80,111,97,-1,78,94,110,-1,110,94,112,-1,110,112,113,-1,113,114,110,-1,110,114,115,-1,110,115,116,-1,117,118,119,-1,119,118,120,-1,119,120,111,-1,111,120,121,-1,111,121,97,-1,99,98,110,-1,110,98,111,-1,99,110,116,-1,99,116,108,-1,108,116,115,-1,108,115,105,-1,105,115,114,-1,105,114,106,-1,106,114,113,-1,106,113,107,-1,107,113,112,-1,107,112,109,-1,109,112,94,-1,109,94,95,-1,96,97,121,-1,96,121,100,-1,100,121,120,-1,100,120,101,-1,101,120,118,-1,101,118,103,-1,103,118,117,-1,103,117,104,-1,104,117,119,-1,104,119,102,-1,102,119,111,-1,102,111,98,-1,40,41,65,-1,40,65,49,-1,49,65,64,-1,49,64,50,-1,50,64,62,-1,50,62,52,-1,52,62,61,-1,52,61,53,-1,53,61,63,-1,53,63,51,-1,51,63,55,-1,51,55,43,-1,42,54,60,-1,42,60,47,-1,47,60,58,-1,47,58,44,-1,44,58,57,-1,44,57,45,-1,45,57,56,-1,45,56,46,-1,46,56,59,-1,46,59,48,-1,48,59,38,-1,48,38,39,-1,
        ]
    }
}
Shape{
    appearance Appearance {
        material  Material 	{
            diffuseColor 1.0 1.0 1.0
            specularColor 0.8784313725490196 0.8784313725490196 0.8784313725490196
            ambientIntensity 1.0
            transparency 0.0
            shininess 0.5
        }
    }
    geometry IndexedFaceSet {
        ccw TRUE
        solid FALSE
        coord DEF co Coordinate {
            point [
                -1.9094 3.5039 1.9685, -1.8994 3.5804 1.9882, -1.8994 3.5804 1.9685, -1.8699 3.6516 1.9882, -1.8699 3.6516 1.9685, -1.823 3.7127 1.9882, -1.823 3.7127 1.9685, -1.7618 3.7597 1.9882, -1.7618 3.7597 1.9685, -1.6906 3.7891 1.9882, -1.6906 3.7891 1.9685, -1.6142 3.7992 1.9882, -1.6142 3.7992 1.9685, -1.5378 3.7891 1.9882, -1.5378 3.7891 1.9685, -1.4665 3.7597 1.9882, -1.4665 3.7597 1.9685, -1.4054 3.7127 1.9882, -1.4054 3.7127 1.9685, -1.3585 3.6516 1.9882, -1.3585 3.6516 1.9685, -1.329 3.5804 1.9882, -1.329 3.5804 1.9685, -1.3189 3.5039 1.9882, -1.3189 3.5039 1.9685, -1.329 3.4275 1.9882, -1.329 3.4275 1.9685, -1.3585 3.3563 1.9882, -1.3585 3.3563 1.9685, -1.4054 3.2951 1.9882, -1.4054 3.2951 1.9685, -1.4665 3.2482 1.9882, -1.4665 3.2482 1.9685, -1.5378 3.2187 1.9882, -1.5378 3.2187 1.9685, -1.6142 3.2087 1.9882, -1.6142 3.2087 1.9685, -1.6906 3.2187 1.9882, -1.6906 3.2187 1.9685, -1.7618 3.2482 1.9882, -1.7618 3.2482 1.9685, -1.823 3.2951 1.9882, -1.823 3.2951 1.9685, -1.8699 3.3563 1.9882, -1.8699 3.3563 1.9685, -1.8994 3.4275 1.9882, -1.8994 3.4275 1.9685, -1.9094 3.5039 1.9882, 1.3189 3.5039 1.9685, 1.329 3.5804 1.9882, 1.329 3.5804 1.9685, 1.3585 3.6516 1.9882, 1.3585 3.6516 1.9685, 1.4054 3.7127 1.9882, 1.4054 3.7127 1.9685, 1.4665 3.7597 1.9882, 1.4665 3.7597 1.9685, 1.5378 3.7891 1.9882, 1.5378 3.7891 1.9685, 1.6142 3.7992 1.9882, 1.6142 3.7992 1.9685, 1.6906 3.7891 1.9882, 1.6906 3.7891 1.9685, 1.7618 3.7597 1.9882, 1.7618 3.7597 1.9685, 1.823 3.7127 1.9882, 1.823 3.7127 1.9685, 1.8699 3.6516 1.9882, 1.8699 3.6516 1.9685, 1.8994 3.5804 1.9882, 1.8994 3.5804 1.9685, 1.9094 3.5039 1.9882, 1.9094 3.5039 1.9685, 1.8994 3.4275 1.9882, 1.8994 3.4275 1.9685, 1.8699 3.3563 1.9882, 1.8699 3.3563 1.9685, 1.823 3.2951 1.9882, 1.823 3.2951 1.9685, 1.7618 3.2482 1.9882, 1.7618 3.2482 1.9685, 1.6906 3.2187 1.9882, 1.6906 3.2187 1.9685, 1.6142 3.2087 1.9882, 1.6142 3.2087 1.9685, 1.5378 3.2187 1.9882, 1.5378 3.2187 1.9685, 1.4665 3.2482 1.9882, 1.4665 3.2482 1.9685, 1.4054 3.2951 1.9882, 1.4054 3.2951 1.9685, 1.3585 3.3563 1.9882, 1.3585 3.3563 1.9685, 1.329 3.4275 1.9882, 1.329 3.4275 1.9685, 1.3189 3.5039 1.9882, -1.9094 -0.5118 1.9685, -1.8994 -0.4354 1.9882, -1.8994 -0.4354 1.9685, -1.8699 -0.3642 1.9882, -1.8699 -0.3642 1.9685, -1.823 -0.303 1.9882, -1.823 -0.303 1.9685, -1.7618 -0.2561 1.9882, -1.7618 -0.2561 1.9685, -1.6906 -0.2266 1.9882, -1.6906 -0.2266 1.9685, -1.6142 -0.2165 1.9882, -1.6142 -0.2165 1.9685, -1.5378 -0.2266 1.9882, -1.5378 -0.2266 1.9685, -1.4665 -0.2561 1.9882, -1.4665 -0.2561 1.9685, -1.4054 -0.303 1.9882, -1.4054 -0.303 1.9685, -1.3585 -0.3642 1.9882, -1.3585 -0.3642 1.9685, -1.329 -0.4354 1.9882, -1.329 -0.4354 1.9685, -1.3189 -0.5118 1.9882, -1.3189 -0.5118 1.9685, -1.329 -0.5882 1.9882, -1.329 -0.5882 1.9685, -1.3585 -0.6595 1.9882, -1.3585 -0.6595 1.9685, -1.4054 -0.7206 1.9882, -1.4054 -0.7206 1.9685, -1.4665 -0.7675 1.9882, -1.4665 -0.7675 1.9685, -1.5378 -0.797 1.9882, -1.5378 -0.797 1.9685, -1.6142 -0.8071 1.9882, -1.6142 -0.8071 1.9685, -1.6906 -0.797 1.9882, -1.6906 -0.797 1.9685, -1.7618 -0.7675 1.9882, -1.7618 -0.7675 1.9685, -1.823 -0.7206 1.9882, -1.823 -0.7206 1.9685, -1.8699 -0.6595 1.9882, -1.8699 -0.6595 1.9685, -1.8994 -0.5882 1.9882, -1.8994 -0.5882 1.9685, -1.9094 -0.5118 1.9882, 1.3189 -0.5118 1.9685, 1.329 -0.4354 1.9882, 1.329 -0.4354 1.9685, 1.3585 -0.3642 1.9882, 1.3585 -0.3642 1.9685, 1.4054 -0.303 1.9882, 1.4054 -0.303 1.9685, 1.4665 -0.2561 1.9882, 1.4665 -0.2561 1.9685, 1.5378 -0.2266 1.9882, 1.5378 -0.2266 1.9685, 1.6142 -0.2165 1.9882, 1.6142 -0.2165 1.9685, 1.6906 -0.2266 1.9882, 1.6906 -0.2266 1.9685, 1.7618 -0.2561 1.9882, 1.7618 -0.2561 1.9685, 1.823 -0.303 1.9882, 1.823 -0.303 1.9685, 1.8699 -0.3642 1.9882, 1.8699 -0.3642 1.9685, 1.8994 -0.4354 1.9882, 1.8994 -0.4354 1.9685, 1.9094 -0.5118 1.9882, 1.9094 -0.5118 1.9685, 1.8994 -0.5882 1.9882, 1.8994 -0.5882 1.9685, 1.8699 -0.6595 1.9882, 1.8699 -0.6595 1.9685, 1.823 -0.7206 1.9882, 1.823 -0.7206 1.9685, 1.7618 -0.7675 1.9882, 1.7618 -0.7675 1.9685, 1.6906 -0.797 1.9882, 1.6906 -0.797 1.9685, 1.6142 -0.8071 1.9882, 1.6142 -0.8071 1.9685, 1.5378 -0.797 1.9882, 1.5378 -0.797 1.9685, 1.4665 -0.7675 1.9882, 1.4665 -0.7675 1.9685, 1.4054 -0.7206 1.9882, 1.4054 -0.7206 1.9685, 1.3585 -0.6595 1.9882, 1.3585 -0.6595 1.9685, 1.329 -0.5882 1.9882, 1.329 -0.5882 1.9685, 1.3189 -0.5118 1.9882
            ]
        }
        coordIndex [
            0,1,2,-1,2,1,3,-1,2,3,4,-1,4,3,5,-1,4,5,6,-1,6,5,7,-1,6,7,8,-1,8,7,9,-1,8,9,10,-1,10,9,11,-1,10,11,12,-1,12,11,13,-1,12,13,14,-1,14,13,15,-1,14,15,16,-1,16,15,17,-1,16,17,18,-1,18,17,19,-1,18,19,20,-1,20,19,21,-1,20,21,22,-1,22,21,23,-1,22,23,24,-1,24,23,25,-1,24,25,26,-1,26,25,27,-1,26,27,28,-1,28,27,29,-1,28,29,30,-1,30,29,31,-1,30,31,32,-1,32,31,33,-1,32,33,34,-1,34,33,35,-1,34,35,36,-1,36,35,37,-1,36,37,38,-1,38,37,39,-1,38,39,40,-1,40,39,41,-1,40,41,42,-1,42,41,43,-1,42,43,44,-1,44,43,45,-1,44,45,46,-1,46,45,47,-1,46,47,0,-1,0,47,1,-1,48,49,50,-1,50,49,51,-1,50,51,52,-1,52,51,53,-1,52,53,54,-1,54,53,55,-1,54,55,56,-1,56,55,57,-1,56,57,58,-1,58,57,59,-1,58,59,60,-1,60,59,61,-1,60,61,62,-1,62,61,63,-1,62,63,64,-1,64,63,65,-1,64,65,66,-1,66,65,67,-1,66,67,68,-1,68,67,69,-1,68,69,70,-1,70,69,71,-1,70,71,72,-1,72,71,73,-1,72,73,74,-1,74,73,75,-1,74,75,76,-1,76,75,77,-1,76,77,78,-1,78,77,79,-1,78,79,80,-1,80,79,81,-1,80,81,82,-1,82,81,83,-1,82,83,84,-1,84,83,85,-1,84,85,86,-1,86,85,87,-1,86,87,88,-1,88,87,89,-1,88,89,90,-1,90,89,91,-1,90,91,92,-1,92,91,93,-1,92,93,94,-1,94,93,95,-1,94,95,48,-1,48,95,49,-1,96,97,98,-1,98,97,99,-1,98,99,100,-1,100,99,101,-1,100,101,102,-1,102,101,103,-1,102,103,104,-1,104,103,105,-1,104,105,106,-1,106,105,107,-1,106,107,108,-1,108,107,109,-1,108,109,110,-1,110,109,111,-1,110,111,112,-1,112,111,113,-1,112,113,114,-1,114,113,115,-1,114,115,116,-1,116,115,117,-1,116,117,118,-1,118,117,119,-1,118,119,120,-1,120,119,121,-1,120,121,122,-1,122,121,123,-1,122,123,124,-1,124,123,125,-1,124,125,126,-1,126,125,127,-1,126,127,128,-1,128,127,129,-1,128,129,130,-1,130,129,131,-1,130,131,132,-1,132,131,133,-1,132,133,134,-1,134,133,135,-1,134,135,136,-1,136,135,137,-1,136,137,138,-1,138,137,139,-1,138,139,140,-1,140,139,141,-1,140,141,142,-1,142,141,143,-1,142,143,96,-1,96,143,97,-1,144,145,146,-1,146,145,147,-1,146,147,148,-1,148,147,149,-1,148,149,150,-1,150,149,151,-1,150,151,152,-1,152,151,153,-1,152,153,154,-1,154,153,155,-1,154,155,156,-1,156,155,157,-1,156,157,158,-1,158,157,159,-1,158,159,160,-1,160,159,161,-1,160,161,162,-1,162,161,163,-1,162,163,164,-1,164,163,165,-1,164,165,166,-1,166,165,167,-1,166,167,168,-1,168,167,169,-1,168,169,170,-1,170,169,171,-1,170,171,172,-1,172,171,173,-1,172,173,174,-1,174,173,175,-1,174,175,176,-1,176,175,177,-1,176,177,178,-1,178,177,179,-1,178,179,180,-1,180,179,181,-1,180,181,182,-1,182,181,183,-1,182,183,184,-1,184,183,185,-1,184,185,186,-1,186,185,187,-1,186,187,188,-1,188,187,189,-1,188,189,190,-1,190,189,191,-1,190,191,144,-1,144,191,145,-1,
        ]
    }
}
Shape{
    appearance Appearance {
        material  Material 	{
            diffuseColor 0.10980392156862745 0.10980392156862745 0.10980392156862745
            specularColor 0.0784313725490196 0.0784313725490196 0.0784313725490196
            ambientIntensity 0.1098
            transparency 0.0
            shininess 0.5
        }
    }
    geometry IndexedFaceSet {
        ccw TRUE
        solid FALSE
        coord DEF co Coordinate {
            point [
                -1.6804 -0.4736 2.2734, -1.688 -0.492 2.2734, -1.6142 -0.5118 2.2835, -1.6682 -0.4578 2.2734, -1.6524 -0.4456 2.2734, -1.634 -0.438 2.2734, -1.6142 -0.4354 2.2734, -1.5944 -0.438 2.2734, -1.576 -0.4456 2.2734, -1.5601 -0.4578 2.2734, -1.548 -0.4736 2.2734, -1.5404 -0.492 2.2734, -1.5378 -0.5118 2.2734, -1.5404 -0.5316 2.2734, -1.548 -0.55 2.2734, -1.5601 -0.5659 2.2734, -1.576 -0.578 2.2734, -1.5944 -0.5856 2.2734, -1.6142 -0.5882 2.2734, -1.634 -0.5856 2.2734, -1.6524 -0.578 2.2734, -1.6682 -0.5659 2.2734, -1.6804 -0.55 2.2734, -1.688 -0.5316 2.2734, -1.6906 -0.5118 2.2734, -1.9094 -0.5118 1.9882, -1.8897 -0.438 2.0646, -1.8994 -0.4354 1.9882, -1.8612 -0.3692 2.0646, -1.8699 -0.3642 1.9882, -1.8158 -0.3101 2.0646, -1.823 -0.303 1.9882, -1.7568 -0.2648 2.0646, -1.7618 -0.2561 1.9882, -1.688 -0.2363 2.0646, -1.6906 -0.2266 1.9882, -1.6142 -0.2266 2.0646, -1.6142 -0.2165 1.9882, -1.5404 -0.2363 2.0646, -1.5378 -0.2266 1.9882, -1.4716 -0.2648 2.0646, -1.4665 -0.2561 1.9882, -1.4125 -0.3101 2.0646, -1.4054 -0.303 1.9882, -1.3672 -0.3692 2.0646, -1.3585 -0.3642 1.9882, -1.3387 -0.438 2.0646, -1.329 -0.4354 1.9882, -1.329 -0.5118 2.0646, -1.3189 -0.5118 1.9882, -1.3387 -0.5856 2.0646, -1.329 -0.5882 1.9882, -1.3672 -0.6544 2.0646, -1.3585 -0.6595 1.9882, -1.4125 -0.7135 2.0646, -1.4054 -0.7206 1.9882, -1.4716 -0.7588 2.0646, -1.4665 -0.7675 1.9882, -1.5404 -0.7873 2.0646, -1.5378 -0.797 1.9882, -1.6142 -0.797 2.0646, -1.6142 -0.8071 1.9882, -1.688 -0.7873 2.0646, -1.6906 -0.797 1.9882, -1.7568 -0.7588 2.0646, -1.7618 -0.7675 1.9882, -1.8158 -0.7135 2.0646, -1.823 -0.7206 1.9882, -1.8612 -0.6544 2.0646, -1.8699 -0.6595 1.9882, -1.8897 -0.5856 2.0646, -1.8994 -0.5882 1.9882, -1.8994 -0.5118 2.0646, -1.8612 -0.4456 2.1358, -1.8356 -0.384 2.1358, -1.795 -0.331 2.1358, -1.742 -0.2904 2.1358, -1.6804 -0.2648 2.1358, -1.6142 -0.2561 2.1358, -1.548 -0.2648 2.1358, -1.4863 -0.2904 2.1358, -1.4334 -0.331 2.1358, -1.3927 -0.384 2.1358, -1.3672 -0.4456 2.1358, -1.3585 -0.5118 2.1358, -1.3672 -0.578 2.1358, -1.3927 -0.6397 2.1358, -1.4334 -0.6926 2.1358, -1.4863 -0.7333 2.1358, -1.548 -0.7588 2.1358, -1.6142 -0.7675 2.1358, -1.6804 -0.7588 2.1358, -1.742 -0.7333 2.1358, -1.795 -0.6926 2.1358, -1.8356 -0.6397 2.1358, -1.8612 -0.578 2.1358, -1.8699 -0.5118 2.1358, -1.8158 -0.4578 2.197, -1.795 -0.4074 2.197, -1.7618 -0.3642 2.197, -1.7186 -0.331 2.197, -1.6682 -0.3101 2.197, -1.6142 -0.303 2.197, -1.5601 -0.3101 2.197, -1.5098 -0.331 2.197, -1.4665 -0.3642 2.197, -1.4334 -0.4074 2.197, -1.4125 -0.4578 2.197, -1.4054 -0.5118 2.197, -1.4125 -0.5659 2.197, -1.4334 -0.6162 2.197, -1.4665 -0.6595 2.197, -1.5098 -0.6926 2.197, -1.5601 -0.7135 2.197, -1.6142 -0.7206 2.197, -1.6682 -0.7135 2.197, -1.7186 -0.6926 2.197, -1.7618 -0.6595 2.197, -1.795 -0.6162 2.197, -1.8158 -0.5659 2.197, -1.823 -0.5118 2.197, -1.7568 -0.4736 2.2439, -1.742 -0.438 2.2439, -1.7186 -0.4074 2.2439, -1.688 -0.384 2.2439, -1.6524 -0.3692 2.2439, -1.6142 -0.3642 2.2439, -1.576 -0.3692 2.2439, -1.5404 -0.384 2.2439, -1.5098 -0.4074 2.2439, -1.4863 -0.438 2.2439, -1.4716 -0.4736 2.2439, -1.4665 -0.5118 2.2439, -1.4716 -0.55 2.2439, -1.4863 -0.5856 2.2439, -1.5098 -0.6162 2.2439, -1.5404 -0.6397 2.2439, -1.576 -0.6544 2.2439, -1.6142 -0.6595 2.2439, -1.6524 -0.6544 2.2439, -1.688 -0.6397 2.2439, -1.7186 -0.6162 2.2439, -1.742 -0.5856 2.2439, -1.7568 -0.55 2.2439, -1.7618 -0.5118 2.2439, 1.6142 -0.5118 2.2835, 1.688 -0.492 2.2734, 1.6804 -0.4736 2.2734, 1.6906 -0.5118 2.2734, 1.6524 -0.4456 2.2734, 1.634 -0.438 2.2734, 1.6682 -0.4578 2.2734, 1.5944 -0.438 2.2734, 1.576 -0.4456 2.2734, 1.6142 -0.4354 2.2734, 1.548 -0.4736 2.2734, 1.5404 -0.492 2.2734, 1.5601 -0.4578 2.2734, 1.5404 -0.5316 2.2734, 1.548 -0.55 2.2734, 1.5378 -0.5118 2.2734, 1.576 -0.578 2.2734, 1.5944 -0.5856 2.2734, 1.5601 -0.5659 2.2734, 1.634 -0.5856 2.2734, 1.6524 -0.578 2.2734, 1.6142 -0.5882 2.2734, 1.6804 -0.55 2.2734, 1.688 -0.5316 2.2734, 1.6682 -0.5659 2.2734, 1.7568 -0.4736 2.2439, 1.742 -0.438 2.2439, 1.7186 -0.4074 2.2439, 1.688 -0.384 2.2439, 1.6524 -0.3692 2.2439, 1.6142 -0.3642 2.2439, 1.576 -0.3692 2.2439, 1.5404 -0.384 2.2439, 1.5098 -0.4074 2.2439, 1.4863 -0.438 2.2439, 1.4716 -0.4736 2.2439, 1.4665 -0.5118 2.2439, 1.4716 -0.55 2.2439, 1.4863 -0.5856 2.2439, 1.5098 -0.6162 2.2439, 1.5404 -0.6397 2.2439, 1.576 -0.6544 2.2439, 1.6142 -0.6595 2.2439, 1.6524 -0.6544 2.2439, 1.688 -0.6397 2.2439, 1.7186 -0.6162 2.2439, 1.742 -0.5856 2.2439, 1.7568 -0.55 2.2439, 1.7618 -0.5118 2.2439, 1.8158 -0.4578 2.197, 1.795 -0.4074 2.197, 1.7618 -0.3642 2.197, 1.7186 -0.331 2.197, 1.6682 -0.3101 2.197, 1.6142 -0.303 2.197, 1.5601 -0.3101 2.197, 1.5098 -0.331 2.197, 1.4665 -0.3642 2.197, 1.4334 -0.4074 2.197, 1.4125 -0.4578 2.197, 1.4054 -0.5118 2.197, 1.4125 -0.5659 2.197, 1.4334 -0.6162 2.197, 1.4665 -0.6595 2.197, 1.5098 -0.6926 2.197, 1.5601 -0.7135 2.197, 1.6142 -0.7206 2.197, 1.6682 -0.7135 2.197, 1.7186 -0.6926 2.197, 1.7618 -0.6595 2.197, 1.795 -0.6162 2.197, 1.8158 -0.5659 2.197, 1.823 -0.5118 2.197, 1.8612 -0.4456 2.1358, 1.8356 -0.384 2.1358, 1.795 -0.331 2.1358, 1.742 -0.2904 2.1358, 1.6804 -0.2648 2.1358, 1.6142 -0.2561 2.1358, 1.548 -0.2648 2.1358, 1.4863 -0.2904 2.1358, 1.4334 -0.331 2.1358, 1.3927 -0.384 2.1358, 1.3672 -0.4456 2.1358, 1.3585 -0.5118 2.1358, 1.3672 -0.578 2.1358, 1.3927 -0.6397 2.1358, 1.4334 -0.6926 2.1358, 1.4863 -0.7333 2.1358, 1.548 -0.7588 2.1358, 1.6142 -0.7675 2.1358, 1.6804 -0.7588 2.1358, 1.742 -0.7333 2.1358, 1.795 -0.6926 2.1358, 1.8356 -0.6397 2.1358, 1.8612 -0.578 2.1358, 1.8699 -0.5118 2.1358, 1.8897 -0.438 2.0646, 1.8612 -0.3692 2.0646, 1.8158 -0.3101 2.0646, 1.7568 -0.2648 2.0646, 1.688 -0.2363 2.0646, 1.6142 -0.2266 2.0646, 1.5404 -0.2363 2.0646, 1.4716 -0.2648 2.0646, 1.4125 -0.3101 2.0646, 1.3672 -0.3692 2.0646, 1.3387 -0.438 2.0646, 1.329 -0.5118 2.0646, 1.3387 -0.5856 2.0646, 1.3672 -0.6544 2.0646, 1.4125 -0.7135 2.0646, 1.4716 -0.7588 2.0646, 1.5404 -0.7873 2.0646, 1.6142 -0.797 2.0646, 1.688 -0.7873 2.0646, 1.7568 -0.7588 2.0646, 1.8158 -0.7135 2.0646, 1.8612 -0.6544 2.0646, 1.8897 -0.5856 2.0646, 1.8994 -0.5118 2.0646, 1.8994 -0.4354 1.9882, 1.8699 -0.3642 1.9882, 1.823 -0.303 1.9882, 1.7618 -0.2561 1.9882, 1.6906 -0.2266 1.9882, 1.6142 -0.2165 1.9882, 1.5378 -0.2266 1.9882, 1.4665 -0.2561 1.9882, 1.4054 -0.303 1.9882, 1.3585 -0.3642 1.9882, 1.329 -0.4354 1.9882, 1.3189 -0.5118 1.9882, 1.329 -0.5882 1.9882, 1.3585 -0.6595 1.9882, 1.4054 -0.7206 1.9882, 1.4665 -0.7675 1.9882, 1.5378 -0.797 1.9882, 1.6142 -0.8071 1.9882, 1.6906 -0.797 1.9882, 1.7618 -0.7675 1.9882, 1.823 -0.7206 1.9882, 1.8699 -0.6595 1.9882, 1.8994 -0.5882 1.9882, 1.9094 -0.5118 1.9882, 1.548 3.5421 2.2734, 1.5404 3.5237 2.2734, 1.6142 3.5039 2.2835, 1.5601 3.558 2.2734, 1.576 3.5701 2.2734, 1.5944 3.5778 2.2734, 1.6142 3.5804 2.2734, 1.634 3.5778 2.2734, 1.6524 3.5701 2.2734, 1.6682 3.558 2.2734, 1.6804 3.5421 2.2734, 1.688 3.5237 2.2734, 1.6906 3.5039 2.2734, 1.688 3.4842 2.2734, 1.6804 3.4657 2.2734, 1.6682 3.4499 2.2734, 1.6524 3.4378 2.2734, 1.634 3.4301 2.2734, 1.6142 3.4275 2.2734, 1.5944 3.4301 2.2734, 1.576 3.4378 2.2734, 1.5601 3.4499 2.2734, 1.548 3.4657 2.2734, 1.5404 3.4842 2.2734, 1.5378 3.5039 2.2734, 1.3189 3.5039 1.9882, 1.3387 3.5778 2.0646, 1.329 3.5804 1.9882, 1.3672 3.6465 2.0646, 1.3585 3.6516 1.9882, 1.4125 3.7056 2.0646, 1.4054 3.7127 1.9882, 1.4716 3.7509 2.0646, 1.4665 3.7597 1.9882, 1.5404 3.7794 2.0646, 1.5378 3.7891 1.9882, 1.6142 3.7891 2.0646, 1.6142 3.7992 1.9882, 1.688 3.7794 2.0646, 1.6906 3.7891 1.9882, 1.7568 3.7509 2.0646, 1.7618 3.7597 1.9882, 1.8158 3.7056 2.0646, 1.823 3.7127 1.9882, 1.8612 3.6465 2.0646, 1.8699 3.6516 1.9882, 1.8897 3.5778 2.0646, 1.8994 3.5804 1.9882, 1.8994 3.5039 2.0646, 1.9094 3.5039 1.9882, 1.8897 3.4301 2.0646, 1.8994 3.4275 1.9882, 1.8612 3.3613 2.0646, 1.8699 3.3563 1.9882, 1.8158 3.3023 2.0646, 1.823 3.2951 1.9882, 1.7568 3.2569 2.0646, 1.7618 3.2482 1.9882, 1.688 3.2284 2.0646, 1.6906 3.2187 1.9882, 1.6142 3.2187 2.0646, 1.6142 3.2087 1.9882, 1.5404 3.2284 2.0646, 1.5378 3.2187 1.9882, 1.4716 3.2569 2.0646, 1.4665 3.2482 1.9882, 1.4125 3.3023 2.0646, 1.4054 3.2951 1.9882, 1.3672 3.3613 2.0646, 1.3585 3.3563 1.9882, 1.3387 3.4301 2.0646, 1.329 3.4275 1.9882, 1.329 3.5039 2.0646, 1.3672 3.5701 2.1358, 1.3927 3.6318 2.1358, 1.4334 3.6848 2.1358, 1.4863 3.7254 2.1358, 1.548 3.7509 2.1358, 1.6142 3.7597 2.1358, 1.6804 3.7509 2.1358, 1.742 3.7254 2.1358, 1.795 3.6848 2.1358, 1.8356 3.6318 2.1358, 1.8612 3.5701 2.1358, 1.8699 3.5039 2.1358, 1.8612 3.4378 2.1358, 1.8356 3.3761 2.1358, 1.795 3.3231 2.1358, 1.742 3.2825 2.1358, 1.6804 3.2569 2.1358, 1.6142 3.2482 2.1358, 1.548 3.2569 2.1358, 1.4863 3.2825 2.1358, 1.4334 3.3231 2.1358, 1.3927 3.3761 2.1358, 1.3672 3.4378 2.1358, 1.3585 3.5039 2.1358, 1.4125 3.558 2.197, 1.4334 3.6083 2.197, 1.4665 3.6516 2.197, 1.5098 3.6848 2.197, 1.5601 3.7056 2.197, 1.6142 3.7127 2.197, 1.6682 3.7056 2.197, 1.7186 3.6848 2.197, 1.7618 3.6516 2.197, 1.795 3.6083 2.197, 1.8158 3.558 2.197, 1.823 3.5039 2.197, 1.8158 3.4499 2.197, 1.795 3.3995 2.197, 1.7618 3.3563 2.197, 1.7186 3.3231 2.197, 1.6682 3.3023 2.197, 1.6142 3.2951 2.197, 1.5601 3.3023 2.197, 1.5098 3.3231 2.197, 1.4665 3.3563 2.197, 1.4334 3.3995 2.197, 1.4125 3.4499 2.197, 1.4054 3.5039 2.197, 1.4716 3.5421 2.2439, 1.4863 3.5778 2.2439, 1.5098 3.6083 2.2439, 1.5404 3.6318 2.2439, 1.576 3.6465 2.2439, 1.6142 3.6516 2.2439, 1.6524 3.6465 2.2439, 1.688 3.6318 2.2439, 1.7186 3.6083 2.2439, 1.742 3.5778 2.2439, 1.7568 3.5421 2.2439, 1.7618 3.5039 2.2439, 1.7568 3.4657 2.2439, 1.742 3.4301 2.2439, 1.7186 3.3995 2.2439, 1.688 3.3761 2.2439, 1.6524 3.3613 2.2439, 1.6142 3.3563 2.2439, 1.576 3.3613 2.2439, 1.5404 3.3761 2.2439, 1.5098 3.3995 2.2439, 1.4863 3.4301 2.2439, 1.4716 3.4657 2.2439, 1.4665 3.5039 2.2439, -1.6142 3.5039 2.2835, -1.5404 3.5237 2.2734, -1.548 3.5421 2.2734, -1.5378 3.5039 2.2734, -1.576 3.5701 2.2734, -1.5944 3.5778 2.2734, -1.5601 3.558 2.2734, -1.634 3.5778 2.2734, -1.6524 3.5701 2.2734, -1.6142 3.5804 2.2734, -1.6804 3.5421 2.2734, -1.688 3.5237 2.2734, -1.6682 3.558 2.2734, -1.688 3.4842 2.2734, -1.6804 3.4657 2.2734, -1.6906 3.5039 2.2734, -1.6524 3.4378 2.2734, -1.634 3.4301 2.2734, -1.6682 3.4499 2.2734, -1.5944 3.4301 2.2734, -1.576 3.4378 2.2734, -1.6142 3.4275 2.2734, -1.548 3.4657 2.2734, -1.5404 3.4842 2.2734, -1.5601 3.4499 2.2734, -1.4716 3.5421 2.2439, -1.4863 3.5778 2.2439, -1.5098 3.6083 2.2439, -1.5404 3.6318 2.2439, -1.576 3.6465 2.2439, -1.6142 3.6516 2.2439, -1.6524 3.6465 2.2439, -1.688 3.6318 2.2439, -1.7186 3.6083 2.2439, -1.742 3.5778 2.2439, -1.7568 3.5421 2.2439, -1.7618 3.5039 2.2439, -1.7568 3.4657 2.2439, -1.742 3.4301 2.2439, -1.7186 3.3995 2.2439, -1.688 3.3761 2.2439, -1.6524 3.3613 2.2439, -1.6142 3.3563 2.2439, -1.576 3.3613 2.2439, -1.5404 3.3761 2.2439, -1.5098 3.3995 2.2439, -1.4863 3.4301 2.2439, -1.4716 3.4657 2.2439, -1.4665 3.5039 2.2439, -1.4125 3.558 2.197, -1.4334 3.6083 2.197, -1.4665 3.6516 2.197, -1.5098 3.6848 2.197, -1.5601 3.7056 2.197, -1.6142 3.7127 2.197, -1.6682 3.7056 2.197, -1.7186 3.6848 2.197, -1.7618 3.6516 2.197, -1.795 3.6083 2.197, -1.8158 3.558 2.197, -1.823 3.5039 2.197, -1.8158 3.4499 2.197, -1.795 3.3995 2.197, -1.7618 3.3563 2.197, -1.7186 3.3231 2.197, -1.6682 3.3023 2.197, -1.6142 3.2951 2.197, -1.5601 3.3023 2.197, -1.5098 3.3231 2.197, -1.4665 3.3563 2.197, -1.4334 3.3995 2.197, -1.4125 3.4499 2.197, -1.4054 3.5039 2.197, -1.3672 3.5701 2.1358, -1.3927 3.6318 2.1358, -1.4334 3.6848 2.1358, -1.4863 3.7254 2.1358, -1.548 3.7509 2.1358, -1.6142 3.7597 2.1358, -1.6804 3.7509 2.1358, -1.742 3.7254 2.1358, -1.795 3.6848 2.1358, -1.8356 3.6318 2.1358, -1.8612 3.5701 2.1358, -1.8699 3.5039 2.1358, -1.8612 3.4378 2.1358, -1.8356 3.3761 2.1358, -1.795 3.3231 2.1358, -1.742 3.2825 2.1358, -1.6804 3.2569 2.1358, -1.6142 3.2482 2.1358, -1.548 3.2569 2.1358, -1.4863 3.2825 2.1358, -1.4334 3.3231 2.1358, -1.3927 3.3761 2.1358, -1.3672 3.4378 2.1358, -1.3585 3.5039 2.1358, -1.3387 3.5778 2.0646, -1.3672 3.6465 2.0646, -1.4125 3.7056 2.0646, -1.4716 3.7509 2.0646, -1.5404 3.7794 2.0646, -1.6142 3.7891 2.0646, -1.688 3.7794 2.0646, -1.7568 3.7509 2.0646, -1.8158 3.7056 2.0646, -1.8612 3.6465 2.0646, -1.8897 3.5778 2.0646, -1.8994 3.5039 2.0646, -1.8897 3.4301 2.0646, -1.8612 3.3613 2.0646, -1.8158 3.3023 2.0646, -1.7568 3.2569 2.0646, -1.688 3.2284 2.0646, -1.6142 3.2187 2.0646, -1.5404 3.2284 2.0646, -1.4716 3.2569 2.0646, -1.4125 3.3023 2.0646, -1.3672 3.3613 2.0646, -1.3387 3.4301 2.0646, -1.329 3.5039 2.0646, -1.329 3.5804 1.9882, -1.3585 3.6516 1.9882, -1.4054 3.7127 1.9882, -1.4665 3.7597 1.9882, -1.5378 3.7891 1.9882, -1.6142 3.7992 1.9882, -1.6906 3.7891 1.9882, -1.7618 3.7597 1.9882, -1.823 3.7127 1.9882, -1.8699 3.6516 1.9882, -1.8994 3.5804 1.9882, -1.9094 3.5039 1.9882, -1.8994 3.4275 1.9882, -1.8699 3.3563 1.9882, -1.823 3.2951 1.9882, -1.7618 3.2482 1.9882, -1.6906 3.2187 1.9882, -1.6142 3.2087 1.9882, -1.5378 3.2187 1.9882, -1.4665 3.2482 1.9882, -1.4054 3.2951 1.9882, -1.3585 3.3563 1.9882, -1.329 3.4275 1.9882, -1.3189 3.5039 1.9882, -2.2638 3.7008 1.8898, -2.2441 3.7008 1.8898, -2.2638 3.7402 1.8898, -2.2441 3.7402 1.8898, -2.2638 -0.748 1.8898, -2.2441 -0.748 1.8898, -2.2638 -0.7087 1.8898, -2.2441 -0.7087 1.8898, 2.2638 -0.7087 1.8898, 2.2441 -0.7087 1.8898, 2.2638 -0.748 1.8898, 2.2441 -0.748 1.8898, -2.2638 -0.7677 0.3937, -2.2638 -0.7677 0.0, -2.2559 -0.8378 0.0, -2.0189 -1.0748 0.0, -1.9488 -1.0827 0.0, -1.9488 -1.0827 0.3937, -2.2559 -0.8378 1.8898, -2.2326 -0.9044 0.0, -2.2326 -0.9044 1.8898, -2.1951 -0.9641 0.0, -2.1951 -0.9641 1.8898, -2.1452 -1.014 0.0, -2.1452 -1.014 1.8898, -2.0855 -1.0515 0.0, -2.0855 -1.0515 1.8898, -2.0189 -1.0748 1.8898, -1.9488 -1.0827 1.8898, -2.2638 -0.7677 1.8898, -2.2638 -0.5315 0.5118, -2.2638 -0.5315 0.3937, -2.2638 3.7598 0.3937, -2.2638 3.5236 0.3937, -2.2638 3.5236 0.5118, -2.2638 3.7598 1.8898, -2.2638 3.0905 0.3937, -2.2638 -0.0984 0.3937, -2.2638 3.0905 0.5118, -2.2638 -0.0984 0.5118, -1.9488 4.0748 0.3937, -1.9488 4.0748 0.0, -2.0189 4.0669 0.0, -2.2559 3.8299 0.0, -2.2638 3.7598 0.0, -2.0189 4.0669 1.8898, -2.0855 4.0436 0.0, -2.0855 4.0436 1.8898, -2.1452 4.0061 0.0, -2.1452 4.0061 1.8898, -2.1951 3.9562 0.0, -2.1951 3.9562 1.8898, -2.2326 3.8965 0.0, -2.2326 3.8965 1.8898, -2.2559 3.8299 1.8898, -1.9488 4.0748 1.8898, 1.9488 4.0748 0.3937, 1.9488 4.0748 1.8898, 2.2638 3.7598 0.3937, 2.2638 3.7598 0.0, 2.2559 3.8299 0.0, 2.0189 4.0669 0.0, 1.9488 4.0748 0.0, 2.2559 3.8299 1.8898, 2.2326 3.8965 0.0, 2.2326 3.8965 1.8898, 2.1951 3.9562 0.0, 2.1951 3.9562 1.8898, 2.1452 4.0061 0.0, 2.1452 4.0061 1.8898, 2.0855 4.0436 0.0, 2.0855 4.0436 1.8898, 2.0189 4.0669 1.8898, 2.2638 3.7598 1.8898, 2.2638 3.5236 0.5118, 2.2638 3.5236 0.3937, 2.2638 -0.7677 0.3937, 2.2638 -0.5315 0.3937, 2.2638 -0.5315 0.5118, 2.2638 3.7008 1.8898, 2.2638 -0.7677 1.8898, 2.2638 -0.0984 0.3937, 2.2638 3.0905 0.3937, 2.2638 -0.0984 0.5118, 2.2638 3.0905 0.5118, 2.2638 3.7402 1.8898, 1.9488 -1.0827 0.3937, 1.9488 -1.0827 0.0, 2.0189 -1.0748 0.0, 2.2559 -0.8378 0.0, 2.2638 -0.7677 0.0, 2.0189 -1.0748 1.8898, 2.0855 -1.0515 0.0, 2.0855 -1.0515 1.8898, 2.1452 -1.014 0.0, 2.1452 -1.014 1.8898, 2.1951 -0.9641 0.0, 2.1951 -0.9641 1.8898, 2.2326 -0.9044 0.0, 2.2326 -0.9044 1.8898, 2.2559 -0.8378 1.8898, 1.9488 -1.0827 1.8898, 2.2441 3.7402 1.8898, 2.2441 3.7008 1.8898
            ]
        }
        coordIndex [
            0,1,2,-1,0,2,3,-1,4,3,2,-1,5,4,2,-1,6,5,2,-1,7,6,2,-1,8,7,2,-1,9,8,2,-1,10,9,2,-1,11,10,2,-1,12,11,2,-1,13,12,2,-1,14,13,2,-1,15,14,2,-1,16,15,2,-1,17,16,2,-1,18,17,2,-1,19,18,2,-1,20,19,2,-1,21,20,2,-1,22,21,2,-1,23,22,2,-1,24,23,2,-1,1,24,2,-1,25,26,27,-1,27,26,28,-1,27,28,29,-1,29,28,30,-1,29,30,31,-1,31,30,32,-1,31,32,33,-1,33,32,34,-1,33,34,35,-1,35,34,36,-1,35,36,37,-1,37,36,38,-1,37,38,39,-1,39,38,40,-1,39,40,41,-1,41,40,42,-1,41,42,43,-1,43,42,44,-1,43,44,45,-1,45,44,46,-1,45,46,47,-1,47,46,48,-1,47,48,49,-1,49,48,50,-1,49,50,51,-1,51,50,52,-1,51,52,53,-1,53,52,54,-1,53,54,55,-1,55,54,56,-1,55,56,57,-1,57,56,58,-1,57,58,59,-1,59,58,60,-1,59,60,61,-1,61,60,62,-1,61,62,63,-1,63,62,64,-1,63,64,65,-1,65,64,66,-1,65,66,67,-1,67,66,68,-1,67,68,69,-1,69,68,70,-1,69,70,71,-1,71,70,72,-1,71,72,25,-1,25,72,26,-1,72,73,26,-1,26,73,74,-1,26,74,28,-1,28,74,75,-1,28,75,30,-1,30,75,76,-1,30,76,32,-1,32,76,77,-1,32,77,34,-1,34,77,78,-1,34,78,36,-1,36,78,79,-1,36,79,38,-1,38,79,80,-1,38,80,40,-1,40,80,81,-1,40,81,42,-1,42,81,82,-1,42,82,44,-1,44,82,83,-1,44,83,46,-1,46,83,84,-1,46,84,48,-1,48,84,85,-1,48,85,50,-1,50,85,86,-1,50,86,52,-1,52,86,87,-1,52,87,54,-1,54,87,88,-1,54,88,56,-1,56,88,89,-1,56,89,58,-1,58,89,90,-1,58,90,60,-1,60,90,91,-1,60,91,62,-1,62,91,92,-1,62,92,64,-1,64,92,93,-1,64,93,66,-1,66,93,94,-1,66,94,68,-1,68,94,95,-1,68,95,70,-1,70,95,96,-1,70,96,72,-1,72,96,73,-1,96,97,73,-1,73,97,98,-1,73,98,74,-1,74,98,99,-1,74,99,75,-1,75,99,100,-1,75,100,76,-1,76,100,101,-1,76,101,77,-1,77,101,102,-1,77,102,78,-1,78,102,103,-1,78,103,79,-1,79,103,104,-1,79,104,80,-1,80,104,105,-1,80,105,81,-1,81,105,106,-1,81,106,82,-1,82,106,107,-1,82,107,83,-1,83,107,108,-1,83,108,84,-1,84,108,109,-1,84,109,85,-1,85,109,110,-1,85,110,86,-1,86,110,111,-1,86,111,87,-1,87,111,112,-1,87,112,88,-1,88,112,113,-1,88,113,89,-1,89,113,114,-1,89,114,90,-1,90,114,115,-1,90,115,91,-1,91,115,116,-1,91,116,92,-1,92,116,117,-1,92,117,93,-1,93,117,118,-1,93,118,94,-1,94,118,119,-1,94,119,95,-1,95,119,120,-1,95,120,96,-1,96,120,97,-1,120,121,97,-1,97,121,122,-1,97,122,98,-1,98,122,123,-1,98,123,99,-1,99,123,124,-1,99,124,100,-1,100,124,125,-1,100,125,101,-1,101,125,126,-1,101,126,102,-1,102,126,127,-1,102,127,103,-1,103,127,128,-1,103,128,104,-1,104,128,129,-1,104,129,105,-1,105,129,130,-1,105,130,106,-1,106,130,131,-1,106,131,107,-1,107,131,132,-1,107,132,108,-1,108,132,133,-1,108,133,109,-1,109,133,134,-1,109,134,110,-1,110,134,135,-1,110,135,111,-1,111,135,136,-1,111,136,112,-1,112,136,137,-1,112,137,113,-1,113,137,138,-1,113,138,114,-1,114,138,139,-1,114,139,115,-1,115,139,140,-1,115,140,116,-1,116,140,141,-1,116,141,117,-1,117,141,142,-1,117,142,118,-1,118,142,143,-1,118,143,119,-1,119,143,144,-1,119,144,120,-1,120,144,121,-1,144,1,121,-1,121,1,0,-1,121,0,122,-1,122,0,3,-1,122,3,123,-1,123,3,4,-1,123,4,124,-1,124,4,5,-1,124,5,125,-1,125,5,6,-1,125,6,126,-1,126,6,7,-1,126,7,127,-1,127,7,8,-1,127,8,128,-1,128,8,9,-1,128,9,129,-1,129,9,10,-1,129,10,130,-1,130,10,11,-1,130,11,131,-1,131,11,12,-1,131,12,132,-1,132,12,13,-1,132,13,133,-1,133,13,14,-1,133,14,134,-1,134,14,15,-1,134,15,135,-1,135,15,16,-1,135,16,136,-1,136,16,17,-1,136,17,137,-1,137,17,18,-1,137,18,138,-1,138,18,19,-1,138,19,139,-1,139,19,20,-1,139,20,140,-1,140,20,21,-1,140,21,141,-1,141,21,22,-1,141,22,142,-1,142,22,23,-1,142,23,143,-1,143,23,24,-1,143,24,144,-1,144,24,1,-1,145,146,147,-1,148,146,145,-1,145,149,150,-1,151,149,145,-1,147,151,145,-1,145,152,153,-1,154,152,145,-1,150,154,145,-1,145,155,156,-1,157,155,145,-1,153,157,145,-1,145,158,159,-1,160,158,145,-1,156,160,145,-1,145,161,162,-1,163,161,145,-1,159,163,145,-1,145,164,165,-1,166,164,145,-1,162,166,145,-1,145,167,168,-1,169,167,145,-1,165,169,145,-1,168,148,145,-1,148,170,146,-1,146,170,171,-1,146,171,147,-1,147,171,172,-1,147,172,151,-1,151,172,173,-1,151,173,149,-1,149,173,174,-1,149,174,150,-1,150,174,175,-1,150,175,154,-1,154,175,176,-1,154,176,152,-1,152,176,177,-1,152,177,153,-1,153,177,178,-1,153,178,157,-1,157,178,179,-1,157,179,155,-1,155,179,180,-1,155,180,156,-1,156,180,181,-1,156,181,160,-1,160,181,182,-1,160,182,158,-1,158,182,183,-1,158,183,159,-1,159,183,184,-1,159,184,163,-1,163,184,185,-1,163,185,161,-1,161,185,186,-1,161,186,162,-1,162,186,187,-1,162,187,166,-1,166,187,188,-1,166,188,164,-1,164,188,189,-1,164,189,165,-1,165,189,190,-1,165,190,169,-1,169,190,191,-1,169,191,167,-1,167,191,192,-1,167,192,168,-1,168,192,193,-1,168,193,148,-1,148,193,170,-1,193,194,170,-1,170,194,195,-1,170,195,171,-1,171,195,196,-1,171,196,172,-1,172,196,197,-1,172,197,173,-1,173,197,198,-1,173,198,174,-1,174,198,199,-1,174,199,175,-1,175,199,200,-1,175,200,176,-1,176,200,201,-1,176,201,177,-1,177,201,202,-1,177,202,178,-1,178,202,203,-1,178,203,179,-1,179,203,204,-1,179,204,180,-1,180,204,205,-1,180,205,181,-1,181,205,206,-1,181,206,182,-1,182,206,207,-1,182,207,183,-1,183,207,208,-1,183,208,184,-1,184,208,209,-1,184,209,185,-1,185,209,210,-1,185,210,186,-1,186,210,211,-1,186,211,187,-1,187,211,212,-1,187,212,188,-1,188,212,213,-1,188,213,189,-1,189,213,214,-1,189,214,190,-1,190,214,215,-1,190,215,191,-1,191,215,216,-1,191,216,192,-1,192,216,217,-1,192,217,193,-1,193,217,194,-1,217,218,194,-1,194,218,219,-1,194,219,195,-1,195,219,220,-1,195,220,196,-1,196,220,221,-1,196,221,197,-1,197,221,222,-1,197,222,198,-1,198,222,223,-1,198,223,199,-1,199,223,224,-1,199,224,200,-1,200,224,225,-1,200,225,201,-1,201,225,226,-1,201,226,202,-1,202,226,227,-1,202,227,203,-1,203,227,228,-1,203,228,204,-1,204,228,229,-1,204,229,205,-1,205,229,230,-1,205,230,206,-1,206,230,231,-1,206,231,207,-1,207,231,232,-1,207,232,208,-1,208,232,233,-1,208,233,209,-1,209,233,234,-1,209,234,210,-1,210,234,235,-1,210,235,211,-1,211,235,236,-1,211,236,212,-1,212,236,237,-1,212,237,213,-1,213,237,238,-1,213,238,214,-1,214,238,239,-1,214,239,215,-1,215,239,240,-1,215,240,216,-1,216,240,241,-1,216,241,217,-1,217,241,218,-1,241,242,218,-1,218,242,243,-1,218,243,219,-1,219,243,244,-1,219,244,220,-1,220,244,245,-1,220,245,221,-1,221,245,246,-1,221,246,222,-1,222,246,247,-1,222,247,223,-1,223,247,248,-1,223,248,224,-1,224,248,249,-1,224,249,225,-1,225,249,250,-1,225,250,226,-1,226,250,251,-1,226,251,227,-1,227,251,252,-1,227,252,228,-1,228,252,253,-1,228,253,229,-1,229,253,254,-1,229,254,230,-1,230,254,255,-1,230,255,231,-1,231,255,256,-1,231,256,232,-1,232,256,257,-1,232,257,233,-1,233,257,258,-1,233,258,234,-1,234,258,259,-1,234,259,235,-1,235,259,260,-1,235,260,236,-1,236,260,261,-1,236,261,237,-1,237,261,262,-1,237,262,238,-1,238,262,263,-1,238,263,239,-1,239,263,264,-1,239,264,240,-1,240,264,265,-1,240,265,241,-1,241,265,242,-1,265,266,242,-1,242,266,267,-1,242,267,243,-1,243,267,268,-1,243,268,244,-1,244,268,269,-1,244,269,245,-1,245,269,270,-1,245,270,246,-1,246,270,271,-1,246,271,247,-1,247,271,272,-1,247,272,248,-1,248,272,273,-1,248,273,249,-1,249,273,274,-1,249,274,250,-1,250,274,275,-1,250,275,251,-1,251,275,276,-1,251,276,252,-1,252,276,277,-1,252,277,253,-1,253,277,278,-1,253,278,254,-1,254,278,279,-1,254,279,255,-1,255,279,280,-1,255,280,256,-1,256,280,281,-1,256,281,257,-1,257,281,282,-1,257,282,258,-1,258,282,283,-1,258,283,259,-1,259,283,284,-1,259,284,260,-1,260,284,285,-1,260,285,261,-1,261,285,286,-1,261,286,262,-1,262,286,287,-1,262,287,263,-1,263,287,288,-1,263,288,264,-1,264,288,289,-1,264,289,265,-1,265,289,266,-1,290,291,292,-1,290,292,293,-1,294,293,292,-1,295,294,292,-1,296,295,292,-1,297,296,292,-1,298,297,292,-1,299,298,292,-1,300,299,292,-1,301,300,292,-1,302,301,292,-1,303,302,292,-1,304,303,292,-1,305,304,292,-1,306,305,292,-1,307,306,292,-1,308,307,292,-1,309,308,292,-1,310,309,292,-1,311,310,292,-1,312,311,292,-1,313,312,292,-1,314,313,292,-1,291,314,292,-1,315,316,317,-1,317,316,318,-1,317,318,319,-1,319,318,320,-1,319,320,321,-1,321,320,322,-1,321,322,323,-1,323,322,324,-1,323,324,325,-1,325,324,326,-1,325,326,327,-1,327,326,328,-1,327,328,329,-1,329,328,330,-1,329,330,331,-1,331,330,332,-1,331,332,333,-1,333,332,334,-1,333,334,335,-1,335,334,336,-1,335,336,337,-1,337,336,338,-1,337,338,339,-1,339,338,340,-1,339,340,341,-1,341,340,342,-1,341,342,343,-1,343,342,344,-1,343,344,345,-1,345,344,346,-1,345,346,347,-1,347,346,348,-1,347,348,349,-1,349,348,350,-1,349,350,351,-1,351,350,352,-1,351,352,353,-1,353,352,354,-1,353,354,355,-1,355,354,356,-1,355,356,357,-1,357,356,358,-1,357,358,359,-1,359,358,360,-1,359,360,361,-1,361,360,362,-1,361,362,315,-1,315,362,316,-1,362,363,316,-1,316,363,364,-1,316,364,318,-1,318,364,365,-1,318,365,320,-1,320,365,366,-1,320,366,322,-1,322,366,367,-1,322,367,324,-1,324,367,368,-1,324,368,326,-1,326,368,369,-1,326,369,328,-1,328,369,370,-1,328,370,330,-1,330,370,371,-1,330,371,332,-1,332,371,372,-1,332,372,334,-1,334,372,373,-1,334,373,336,-1,336,373,374,-1,336,374,338,-1,338,374,375,-1,338,375,340,-1,340,375,376,-1,340,376,342,-1,342,376,377,-1,342,377,344,-1,344,377,378,-1,344,378,346,-1,346,378,379,-1,346,379,348,-1,348,379,380,-1,348,380,350,-1,350,380,381,-1,350,381,352,-1,352,381,382,-1,352,382,354,-1,354,382,383,-1,354,383,356,-1,356,383,384,-1,356,384,358,-1,358,384,385,-1,358,385,360,-1,360,385,386,-1,360,386,362,-1,362,386,363,-1,386,387,363,-1,363,387,388,-1,363,388,364,-1,364,388,389,-1,364,389,365,-1,365,389,390,-1,365,390,366,-1,366,390,391,-1,366,391,367,-1,367,391,392,-1,367,392,368,-1,368,392,393,-1,368,393,369,-1,369,393,394,-1,369,394,370,-1,370,394,395,-1,370,395,371,-1,371,395,396,-1,371,396,372,-1,372,396,397,-1,372,397,373,-1,373,397,398,-1,373,398,374,-1,374,398,399,-1,374,399,375,-1,375,399,400,-1,375,400,376,-1,376,400,401,-1,376,401,377,-1,377,401,402,-1,377,402,378,-1,378,402,403,-1,378,403,379,-1,379,403,404,-1,379,404,380,-1,380,404,405,-1,380,405,381,-1,381,405,406,-1,381,406,382,-1,382,406,407,-1,382,407,383,-1,383,407,408,-1,383,408,384,-1,384,408,409,-1,384,409,385,-1,385,409,410,-1,385,410,386,-1,386,410,387,-1,410,411,387,-1,387,411,412,-1,387,412,388,-1,388,412,413,-1,388,413,389,-1,389,413,414,-1,389,414,390,-1,390,414,415,-1,390,415,391,-1,391,415,416,-1,391,416,392,-1,392,416,417,-1,392,417,393,-1,393,417,418,-1,393,418,394,-1,394,418,419,-1,394,419,395,-1,395,419,420,-1,395,420,396,-1,396,420,421,-1,396,421,397,-1,397,421,422,-1,397,422,398,-1,398,422,423,-1,398,423,399,-1,399,423,424,-1,399,424,400,-1,400,424,425,-1,400,425,401,-1,401,425,426,-1,401,426,402,-1,402,426,427,-1,402,427,403,-1,403,427,428,-1,403,428,404,-1,404,428,429,-1,404,429,405,-1,405,429,430,-1,405,430,406,-1,406,430,431,-1,406,431,407,-1,407,431,432,-1,407,432,408,-1,408,432,433,-1,408,433,409,-1,409,433,434,-1,409,434,410,-1,410,434,411,-1,434,291,411,-1,411,291,290,-1,411,290,412,-1,412,290,293,-1,412,293,413,-1,413,293,294,-1,413,294,414,-1,414,294,295,-1,414,295,415,-1,415,295,296,-1,415,296,416,-1,416,296,297,-1,416,297,417,-1,417,297,298,-1,417,298,418,-1,418,298,299,-1,418,299,419,-1,419,299,300,-1,419,300,420,-1,420,300,301,-1,420,301,421,-1,421,301,302,-1,421,302,422,-1,422,302,303,-1,422,303,423,-1,423,303,304,-1,423,304,424,-1,424,304,305,-1,424,305,425,-1,425,305,306,-1,425,306,426,-1,426,306,307,-1,426,307,427,-1,427,307,308,-1,427,308,428,-1,428,308,309,-1,428,309,429,-1,429,309,310,-1,429,310,430,-1,430,310,311,-1,430,311,431,-1,431,311,312,-1,431,312,432,-1,432,312,313,-1,432,313,433,-1,433,313,314,-1,433,314,434,-1,434,314,291,-1,435,436,437,-1,438,436,435,-1,435,439,440,-1,441,439,435,-1,437,441,435,-1,435,442,443,-1,444,442,435,-1,440,444,435,-1,435,445,446,-1,447,445,435,-1,443,447,435,-1,435,448,449,-1,450,448,435,-1,446,450,435,-1,435,451,452,-1,453,451,435,-1,449,453,435,-1,435,454,455,-1,456,454,435,-1,452,456,435,-1,435,457,458,-1,459,457,435,-1,455,459,435,-1,458,438,435,-1,438,460,436,-1,436,460,461,-1,436,461,437,-1,437,461,462,-1,437,462,441,-1,441,462,463,-1,441,463,439,-1,439,463,464,-1,439,464,440,-1,440,464,465,-1,440,465,444,-1,444,465,466,-1,444,466,442,-1,442,466,467,-1,442,467,443,-1,443,467,468,-1,443,468,447,-1,447,468,469,-1,447,469,445,-1,445,469,470,-1,445,470,446,-1,446,470,471,-1,446,471,450,-1,450,471,472,-1,450,472,448,-1,448,472,473,-1,448,473,449,-1,449,473,474,-1,449,474,453,-1,453,474,475,-1,453,475,451,-1,451,475,476,-1,451,476,452,-1,452,476,477,-1,452,477,456,-1,456,477,478,-1,456,478,454,-1,454,478,479,-1,454,479,455,-1,455,479,480,-1,455,480,459,-1,459,480,481,-1,459,481,457,-1,457,481,482,-1,457,482,458,-1,458,482,483,-1,458,483,438,-1,438,483,460,-1,483,484,460,-1,460,484,485,-1,460,485,461,-1,461,485,486,-1,461,486,462,-1,462,486,487,-1,462,487,463,-1,463,487,488,-1,463,488,464,-1,464,488,489,-1,464,489,465,-1,465,489,490,-1,465,490,466,-1,466,490,491,-1,466,491,467,-1,467,491,492,-1,467,492,468,-1,468,492,493,-1,468,493,469,-1,469,493,494,-1,469,494,470,-1,470,494,495,-1,470,495,471,-1,471,495,496,-1,471,496,472,-1,472,496,497,-1,472,497,473,-1,473,497,498,-1,473,498,474,-1,474,498,499,-1,474,499,475,-1,475,499,500,-1,475,500,476,-1,476,500,501,-1,476,501,477,-1,477,501,502,-1,477,502,478,-1,478,502,503,-1,478,503,479,-1,479,503,504,-1,479,504,480,-1,480,504,505,-1,480,505,481,-1,481,505,506,-1,481,506,482,-1,482,506,507,-1,482,507,483,-1,483,507,484,-1,507,508,484,-1,484,508,509,-1,484,509,485,-1,485,509,510,-1,485,510,486,-1,486,510,511,-1,486,511,487,-1,487,511,512,-1,487,512,488,-1,488,512,513,-1,488,513,489,-1,489,513,514,-1,489,514,490,-1,490,514,515,-1,490,515,491,-1,491,515,516,-1,491,516,492,-1,492,516,517,-1,492,517,493,-1,493,517,518,-1,493,518,494,-1,494,518,519,-1,494,519,495,-1,495,519,520,-1,495,520,496,-1,496,520,521,-1,496,521,497,-1,497,521,522,-1,497,522,498,-1,498,522,523,-1,498,523,499,-1,499,523,524,-1,499,524,500,-1,500,524,525,-1,500,525,501,-1,501,525,526,-1,501,526,502,-1,502,526,527,-1,502,527,503,-1,503,527,528,-1,503,528,504,-1,504,528,529,-1,504,529,505,-1,505,529,530,-1,505,530,506,-1,506,530,531,-1,506,531,507,-1,507,531,508,-1,531,532,508,-1,508,532,533,-1,508,533,509,-1,509,533,534,-1,509,534,510,-1,510,534,535,-1,510,535,511,-1,511,535,536,-1,511,536,512,-1,512,536,537,-1,512,537,513,-1,513,537,538,-1,513,538,514,-1,514,538,539,-1,514,539,515,-1,515,539,540,-1,515,540,516,-1,516,540,541,-1,516,541,517,-1,517,541,542,-1,517,542,518,-1,518,542,543,-1,518,543,519,-1,519,543,544,-1,519,544,520,-1,520,544,545,-1,520,545,521,-1,521,545,546,-1,521,546,522,-1,522,546,547,-1,522,547,523,-1,523,547,548,-1,523,548,524,-1,524,548,549,-1,524,549,525,-1,525,549,550,-1,525,550,526,-1,526,550,551,-1,526,551,527,-1,527,551,552,-1,527,552,528,-1,528,552,553,-1,528,553,529,-1,529,553,554,-1,529,554,530,-1,530,554,555,-1,530,555,531,-1,531,555,532,-1,555,556,532,-1,532,556,557,-1,532,557,533,-1,533,557,558,-1,533,558,534,-1,534,558,559,-1,534,559,535,-1,535,559,560,-1,535,560,536,-1,536,560,561,-1,536,561,537,-1,537,561,562,-1,537,562,538,-1,538,562,563,-1,538,563,539,-1,539,563,564,-1,539,564,540,-1,540,564,565,-1,540,565,541,-1,541,565,566,-1,541,566,542,-1,542,566,567,-1,542,567,543,-1,543,567,568,-1,543,568,544,-1,544,568,569,-1,544,569,545,-1,545,569,570,-1,545,570,546,-1,546,570,571,-1,546,571,547,-1,547,571,572,-1,547,572,548,-1,548,572,573,-1,548,573,549,-1,549,573,574,-1,549,574,550,-1,550,574,575,-1,550,575,551,-1,551,575,576,-1,551,576,552,-1,552,576,577,-1,552,577,553,-1,553,577,578,-1,553,578,554,-1,554,578,579,-1,554,579,555,-1,555,579,556,-1,580,581,582,-1,582,581,583,-1,584,585,586,-1,586,585,587,-1,588,589,590,-1,590,589,591,-1,592,593,594,-1,595,596,597,-1,598,599,600,-1,600,599,601,-1,600,601,602,-1,602,601,603,-1,602,603,604,-1,604,603,605,-1,604,605,606,-1,606,605,595,-1,606,595,607,-1,607,595,597,-1,607,597,608,-1,609,592,598,-1,598,592,594,-1,598,594,599,-1,610,611,592,-1,612,613,614,-1,586,580,614,-1,580,582,614,-1,614,582,615,-1,614,615,612,-1,616,617,618,-1,618,617,619,-1,592,609,610,-1,610,609,584,-1,610,584,619,-1,619,584,586,-1,619,586,618,-1,618,586,614,-1,620,621,622,-1,623,624,612,-1,625,626,627,-1,627,626,628,-1,627,628,629,-1,629,628,630,-1,629,630,631,-1,631,630,632,-1,631,632,633,-1,633,632,623,-1,633,623,634,-1,634,623,612,-1,634,612,615,-1,635,620,625,-1,625,620,622,-1,625,622,626,-1,636,620,637,-1,637,620,635,-1,638,639,640,-1,641,642,636,-1,643,644,645,-1,645,644,646,-1,645,646,647,-1,647,646,648,-1,647,648,649,-1,649,648,650,-1,649,650,651,-1,651,650,641,-1,651,641,652,-1,652,641,636,-1,652,636,637,-1,653,638,643,-1,643,638,640,-1,643,640,644,-1,654,655,638,-1,656,657,658,-1,659,588,658,-1,588,590,658,-1,658,590,660,-1,658,660,656,-1,661,662,663,-1,663,662,664,-1,638,653,654,-1,654,653,665,-1,654,665,664,-1,664,665,659,-1,664,659,663,-1,663,659,658,-1,666,667,668,-1,669,670,656,-1,671,672,673,-1,673,672,674,-1,673,674,675,-1,675,674,676,-1,675,676,677,-1,677,676,678,-1,677,678,679,-1,679,678,669,-1,679,669,680,-1,680,669,656,-1,680,656,660,-1,681,666,671,-1,671,666,668,-1,671,668,672,-1,665,682,659,-1,659,682,683,-1,
        ]
    }
}
Shape{
    appearance Appearance {
        material  Material 	{
            diffuseColor 1.0 1.0 1.0
            specularColor 0.8784313725490196 0.8784313725490196 0.8784313725490196
            ambientIntensity 1.0
            transparency 0.0
            shininess 0.5
        }
    }
    geometry IndexedFaceSet {
        ccw TRUE
        solid FALSE
        coord DEF co Coordinate {
            point [
                2.2638 -0.0984 0.5118, 2.2638 -0.5315 0.5118, 2.0472 -0.0984 0.5118, 2.0472 -0.5315 0.5118, 1.9776 -0.1273 0.5118, 1.998 -0.1116 0.5118, 2.0218 -0.1018 0.5118, 2.0218 -0.5281 0.5118, 1.998 -0.5183 0.5118, 1.9522 -0.4585 0.5118, 1.9776 -0.5027 0.5118, 1.962 -0.4823 0.5118, 1.962 -0.1476 0.5118, 1.9488 -0.4331 0.5118, 1.9488 -0.1969 0.5118, 1.9522 -0.1714 0.5118, 2.0472 -0.5315 0.3937, 2.2638 -0.5315 0.3937, 2.0472 -0.0984 0.3937, 2.2638 -0.0984 0.3937, 2.0218 -0.5281 0.3937, 1.998 -0.5183 0.3937, 1.9776 -0.5027 0.3937, 1.962 -0.4823 0.3937, 1.9522 -0.4585 0.3937, 1.9488 -0.4331 0.3937, 1.9488 -0.1969 0.3937, 1.9522 -0.1714 0.3937, 1.962 -0.1476 0.3937, 1.9776 -0.1273 0.3937, 1.998 -0.1116 0.3937, 2.0218 -0.1018 0.3937, -2.2638 -0.5315 0.5118, -2.2638 -0.0984 0.5118, -2.0472 -0.5315 0.5118, -2.0472 -0.0984 0.5118, -1.9488 -0.4331 0.5118, -1.9522 -0.4585 0.5118, -1.9488 -0.1969 0.5118, -2.0218 -0.1018 0.5118, -1.962 -0.4823 0.5118, -1.9776 -0.5027 0.5118, -1.998 -0.1116 0.5118, -1.9776 -0.1273 0.5118, -1.998 -0.5183 0.5118, -2.0218 -0.5281 0.5118, -1.962 -0.1476 0.5118, -1.9522 -0.1714 0.5118, -2.0472 -0.5315 0.3937, -2.2638 -0.5315 0.3937, -2.0472 -0.0984 0.3937, -2.2638 -0.0984 0.3937, -1.9488 -0.4331 0.3937, -1.9522 -0.4585 0.3937, -1.962 -0.4823 0.3937, -1.9776 -0.5027 0.3937, -1.998 -0.5183 0.3937, -2.0218 -0.5281 0.3937, -1.9488 -0.1969 0.3937, -2.0218 -0.1018 0.3937, -1.998 -0.1116 0.3937, -1.9776 -0.1273 0.3937, -1.962 -0.1476 0.3937, -1.9522 -0.1714 0.3937, -1.9776 3.4948 0.5118, -1.962 3.4744 0.5118, -1.9522 3.4507 0.5118, -2.2638 3.0905 0.5118, -2.2638 3.5236 0.5118, -2.0472 3.0905 0.5118, -2.0472 3.5236 0.5118, -1.9488 3.4252 0.5118, -1.998 3.5104 0.5118, -2.0218 3.5203 0.5118, -1.9488 3.189 0.5118, -1.9522 3.1635 0.5118, -2.0218 3.0939 0.5118, -1.962 3.1398 0.5118, -1.998 3.1037 0.5118, -1.9776 3.1194 0.5118, -2.0472 3.5236 0.3937, -2.2638 3.5236 0.3937, -2.0472 3.0905 0.3937, -2.2638 3.0905 0.3937, -2.0218 3.5203 0.3937, -1.998 3.5104 0.3937, -1.9776 3.4948 0.3937, -1.962 3.4744 0.3937, -1.9522 3.4507 0.3937, -1.9488 3.4252 0.3937, -1.9488 3.189 0.3937, -1.9522 3.1635 0.3937, -1.962 3.1398 0.3937, -1.9776 3.1194 0.3937, -1.998 3.1037 0.3937, -2.0218 3.0939 0.3937, 2.0472 3.5236 0.5118, 2.2638 3.5236 0.5118, 1.9488 3.4252 0.5118, 1.9776 3.4948 0.5118, 1.998 3.5104 0.5118, 2.0218 3.5203 0.5118, 1.962 3.4744 0.5118, 1.962 3.1398 0.5118, 2.0218 3.0939 0.5118, 1.9776 3.1194 0.5118, 1.998 3.1037 0.5118, 2.2638 3.0905 0.5118, 2.0472 3.0905 0.5118, 1.9488 3.189 0.5118, 1.9522 3.1635 0.5118, 1.9522 3.4507 0.5118, 2.0472 3.5236 0.3937, 2.2638 3.5236 0.3937, 2.0472 3.0905 0.3937, 2.2638 3.0905 0.3937, 1.9488 3.4252 0.3937, 1.9522 3.4507 0.3937, 1.962 3.4744 0.3937, 1.9776 3.4948 0.3937, 1.998 3.5104 0.3937, 2.0218 3.5203 0.3937, 1.9488 3.189 0.3937, 2.0218 3.0939 0.3937, 1.998 3.1037 0.3937, 1.9776 3.1194 0.3937, 1.962 3.1398 0.3937, 1.9522 3.1635 0.3937
            ]
        }
        coordIndex [
            0,1,2,-1,2,1,3,-1,4,5,6,-1,7,8,9,-1,9,8,10,-1,9,10,11,-1,4,6,12,-1,7,9,3,-1,3,9,13,-1,3,13,2,-1,2,13,14,-1,2,14,6,-1,6,14,15,-1,6,15,12,-1,3,1,16,-1,16,1,17,-1,18,19,2,-1,2,19,0,-1,3,16,7,-1,7,16,20,-1,7,20,8,-1,8,20,21,-1,8,21,10,-1,10,21,22,-1,10,22,11,-1,11,22,23,-1,11,23,9,-1,9,23,24,-1,9,24,13,-1,13,24,25,-1,14,26,15,-1,15,26,27,-1,15,27,12,-1,12,27,28,-1,12,28,4,-1,4,28,29,-1,4,29,5,-1,5,29,30,-1,5,30,6,-1,6,30,31,-1,6,31,2,-1,2,31,18,-1,14,13,26,-1,26,13,25,-1,32,33,34,-1,34,33,35,-1,34,36,37,-1,36,34,38,-1,38,34,35,-1,38,35,39,-1,37,40,41,-1,39,42,43,-1,41,44,37,-1,37,44,45,-1,37,45,34,-1,43,46,39,-1,39,46,47,-1,39,47,38,-1,48,49,34,-1,34,49,32,-1,35,33,50,-1,50,33,51,-1,36,52,37,-1,37,52,53,-1,37,53,40,-1,40,53,54,-1,40,54,41,-1,41,54,55,-1,41,55,44,-1,44,55,56,-1,44,56,45,-1,45,56,57,-1,45,57,34,-1,34,57,48,-1,36,38,52,-1,52,38,58,-1,35,50,39,-1,39,50,59,-1,39,59,42,-1,42,59,60,-1,42,60,43,-1,43,60,61,-1,43,61,46,-1,46,61,62,-1,46,62,47,-1,47,62,63,-1,47,63,38,-1,38,63,58,-1,64,65,66,-1,67,68,69,-1,69,68,70,-1,69,70,71,-1,64,66,72,-1,71,70,66,-1,66,70,73,-1,66,73,72,-1,71,74,69,-1,69,74,75,-1,69,75,76,-1,76,75,77,-1,76,77,78,-1,78,77,79,-1,70,68,80,-1,80,68,81,-1,82,83,69,-1,69,83,67,-1,70,80,73,-1,73,80,84,-1,73,84,72,-1,72,84,85,-1,72,85,64,-1,64,85,86,-1,64,86,65,-1,65,86,87,-1,65,87,66,-1,66,87,88,-1,66,88,71,-1,71,88,89,-1,74,90,75,-1,75,90,91,-1,75,91,77,-1,77,91,92,-1,77,92,79,-1,79,92,93,-1,79,93,78,-1,78,93,94,-1,78,94,76,-1,76,94,95,-1,76,95,69,-1,69,95,82,-1,74,71,90,-1,90,71,89,-1,96,97,98,-1,99,100,101,-1,99,101,102,-1,103,104,105,-1,105,104,106,-1,97,107,98,-1,98,107,108,-1,98,108,109,-1,109,108,104,-1,109,104,110,-1,110,104,103,-1,96,98,101,-1,101,98,111,-1,101,111,102,-1,112,113,96,-1,96,113,97,-1,108,107,114,-1,114,107,115,-1,98,116,111,-1,111,116,117,-1,111,117,102,-1,102,117,118,-1,102,118,99,-1,99,118,119,-1,99,119,100,-1,100,119,120,-1,100,120,101,-1,101,120,121,-1,101,121,96,-1,96,121,112,-1,98,109,116,-1,116,109,122,-1,108,114,104,-1,104,114,123,-1,104,123,106,-1,106,123,124,-1,106,124,105,-1,105,124,125,-1,105,125,103,-1,103,125,126,-1,103,126,110,-1,110,126,127,-1,110,127,109,-1,109,127,122,-1,
        ]
    }
}
Shape{
    appearance Appearance {
        material  Material 	{
            diffuseColor 0.10980392156862745 0.10980392156862745 0.10980392156862745
            specularColor 0.0784313725490196 0.0784313725490196 0.0784313725490196
            ambientIntensity 0.1098
            transparency 0.0
            shininess 0.5
        }
    }
    geometry IndexedFaceSet {
        ccw TRUE
        solid FALSE
        coord DEF co Coordinate {
            point [
                1.9488 -0.7677 0.0, 1.9488 -1.0827 0.0, 1.9488 -0.7677 0.3937, 1.9488 -1.0827 0.3937, 2.2638 -0.7677 0.0, 2.2638 -0.7677 0.3937, 2.2559 -0.8378 0.0, 2.2326 -0.9044 0.0, 2.1951 -0.9641 0.0, 2.1452 -1.014 0.0, 2.0855 -1.0515 0.0, 2.0189 -1.0748 0.0, -1.9488 -1.0827 0.0, -1.9488 -0.7677 0.0, -1.9488 -1.0827 0.3937, -1.9488 -0.7677 0.3937, -2.2638 -0.7677 0.0, -2.2638 -0.7677 0.3937, -2.0189 -1.0748 0.0, -2.0855 -1.0515 0.0, -2.1452 -1.014 0.0, -2.1951 -0.9641 0.0, -2.2326 -0.9044 0.0, -2.2559 -0.8378 0.0, -2.2638 3.7598 0.0, -1.9488 3.7598 0.0, -2.2638 3.7598 0.3937, -1.9488 3.7598 0.3937, -1.9488 4.0748 0.0, -1.9488 4.0748 0.3937, -2.2559 3.8299 0.0, -2.2326 3.8965 0.0, -2.1951 3.9562 0.0, -2.1452 4.0061 0.0, -2.0855 4.0436 0.0, -2.0189 4.0669 0.0, 1.9488 4.0748 0.0, 1.9488 3.7598 0.0, 1.9488 4.0748 0.3937, 1.9488 3.7598 0.3937, 2.2638 3.7598 0.0, 2.2638 3.7598 0.3937, 2.2559 3.8299 0.0, 2.0189 4.0669 0.0, 2.0855 4.0436 0.0, 2.1452 4.0061 0.0, 2.1951 3.9562 0.0, 2.2326 3.8965 0.0
            ]
        }
        coordIndex [
            0,1,2,-1,2,1,3,-1,4,0,5,-1,5,0,2,-1,0,4,6,-1,6,7,0,-1,0,7,8,-1,0,8,9,-1,9,10,0,-1,0,10,11,-1,0,11,1,-1,12,13,14,-1,14,13,15,-1,13,16,15,-1,15,16,17,-1,13,12,18,-1,18,19,13,-1,13,19,20,-1,13,20,21,-1,21,22,13,-1,13,22,23,-1,13,23,16,-1,24,25,26,-1,26,25,27,-1,25,28,27,-1,27,28,29,-1,25,24,30,-1,30,31,25,-1,25,31,32,-1,25,32,33,-1,33,34,25,-1,25,34,35,-1,25,35,28,-1,36,37,38,-1,38,37,39,-1,37,40,39,-1,39,40,41,-1,42,40,37,-1,36,43,37,-1,37,43,44,-1,37,44,45,-1,45,46,37,-1,37,46,47,-1,37,47,42,-1,
        ]
    }
}
Shape{
    appearance Appearance {
        material  Material 	{
            diffuseColor 0.7764705882352941 0.7568627450980392 0.7372549019607844
            specularColor 0.38823529411764707 0.3764705882352941 0.3686274509803922
            ambientIntensity 0.7605
            transparency 0.0
            shininess 0.5
        }
    }
    geometry IndexedFaceSet {
        ccw TRUE
        solid FALSE
        coord DEF co Coordinate {
            point [
                1.3717 1.627 2.0866, 1.378 1.4961 2.0866, 1.378 1.4961 1.9685, 1.3717 1.3651 1.9685, 1.3717 1.3651 2.0866, 1.3221 1.1078 2.0866, 1.3221 1.1078 1.9685, 1.2248 0.8646 2.0866, 1.2248 0.8646 1.9685, 1.0831 0.6443 2.0866, 1.0831 0.6443 1.9685, 0.9024 0.4547 2.0866, 0.9024 0.4547 1.9685, 0.689 0.3027 2.0866, 0.689 0.3027 1.9685, 0.4507 0.1939 2.0866, 0.4507 0.1939 1.9685, 0.1961 0.1321 2.0866, 0.1961 0.1321 1.9685, -0.0656 0.1197 2.0866, -0.0656 0.1197 1.9685, -0.3249 0.157 2.0866, -0.3249 0.157 1.9685, -0.5724 0.2426 2.0866, -0.5724 0.2426 1.9685, -0.7993 0.3736 2.0866, -0.7993 0.3736 1.9685, -0.9973 0.5452 2.0866, -0.9973 0.5452 1.9685, -1.1592 0.7511 2.0866, -1.1592 0.7511 1.9685, -1.2792 0.9839 2.0866, -1.2792 0.9839 1.9685, -1.3531 1.2353 2.0866, -1.3531 1.2353 1.9685, -1.378 1.4961 2.0866, -1.378 1.4961 1.9685, -1.3531 1.7568 2.0866, -1.3531 1.7568 1.9685, -1.2792 2.0082 2.0866, -1.2792 2.0082 1.9685, -1.1592 2.241 2.0866, -1.1592 2.241 1.9685, -0.9973 2.447 2.0866, -0.9973 2.447 1.9685, -0.7993 2.6185 2.0866, -0.7993 2.6185 1.9685, -0.5724 2.7495 2.0866, -0.5724 2.7495 1.9685, -0.3249 2.8352 2.0866, -0.3249 2.8352 1.9685, -0.0656 2.8725 2.0866, -0.0656 2.8725 1.9685, 0.1961 2.86 2.0866, 0.1961 2.86 1.9685, 0.4507 2.7982 2.0866, 0.4507 2.7982 1.9685, 0.689 2.6894 2.0866, 0.689 2.6894 1.9685, 0.9024 2.5374 2.0866, 0.9024 2.5374 1.9685, 1.0831 2.3479 2.0866, 1.0831 2.3479 1.9685, 1.2248 2.1275 2.0866, 1.2248 2.1275 1.9685, 1.3221 1.8843 2.0866, 1.3221 1.8843 1.9685, 1.3717 1.627 1.9685, 1.2541 1.3763 2.2047, 1.1811 1.4961 2.2047, 1.2088 1.1411 2.2047, 1.1553 1.2505 2.2047, 1.1198 0.9188 2.2047, 1.079 1.0157 2.2047, 0.9903 0.7173 2.2047, 0.9555 0.8018 2.2047, 0.825 0.5439 2.2047, 0.7903 0.6183 2.2047, 0.6299 0.405 2.2047, 0.5906 0.4732 2.2047, 0.4121 0.3055 2.2047, 0.365 0.3728 2.2047, 0.1793 0.249 2.2047, 0.1235 0.3214 2.2047, -0.0599 0.2376 2.2047, -0.1235 0.3214 2.2047, -0.297 0.2717 2.2047, -0.365 0.3728 2.2047, -0.5234 0.3501 2.2047, -0.5906 0.4732 2.2047, -0.5906 2.5189 2.2047, -0.7308 2.5223 2.2047, -0.7903 2.3738 2.2047, -0.9118 2.3655 2.2047, -0.9555 2.1903 2.2047, -1.0598 2.1772 2.2047, -1.079 1.9765 2.2047, -1.1696 1.9643 2.2047, -1.1553 1.7416 2.2047, -1.2371 1.7345 2.2047, -1.1811 1.4961 2.2047, -1.2598 1.4961 2.2047, -1.1553 1.2505 2.2047, -1.2371 1.2576 2.2047, -1.079 1.0157 2.2047, -1.1696 1.0278 2.2047, -0.9555 0.8018 2.2047, -1.0598 0.8149 2.2047, -0.7903 0.6183 2.2047, -0.9118 0.6267 2.2047, -0.7308 0.4698 2.2047, 1.2598 1.4961 2.2047, 1.2541 1.6158 2.2047, 1.1553 1.7416 2.2047, 1.2088 1.851 2.2047, 1.079 1.9765 2.2047, 1.1198 2.0734 2.2047, 0.9555 2.1903 2.2047, 0.9903 2.2748 2.2047, 0.7903 2.3738 2.2047, 0.825 2.4482 2.2047, 0.5906 2.5189 2.2047, 0.6299 2.5871 2.2047, 0.365 2.6194 2.2047, 0.4121 2.6866 2.2047, 0.1235 2.6707 2.2047, 0.1793 2.7431 2.2047, -0.1235 2.6707 2.2047, -0.0599 2.7545 2.2047, -0.365 2.6194 2.2047, -0.297 2.7204 2.2047, -0.5234 2.6421 2.2047
            ]
        }
        coordIndex [
            0,1,2,-1,2,1,3,-1,1,4,3,-1,3,4,5,-1,3,5,6,-1,6,5,7,-1,6,7,8,-1,8,7,9,-1,8,9,10,-1,10,9,11,-1,10,11,12,-1,12,11,13,-1,12,13,14,-1,14,13,15,-1,14,15,16,-1,16,15,17,-1,16,17,18,-1,18,17,19,-1,18,19,20,-1,20,19,21,-1,20,21,22,-1,22,21,23,-1,22,23,24,-1,24,23,25,-1,24,25,26,-1,26,25,27,-1,26,27,28,-1,28,27,29,-1,28,29,30,-1,30,29,31,-1,30,31,32,-1,32,31,33,-1,32,33,34,-1,34,33,35,-1,34,35,36,-1,36,35,37,-1,36,37,38,-1,38,37,39,-1,38,39,40,-1,40,39,41,-1,40,41,42,-1,42,41,43,-1,42,43,44,-1,44,43,45,-1,44,45,46,-1,46,45,47,-1,46,47,48,-1,48,47,49,-1,48,49,50,-1,50,49,51,-1,50,51,52,-1,52,51,53,-1,52,53,54,-1,54,53,55,-1,54,55,56,-1,56,55,57,-1,56,57,58,-1,58,57,59,-1,58,59,60,-1,60,59,61,-1,60,61,62,-1,62,61,63,-1,62,63,64,-1,64,63,65,-1,64,65,66,-1,66,65,0,-1,66,0,67,-1,67,0,2,-1,68,69,70,-1,70,69,71,-1,70,71,72,-1,72,71,73,-1,72,73,74,-1,74,73,75,-1,74,75,76,-1,76,75,77,-1,76,77,78,-1,78,77,79,-1,78,79,80,-1,80,79,81,-1,80,81,82,-1,82,81,83,-1,82,83,84,-1,84,83,85,-1,84,85,86,-1,86,85,87,-1,86,87,88,-1,88,87,89,-1,90,91,92,-1,92,91,93,-1,92,93,94,-1,94,93,95,-1,94,95,96,-1,96,95,97,-1,96,97,98,-1,98,97,99,-1,98,99,100,-1,100,99,101,-1,100,101,102,-1,102,101,103,-1,102,103,104,-1,104,103,105,-1,104,105,106,-1,106,105,107,-1,106,107,108,-1,108,107,109,-1,108,109,89,-1,89,109,110,-1,89,110,88,-1,68,111,69,-1,69,111,112,-1,69,112,113,-1,113,112,114,-1,113,114,115,-1,115,114,116,-1,115,116,117,-1,117,116,118,-1,117,118,119,-1,119,118,120,-1,119,120,121,-1,121,120,122,-1,121,122,123,-1,123,122,124,-1,123,124,125,-1,125,124,126,-1,125,126,127,-1,127,126,128,-1,127,128,129,-1,129,128,130,-1,129,130,90,-1,90,130,131,-1,90,131,91,-1,
        ]
    }
}
Shape{
    appearance Appearance {
        material  Material 	{
            diffuseColor 0.5254901960784314 0.5254901960784314 0.5254901960784314
            specularColor 0.4627450980392157 0.4627450980392157 0.4627450980392157
            ambientIntensity 0.5255
            transparency 0.0
            shininess 0.5
        }
    }
    geometry IndexedFaceSet {
        ccw TRUE
        solid FALSE
        coord DEF co Coordinate {
            point [
                1.0229 2.0866 5.5118, 1.0535 2.03 5.5118, 1.0229 2.0866 3.1496, 1.079 1.9765 2.2047, 0.9555 2.1903 3.1496, 0.9555 2.1903 2.2047, 0.7903 2.3738 2.2047, 0.7903 2.3738 3.1496, 0.5906 2.5189 2.2047, 0.5906 2.5189 3.1496, 0.365 2.6194 2.2047, 0.365 2.6194 3.1496, 0.1235 2.6707 2.2047, 0.1235 2.6707 3.1496, -0.1235 2.6707 2.2047, -0.1235 2.6707 3.1496, -0.365 2.6194 2.2047, -0.365 2.6194 3.1496, -0.5906 2.5189 2.2047, -0.5906 2.5189 3.1496, -0.7903 2.3738 2.2047, -0.7903 2.3738 3.1496, -0.9555 2.1903 2.2047, -0.9555 2.1903 3.1496, -1.0535 2.03 5.5118, -1.0229 2.0866 5.5118, -1.0229 2.0866 3.1496, -1.079 1.9765 2.2047, -1.1811 1.4961 2.2047, -1.1553 1.2505 2.2047, -1.1691 1.3279 5.5118, -1.079 1.0157 2.2047, -1.1108 1.0946 5.5118, -1.1501 1.2518 5.5118, -0.9555 0.8018 2.2047, -1.0064 0.8779 5.5118, -1.0739 1.0181 5.5118, -0.7903 0.6183 2.2047, -0.8603 0.6868 5.5118, -0.9509 0.8053 5.5118, -0.5906 0.4732 2.2047, -0.6785 0.5293 5.5118, -0.7864 0.6228 5.5118, -0.365 0.3728 2.2047, -0.4686 0.4119 5.5118, -0.5876 0.4785 5.5118, -0.1235 0.3214 2.2047, -0.2393 0.3394 5.5118, -0.3631 0.3786 5.5118, 0.1235 0.3214 2.2047, 0.0 0.315 5.5118, -0.1228 0.3275 5.5118, 0.365 0.3728 2.2047, 0.2393 0.3394 5.5118, 0.1228 0.3275 5.5118, 0.5906 0.4732 2.2047, 0.4686 0.4119 5.5118, 0.3631 0.3786 5.5118, 0.7903 0.6183 2.2047, 0.6785 0.5293 5.5118, 0.5876 0.4785 5.5118, 0.9555 0.8018 2.2047, 0.8603 0.6868 5.5118, 0.7864 0.6228 5.5118, 1.079 1.0157 2.2047, 1.0064 0.8779 5.5118, 0.9509 0.8053 5.5118, 1.1553 1.2505 2.2047, 1.1108 1.0946 5.5118, 1.0739 1.0181 5.5118, 1.1811 1.4961 2.2047, 1.1691 1.3279 5.5118, 1.1501 1.2518 5.5118, 1.1553 1.7416 2.2047, 1.1789 1.5682 5.5118, 1.176 1.4963 5.5118, 1.0747 1.9748 5.5118, 1.1398 1.8055 5.5118, 1.1505 1.7408 5.5118, -1.1553 1.7416 2.2047, -1.1398 1.8055 5.5118, -1.0747 1.9748 5.5118, -1.176 1.4963 5.5118, -1.1789 1.5682 5.5118, -1.1505 1.7408 5.5118, 0.5208 2.0866 5.9055, -0.5208 2.0866 5.9055, 0.6157 1.9869 5.9055, -0.6157 1.9869 5.9055, 0.7023 1.852 5.9055, 0.7599 1.7024 5.9055, 0.4523 0.8516 5.9055, -0.7023 1.852 5.9055, 0.5735 0.9566 5.9055, 0.6709 1.0839 5.9055, 0.7405 1.2284 5.9055, -0.7599 1.7024 5.9055, -0.7859 1.5442 5.9055, -0.7794 1.384 5.9055, 0.7794 1.384 5.9055, 0.7859 1.5442 5.9055, -0.7405 1.2284 5.9055, -0.6709 1.0839 5.9055, -0.5735 0.9566 5.9055, -0.4523 0.8516 5.9055, -0.3124 0.7733 5.9055, -0.1595 0.725 5.9055, 0.0 0.7087 5.9055, 0.1595 0.725 5.9055, 0.3124 0.7733 5.9055, 0.7407 2.0866 5.7456, -0.7407 2.0866 5.7456
            ]
        }
        coordIndex [
            0,1,2,-1,2,1,3,-1,2,3,4,-1,3,5,4,-1,4,5,6,-1,4,6,7,-1,7,6,8,-1,7,8,9,-1,9,8,10,-1,9,10,11,-1,11,10,12,-1,11,12,13,-1,13,12,14,-1,13,14,15,-1,15,14,16,-1,15,16,17,-1,17,16,18,-1,17,18,19,-1,19,18,20,-1,19,20,21,-1,21,20,22,-1,21,22,23,-1,24,25,26,-1,23,22,26,-1,26,22,27,-1,26,27,24,-1,28,29,30,-1,31,32,29,-1,29,32,33,-1,29,33,30,-1,34,35,31,-1,31,35,36,-1,31,36,32,-1,37,38,34,-1,34,38,39,-1,34,39,35,-1,40,41,37,-1,37,41,42,-1,37,42,38,-1,43,44,40,-1,40,44,45,-1,40,45,41,-1,46,47,43,-1,43,47,48,-1,43,48,44,-1,49,50,46,-1,46,50,51,-1,46,51,47,-1,52,53,49,-1,49,53,54,-1,49,54,50,-1,55,56,52,-1,52,56,57,-1,52,57,53,-1,58,59,55,-1,55,59,60,-1,55,60,56,-1,61,62,58,-1,58,62,63,-1,58,63,59,-1,64,65,61,-1,61,65,66,-1,61,66,62,-1,67,68,64,-1,64,68,69,-1,64,69,65,-1,70,71,67,-1,67,71,72,-1,67,72,68,-1,73,74,70,-1,70,74,75,-1,70,75,71,-1,1,76,3,-1,3,76,77,-1,3,77,73,-1,73,77,78,-1,73,78,74,-1,79,80,27,-1,27,80,81,-1,27,81,24,-1,30,82,28,-1,28,82,83,-1,28,83,79,-1,79,83,84,-1,79,84,80,-1,85,86,87,-1,87,86,88,-1,87,88,89,-1,89,88,90,-1,91,88,92,-1,91,93,88,-1,88,93,94,-1,88,94,95,-1,92,96,91,-1,91,96,97,-1,91,97,98,-1,95,99,88,-1,88,99,100,-1,88,100,90,-1,98,101,91,-1,91,101,102,-1,91,102,103,-1,103,104,91,-1,91,104,105,-1,91,105,106,-1,106,107,91,-1,91,107,108,-1,91,108,109,-1,26,2,23,-1,23,2,4,-1,23,4,7,-1,7,9,23,-1,23,9,11,-1,23,11,13,-1,13,15,23,-1,23,15,17,-1,23,17,21,-1,21,17,19,-1,110,0,2,-1,2,26,25,-1,85,110,86,-1,86,110,2,-1,86,2,111,-1,111,2,25,-1,111,88,86,-1,111,25,24,-1,110,87,89,-1,87,110,85,-1,88,111,92,-1,111,24,92,-1,92,24,81,-1,92,81,96,-1,81,80,96,-1,96,80,84,-1,96,84,97,-1,84,83,97,-1,97,83,82,-1,97,82,98,-1,82,30,98,-1,98,30,33,-1,98,33,101,-1,33,32,101,-1,101,32,36,-1,101,36,102,-1,36,35,102,-1,102,35,39,-1,102,39,103,-1,39,38,103,-1,103,38,42,-1,103,42,104,-1,42,41,104,-1,104,41,45,-1,104,45,105,-1,45,44,105,-1,105,44,48,-1,105,48,106,-1,48,47,106,-1,106,47,51,-1,106,51,107,-1,51,50,107,-1,107,50,54,-1,107,54,108,-1,54,53,108,-1,108,53,57,-1,108,57,109,-1,57,56,109,-1,109,56,60,-1,109,60,91,-1,60,59,91,-1,91,59,63,-1,91,63,93,-1,63,62,93,-1,93,62,66,-1,93,66,94,-1,66,65,94,-1,94,65,69,-1,94,69,95,-1,69,68,95,-1,95,68,72,-1,95,72,99,-1,72,71,99,-1,99,71,75,-1,99,75,100,-1,75,74,100,-1,100,74,78,-1,100,78,90,-1,0,110,1,-1,1,110,89,-1,1,89,76,-1,76,89,90,-1,76,90,77,-1,77,90,78,-1,
        ]
    }
}
Shape{
    appearance Appearance {
        material  Material 	{
            diffuseColor 0.7764705882352941 0.7568627450980392 0.7372549019607844
            specularColor 0.38823529411764707 0.3764705882352941 0.3686274509803922
            ambientIntensity 0.7605
            transparency 0.0
            shininess 0.5
        }
    }
    geometry IndexedFaceSet {
        ccw TRUE
        solid FALSE
        coord DEF co Coordinate {
            point [
                1.2541 1.6158 2.2047, 1.2598 1.4961 2.2047, 1.378 1.4961 2.0866, 1.3717 1.3651 2.0866, 1.2541 1.3763 2.2047, 1.2088 1.1411 2.2047, 1.3221 1.1078 2.0866, 1.1198 0.9188 2.2047, 1.2248 0.8646 2.0866, 0.9903 0.7173 2.2047, 1.0831 0.6443 2.0866, 0.825 0.5439 2.2047, 0.9024 0.4547 2.0866, 0.6299 0.405 2.2047, 0.689 0.3027 2.0866, 0.4121 0.3055 2.2047, 0.4507 0.1939 2.0866, 0.1793 0.249 2.2047, 0.1961 0.1321 2.0866, -0.0599 0.2376 2.2047, -0.0656 0.1197 2.0866, -0.297 0.2717 2.2047, -0.3249 0.157 2.0866, -0.5234 0.3501 2.2047, -0.5724 0.2426 2.0866, -0.7308 0.4698 2.2047, -0.7993 0.3736 2.0866, -0.9118 0.6267 2.2047, -0.9973 0.5452 2.0866, -1.0598 0.8149 2.2047, -1.1592 0.7511 2.0866, -1.1696 1.0278 2.2047, -1.2792 0.9839 2.0866, -1.2371 1.2576 2.2047, -1.3531 1.2353 2.0866, -1.2598 1.4961 2.2047, -1.378 1.4961 2.0866, -1.2371 1.7345 2.2047, -1.3531 1.7568 2.0866, -1.1696 1.9643 2.2047, -1.2792 2.0082 2.0866, -1.0598 2.1772 2.2047, -1.1592 2.241 2.0866, -0.9118 2.3655 2.2047, -0.9973 2.447 2.0866, -0.7308 2.5223 2.2047, -0.7993 2.6185 2.0866, -0.5234 2.6421 2.2047, -0.5724 2.7495 2.0866, -0.297 2.7204 2.2047, -0.3249 2.8352 2.0866, -0.0599 2.7545 2.2047, -0.0656 2.8725 2.0866, 0.1793 2.7431 2.2047, 0.1961 2.86 2.0866, 0.4121 2.6866 2.2047, 0.4507 2.7982 2.0866, 0.6299 2.5871 2.2047, 0.689 2.6894 2.0866, 0.825 2.4482 2.2047, 0.9024 2.5374 2.0866, 0.9903 2.2748 2.2047, 1.0831 2.3479 2.0866, 1.1198 2.0734 2.2047, 1.2248 2.1275 2.0866, 1.2088 1.851 2.2047, 1.3221 1.8843 2.0866, 1.3717 1.627 2.0866, -2.4409 1.2992 -1.371, -2.4409 1.6929 -1.371, -2.3622 1.2992 -1.371, -2.3622 1.6929 -1.371, -2.4409 1.8898 -0.2415, -2.3622 1.8898 -0.2415, -2.4418 1.8898 -0.2497, -2.3648 1.8898 -0.2661, -2.4444 1.8898 -0.2576, -2.3725 1.8898 -0.2897, -2.4485 1.8898 -0.2647, -2.3849 1.8898 -0.3112, -2.3849 1.1024 -0.3112, -2.3725 1.1024 -0.2897, -2.3648 1.1024 -0.2661, -2.3622 1.1024 -0.2415, -2.4485 1.1024 -0.2647, -2.4444 1.1024 -0.2576, -2.4418 1.1024 -0.2497, -2.4409 1.1024 -0.2415, -2.7135 1.8898 -0.6275, -2.6499 1.8898 -0.6739, -2.6499 1.1024 -0.6739, -2.7135 1.1024 -0.6275, -2.6493 1.8898 -0.7212, -2.7116 1.8898 -0.7693, -2.6544 1.8898 -0.7124, -2.7269 1.8898 -0.7431, -2.6571 1.8898 -0.7027, -2.735 1.8898 -0.7138, -2.6572 1.8898 -0.6926, -2.7354 1.8898 -0.6835, -2.6548 1.8898 -0.6828, -2.7281 1.8898 -0.6541, -2.6548 1.1024 -0.6828, -2.6572 1.1024 -0.6926, -2.6571 1.1024 -0.7027, -2.6544 1.1024 -0.7124, -2.6493 1.1024 -0.7212, -2.7281 1.1024 -0.6541, -2.7354 1.1024 -0.6835, -2.735 1.1024 -0.7138, -2.7269 1.1024 -0.7431, -2.7116 1.1024 -0.7693, -2.4491 1.8898 -1.1097, -2.3868 1.8898 -1.0616, -2.3868 1.1024 -1.0616, -2.4491 1.1024 -1.1097, -2.4447 1.8898 -1.117, -2.3734 1.8898 -1.0836, -2.4419 1.8898 -1.1251, -2.365 1.8898 -1.108, -2.4409 1.8898 -1.1337, -2.3622 1.8898 -1.1337, -2.3622 1.1024 -1.1337, -2.365 1.1024 -1.108, -2.3734 1.1024 -1.0836, -2.4409 1.1024 -1.1337, -2.4419 1.1024 -1.1251, -2.4447 1.1024 -1.117, -2.4409 1.8898 -1.1742, -2.3622 1.8898 -1.1742, -2.3622 1.2008 -1.3447, -2.3622 1.1091 -1.2251, -2.3622 1.16 -1.3134, -2.3622 1.1287 -1.2726, -2.3622 1.1024 -1.1742, -2.3622 1.2483 -1.3643, -2.3622 1.7439 -1.3643, -2.3622 1.7913 -1.3447, -2.3622 1.8321 -1.3134, -2.3622 1.8634 -1.2726, -2.3622 1.8831 -1.2251, -2.4409 1.1024 -1.1742, -2.4409 1.8634 -1.2726, -2.4409 1.8831 -1.2251, -2.4409 1.8321 -1.3134, -2.4409 1.7913 -1.3447, -2.4409 1.7439 -1.3643, -2.4409 1.2483 -1.3643, -2.4409 1.2008 -1.3447, -2.4409 1.16 -1.3134, -2.4409 1.1287 -1.2726, -2.4409 1.1091 -1.2251, 2.3622 1.2992 -1.371, 2.3622 1.6929 -1.371, 2.4409 1.2992 -1.371, 2.4409 1.6929 -1.371, 2.4409 1.1024 -0.2415, 2.3622 1.1024 -0.2415, 2.4418 1.1024 -0.2497, 2.3648 1.1024 -0.2661, 2.4444 1.1024 -0.2576, 2.3725 1.1024 -0.2897, 2.4485 1.1024 -0.2647, 2.3849 1.1024 -0.3112, 2.3849 1.8898 -0.3112, 2.3725 1.8898 -0.2897, 2.3648 1.8898 -0.2661, 2.3622 1.8898 -0.2415, 2.4485 1.8898 -0.2647, 2.4444 1.8898 -0.2576, 2.4418 1.8898 -0.2497, 2.4409 1.8898 -0.2415, 2.7135 1.1024 -0.6275, 2.6499 1.1024 -0.6739, 2.6499 1.8898 -0.6739, 2.7135 1.8898 -0.6275, 2.6493 1.1024 -0.7212, 2.7116 1.1024 -0.7693, 2.6544 1.1024 -0.7124, 2.7269 1.1024 -0.7431, 2.6571 1.1024 -0.7027, 2.735 1.1024 -0.7138, 2.6572 1.1024 -0.6926, 2.7354 1.1024 -0.6835, 2.6548 1.1024 -0.6828, 2.7281 1.1024 -0.6541, 2.6548 1.8898 -0.6828, 2.6572 1.8898 -0.6926, 2.6571 1.8898 -0.7027, 2.6544 1.8898 -0.7124, 2.6493 1.8898 -0.7212, 2.7281 1.8898 -0.6541, 2.7354 1.8898 -0.6835, 2.735 1.8898 -0.7138, 2.7269 1.8898 -0.7431, 2.7116 1.8898 -0.7693, 2.4491 1.1024 -1.1097, 2.3868 1.1024 -1.0616, 2.3868 1.8898 -1.0616, 2.4491 1.8898 -1.1097, 2.4447 1.1024 -1.117, 2.3734 1.1024 -1.0836, 2.4419 1.1024 -1.1251, 2.365 1.1024 -1.108, 2.4409 1.1024 -1.1337, 2.3622 1.1024 -1.1337, 2.3622 1.8898 -1.1337, 2.365 1.8898 -1.108, 2.3734 1.8898 -1.0836, 2.4409 1.8898 -1.1337, 2.4419 1.8898 -1.1251, 2.4447 1.8898 -1.117, 2.4409 1.1024 -1.1742, 2.3622 1.1024 -1.1742, 2.3622 1.2483 -1.3643, 2.3622 1.2008 -1.3447, 2.3622 1.8898 -1.1742, 2.3622 1.7439 -1.3643, 2.3622 1.7913 -1.3447, 2.3622 1.16 -1.3134, 2.3622 1.1287 -1.2726, 2.3622 1.1091 -1.2251, 2.3622 1.8321 -1.3134, 2.3622 1.8831 -1.2251, 2.3622 1.8634 -1.2726, 2.4409 1.8898 -1.1742, 2.4409 1.7439 -1.3643, 2.4409 1.7913 -1.3447, 2.4409 1.1091 -1.2251, 2.4409 1.2008 -1.3447, 2.4409 1.1287 -1.2726, 2.4409 1.16 -1.3134, 2.4409 1.2483 -1.3643, 2.4409 1.8321 -1.3134, 2.4409 1.8634 -1.2726, 2.4409 1.8831 -1.2251, -1.2205 -1.378 0.8268, -1.2205 -1.0827 0.8268, -1.2205 -1.378 0.748, -1.2205 -1.0827 0.748, -0.748 -1.378 0.748, -0.748 -1.0827 0.748, -0.748 -1.378 0.8268, -0.748 -1.0827 0.8268, -1.2205 -1.4173 0.7087, -1.2205 -1.4961 0.7087, -1.2205 -1.4163 0.7174, -1.2205 -1.4931 0.7349, -1.2205 -1.4134 0.7257, -1.2205 -1.4844 0.7599, -1.2205 -1.4087 0.7332, -1.2205 -1.4703 0.7823, -1.2205 -1.4025 0.7394, -1.2205 -1.4516 0.801, -1.2205 -1.395 0.7441, -1.2205 -1.4292 0.8151, -1.2205 -1.3867 0.747, -1.2205 -1.4042 0.8238, -0.748 -1.3867 0.747, -0.748 -1.395 0.7441, -0.748 -1.4025 0.7394, -0.748 -1.4087 0.7332, -0.748 -1.4134 0.7257, -0.748 -1.4163 0.7174, -0.748 -1.4173 0.7087, -0.748 -1.4042 0.8238, -0.748 -1.4292 0.8151, -0.748 -1.4516 0.801, -0.748 -1.4703 0.7823, -0.748 -1.4844 0.7599, -0.748 -1.4931 0.7349, -0.748 -1.4961 0.7087, -1.2205 -1.4961 0.2126, -1.2205 -1.4173 0.2126, -0.748 -1.4173 0.2126, -0.8661 -1.4173 0.0945, -0.8661 -1.4173 -1.2795, -0.9646 -1.4173 -1.378, -1.1024 -1.4173 0.0945, -1.1024 -1.4173 -1.2795, -1.0039 -1.4173 -1.378, -1.0999 -1.4173 -1.3014, -0.8686 -1.4173 -1.3014, -0.8759 -1.4173 -1.3222, -0.8876 -1.4173 -1.3409, -0.9032 -1.4173 -1.3565, -0.9219 -1.4173 -1.3682, -0.9427 -1.4173 -1.3755, -1.0466 -1.4173 -1.3682, -1.0653 -1.4173 -1.3565, -1.0809 -1.4173 -1.3409, -1.0258 -1.4173 -1.3755, -1.0926 -1.4173 -1.3222, -0.748 -1.4961 0.2126, -0.8661 -1.4961 -1.2795, -0.8661 -1.4961 0.0945, -1.1024 -1.4961 0.0945, -0.9646 -1.4961 -1.378, -1.1024 -1.4961 -1.2795, -1.0039 -1.4961 -1.378, -1.0999 -1.4961 -1.3014, -1.0258 -1.4961 -1.3755, -1.0809 -1.4961 -1.3409, -1.0653 -1.4961 -1.3565, -1.0466 -1.4961 -1.3682, -0.8876 -1.4961 -1.3409, -0.8759 -1.4961 -1.3222, -0.8686 -1.4961 -1.3014, -0.9427 -1.4961 -1.3755, -0.9219 -1.4961 -1.3682, -0.9032 -1.4961 -1.3565, -1.0926 -1.4961 -1.3222, -0.2362 -1.378 0.8268, -0.2362 -1.0827 0.8268, -0.2362 -1.378 0.748, -0.2362 -1.0827 0.748, 0.2362 -1.378 0.748, 0.2362 -1.0827 0.748, 0.2362 -1.378 0.8268, 0.2362 -1.0827 0.8268, -0.2362 -1.4173 0.7087, -0.2362 -1.4961 0.7087, -0.2362 -1.4163 0.7174, -0.2362 -1.4931 0.7349, -0.2362 -1.4134 0.7257, -0.2362 -1.4844 0.7599, -0.2362 -1.4087 0.7332, -0.2362 -1.4703 0.7823, -0.2362 -1.4025 0.7394, -0.2362 -1.4516 0.801, -0.2362 -1.395 0.7441, -0.2362 -1.4292 0.8151, -0.2362 -1.3867 0.747, -0.2362 -1.4042 0.8238, 0.2362 -1.3867 0.747, 0.2362 -1.395 0.7441, 0.2362 -1.4025 0.7394, 0.2362 -1.4087 0.7332, 0.2362 -1.4134 0.7257, 0.2362 -1.4163 0.7174, 0.2362 -1.4173 0.7087, 0.2362 -1.4042 0.8238, 0.2362 -1.4292 0.8151, 0.2362 -1.4516 0.801, 0.2362 -1.4703 0.7823, 0.2362 -1.4844 0.7599, 0.2362 -1.4931 0.7349, 0.2362 -1.4961 0.7087, -0.2362 -1.4961 0.2126, -0.2362 -1.4173 0.2126, 0.0197 -1.4173 -1.378, -0.0197 -1.4173 -1.378, 0.1181 -1.4173 0.0945, 0.2362 -1.4173 0.2126, -0.1181 -1.4173 0.0945, -0.1181 -1.4173 -1.2795, -0.0416 -1.4173 -1.3755, -0.0624 -1.4173 -1.3682, -0.0811 -1.4173 -1.3565, -0.1156 -1.4173 -1.3014, -0.0966 -1.4173 -1.3409, -0.1084 -1.4173 -1.3222, 0.1084 -1.4173 -1.3222, 0.0966 -1.4173 -1.3409, 0.1156 -1.4173 -1.3014, 0.0811 -1.4173 -1.3565, 0.0624 -1.4173 -1.3682, 0.1181 -1.4173 -1.2795, 0.0416 -1.4173 -1.3755, 0.2362 -1.4961 0.2126, 0.1181 -1.4961 0.0945, -0.1181 -1.4961 0.0945, 0.1181 -1.4961 -1.2795, 0.0197 -1.4961 -1.378, -0.0197 -1.4961 -1.378, -0.1181 -1.4961 -1.2795, -0.1156 -1.4961 -1.3014, -0.0416 -1.4961 -1.3755, -0.0624 -1.4961 -1.3682, -0.0811 -1.4961 -1.3565, -0.1084 -1.4961 -1.3222, -0.0966 -1.4961 -1.3409, 0.0624 -1.4961 -1.3682, 0.0811 -1.4961 -1.3565, 0.1156 -1.4961 -1.3014, 0.0966 -1.4961 -1.3409, 0.1084 -1.4961 -1.3222, 0.0416 -1.4961 -1.3755, 0.748 -1.378 0.8268, 0.748 -1.0827 0.8268, 0.748 -1.378 0.748, 0.748 -1.0827 0.748, 1.2205 -1.378 0.748, 1.2205 -1.0827 0.748, 1.2205 -1.378 0.8268, 1.2205 -1.0827 0.8268, 0.748 -1.4173 0.7087, 0.748 -1.4961 0.7087, 0.748 -1.4163 0.7174, 0.748 -1.4931 0.7349, 0.748 -1.4134 0.7257, 0.748 -1.4844 0.7599, 0.748 -1.4087 0.7332, 0.748 -1.4703 0.7823, 0.748 -1.4025 0.7394, 0.748 -1.4516 0.801, 0.748 -1.395 0.7441, 0.748 -1.4292 0.8151, 0.748 -1.3867 0.747, 0.748 -1.4042 0.8238, 1.2205 -1.3867 0.747, 1.2205 -1.395 0.7441, 1.2205 -1.4025 0.7394, 1.2205 -1.4087 0.7332, 1.2205 -1.4134 0.7257, 1.2205 -1.4163 0.7174, 1.2205 -1.4173 0.7087, 1.2205 -1.4042 0.8238, 1.2205 -1.4292 0.8151, 1.2205 -1.4516 0.801, 1.2205 -1.4703 0.7823, 1.2205 -1.4844 0.7599, 1.2205 -1.4931 0.7349, 1.2205 -1.4961 0.7087, 0.748 -1.4961 0.2126, 0.748 -1.4173 0.2126, 0.8661 -1.4173 0.0945, 1.1024 -1.4173 0.0945, 1.2205 -1.4173 0.2126, 0.8661 -1.4173 -1.2795, 0.9646 -1.4173 -1.378, 1.0039 -1.4173 -1.378, 1.1024 -1.4173 -1.2795, 1.0999 -1.4173 -1.3014, 1.0926 -1.4173 -1.3222, 1.0809 -1.4173 -1.3409, 1.0653 -1.4173 -1.3565, 1.0466 -1.4173 -1.3682, 1.0258 -1.4173 -1.3755, 0.8876 -1.4173 -1.3409, 0.8759 -1.4173 -1.3222, 0.8686 -1.4173 -1.3014, 0.9427 -1.4173 -1.3755, 0.9219 -1.4173 -1.3682, 0.9032 -1.4173 -1.3565, 1.2205 -1.4961 0.2126, 1.1024 -1.4961 0.0945, 0.8661 -1.4961 0.0945, 1.1024 -1.4961 -1.2795, 1.0039 -1.4961 -1.378, 0.9646 -1.4961 -1.378, 0.8661 -1.4961 -1.2795, 0.8686 -1.4961 -1.3014, 0.8759 -1.4961 -1.3222, 0.8876 -1.4961 -1.3409, 0.9032 -1.4961 -1.3565, 0.9219 -1.4961 -1.3682, 0.9427 -1.4961 -1.3755, 1.0809 -1.4961 -1.3409, 1.0926 -1.4961 -1.3222, 1.0999 -1.4961 -1.3014, 1.0258 -1.4961 -1.3755, 1.0466 -1.4961 -1.3682, 1.0653 -1.4961 -1.3565
            ]
        }
        coordIndex [
            0,1,2,-1,2,1,3,-1,1,4,3,-1,3,4,5,-1,3,5,6,-1,6,5,7,-1,6,7,8,-1,8,7,9,-1,8,9,10,-1,10,9,11,-1,10,11,12,-1,12,11,13,-1,12,13,14,-1,14,13,15,-1,14,15,16,-1,16,15,17,-1,16,17,18,-1,18,17,19,-1,18,19,20,-1,20,19,21,-1,20,21,22,-1,22,21,23,-1,22,23,24,-1,24,23,25,-1,24,25,26,-1,26,25,27,-1,26,27,28,-1,28,27,29,-1,28,29,30,-1,30,29,31,-1,30,31,32,-1,32,31,33,-1,32,33,34,-1,34,33,35,-1,34,35,36,-1,36,35,37,-1,36,37,38,-1,38,37,39,-1,38,39,40,-1,40,39,41,-1,40,41,42,-1,42,41,43,-1,42,43,44,-1,44,43,45,-1,44,45,46,-1,46,45,47,-1,46,47,48,-1,48,47,49,-1,48,49,50,-1,50,49,51,-1,50,51,52,-1,52,51,53,-1,52,53,54,-1,54,53,55,-1,54,55,56,-1,56,55,57,-1,56,57,58,-1,58,57,59,-1,58,59,60,-1,60,59,61,-1,60,61,62,-1,62,61,63,-1,62,63,64,-1,64,63,65,-1,64,65,66,-1,66,65,0,-1,66,0,67,-1,67,0,2,-1,68,69,70,-1,70,69,71,-1,72,73,74,-1,74,73,75,-1,74,75,76,-1,76,75,77,-1,76,77,78,-1,78,77,79,-1,80,79,77,-1,80,77,81,-1,81,77,75,-1,81,75,82,-1,82,75,73,-1,82,73,83,-1,84,80,85,-1,85,80,81,-1,85,81,86,-1,86,81,82,-1,86,82,87,-1,87,82,83,-1,87,72,86,-1,86,72,74,-1,86,74,85,-1,85,74,76,-1,85,76,84,-1,84,76,78,-1,88,78,89,-1,89,78,79,-1,89,79,90,-1,90,79,80,-1,90,80,91,-1,91,80,84,-1,84,78,91,-1,91,78,88,-1,92,93,94,-1,94,93,95,-1,94,95,96,-1,96,95,97,-1,96,97,98,-1,98,97,99,-1,98,99,100,-1,100,99,101,-1,100,101,89,-1,89,101,88,-1,89,90,100,-1,100,90,102,-1,100,102,98,-1,98,102,103,-1,98,103,96,-1,96,103,104,-1,96,104,94,-1,94,104,105,-1,94,105,92,-1,92,105,106,-1,90,91,102,-1,102,91,107,-1,102,107,103,-1,103,107,108,-1,103,108,104,-1,104,108,109,-1,104,109,105,-1,105,109,110,-1,105,110,106,-1,106,110,111,-1,93,111,110,-1,93,110,95,-1,95,110,109,-1,95,109,97,-1,97,109,108,-1,97,108,99,-1,99,108,107,-1,99,107,101,-1,101,107,91,-1,101,91,88,-1,112,93,113,-1,113,93,92,-1,113,92,114,-1,114,92,106,-1,114,106,115,-1,115,106,111,-1,111,93,115,-1,115,93,112,-1,112,113,116,-1,116,113,117,-1,116,117,118,-1,118,117,119,-1,118,119,120,-1,120,119,121,-1,122,121,119,-1,122,119,123,-1,123,119,117,-1,123,117,124,-1,124,117,113,-1,124,113,114,-1,125,122,126,-1,126,122,123,-1,126,123,127,-1,127,123,124,-1,127,124,115,-1,115,124,114,-1,115,112,127,-1,127,112,116,-1,127,116,126,-1,126,116,118,-1,126,118,125,-1,125,118,120,-1,128,120,129,-1,129,120,121,-1,130,131,132,-1,132,131,133,-1,122,134,70,-1,70,134,131,-1,70,131,135,-1,135,131,130,-1,122,70,121,-1,121,70,71,-1,121,71,129,-1,129,71,136,-1,129,136,137,-1,137,138,129,-1,129,138,139,-1,129,139,140,-1,134,122,141,-1,141,122,125,-1,125,120,128,-1,142,69,143,-1,143,69,128,-1,142,144,69,-1,69,144,145,-1,69,145,146,-1,128,69,125,-1,125,69,68,-1,125,68,141,-1,141,68,147,-1,141,147,148,-1,149,150,148,-1,148,150,151,-1,148,151,141,-1,134,141,151,-1,134,151,131,-1,131,151,150,-1,131,150,133,-1,133,150,149,-1,133,149,132,-1,132,149,148,-1,132,148,130,-1,130,148,147,-1,130,147,135,-1,135,147,68,-1,135,68,70,-1,128,129,140,-1,128,140,143,-1,143,140,139,-1,143,139,142,-1,142,139,138,-1,142,138,144,-1,144,138,137,-1,144,137,145,-1,145,137,136,-1,145,136,146,-1,146,136,71,-1,146,71,69,-1,152,153,154,-1,154,153,155,-1,156,157,158,-1,158,157,159,-1,158,159,160,-1,160,159,161,-1,160,161,162,-1,162,161,163,-1,164,163,161,-1,164,161,165,-1,165,161,159,-1,165,159,166,-1,166,159,157,-1,166,157,167,-1,168,164,169,-1,169,164,165,-1,169,165,170,-1,170,165,166,-1,170,166,171,-1,171,166,167,-1,171,156,170,-1,170,156,158,-1,170,158,169,-1,169,158,160,-1,169,160,168,-1,168,160,162,-1,172,162,173,-1,173,162,163,-1,173,163,174,-1,174,163,164,-1,174,164,175,-1,175,164,168,-1,168,162,175,-1,175,162,172,-1,176,177,178,-1,178,177,179,-1,178,179,180,-1,180,179,181,-1,180,181,182,-1,182,181,183,-1,182,183,184,-1,184,183,185,-1,184,185,173,-1,173,185,172,-1,173,174,184,-1,184,174,186,-1,184,186,182,-1,182,186,187,-1,182,187,180,-1,180,187,188,-1,180,188,178,-1,178,188,189,-1,178,189,176,-1,176,189,190,-1,174,175,186,-1,186,175,191,-1,186,191,187,-1,187,191,192,-1,187,192,188,-1,188,192,193,-1,188,193,189,-1,189,193,194,-1,189,194,190,-1,190,194,195,-1,177,195,194,-1,177,194,179,-1,179,194,193,-1,179,193,181,-1,181,193,192,-1,181,192,183,-1,183,192,191,-1,183,191,185,-1,185,191,175,-1,185,175,172,-1,196,177,197,-1,197,177,176,-1,197,176,198,-1,198,176,190,-1,198,190,199,-1,199,190,195,-1,195,177,199,-1,199,177,196,-1,196,197,200,-1,200,197,201,-1,200,201,202,-1,202,201,203,-1,202,203,204,-1,204,203,205,-1,206,205,203,-1,206,203,207,-1,207,203,201,-1,207,201,208,-1,208,201,197,-1,208,197,198,-1,209,206,210,-1,210,206,207,-1,210,207,211,-1,211,207,208,-1,211,208,199,-1,199,208,198,-1,199,196,211,-1,211,196,200,-1,211,200,210,-1,210,200,202,-1,210,202,209,-1,209,202,204,-1,212,204,213,-1,213,204,205,-1,153,152,205,-1,205,152,213,-1,213,152,214,-1,213,214,215,-1,205,206,153,-1,153,206,216,-1,153,216,217,-1,217,216,218,-1,215,219,213,-1,213,219,220,-1,213,220,221,-1,218,216,222,-1,222,216,223,-1,222,223,224,-1,216,206,225,-1,225,206,209,-1,209,204,225,-1,225,204,212,-1,226,227,225,-1,212,228,229,-1,229,228,230,-1,229,230,231,-1,229,232,212,-1,212,232,154,-1,212,154,225,-1,225,154,155,-1,225,155,226,-1,227,233,225,-1,225,233,234,-1,225,234,235,-1,212,213,221,-1,212,221,228,-1,228,221,220,-1,228,220,230,-1,230,220,219,-1,230,219,231,-1,231,219,215,-1,231,215,229,-1,229,215,214,-1,229,214,232,-1,232,214,152,-1,232,152,154,-1,216,225,235,-1,216,235,223,-1,223,235,234,-1,223,234,224,-1,224,234,233,-1,224,233,222,-1,222,233,227,-1,222,227,218,-1,218,227,226,-1,218,226,217,-1,217,226,155,-1,217,155,153,-1,236,237,238,-1,238,237,239,-1,238,239,240,-1,240,239,241,-1,240,241,242,-1,242,241,243,-1,243,237,242,-1,242,237,236,-1,244,245,246,-1,246,245,247,-1,246,247,248,-1,248,247,249,-1,248,249,250,-1,250,249,251,-1,250,251,252,-1,252,251,253,-1,252,253,254,-1,254,253,255,-1,254,255,256,-1,256,255,257,-1,256,257,238,-1,238,257,236,-1,238,240,256,-1,256,240,258,-1,256,258,254,-1,254,258,259,-1,254,259,252,-1,252,259,260,-1,252,260,250,-1,250,260,261,-1,250,261,248,-1,248,261,262,-1,248,262,246,-1,246,262,263,-1,246,263,244,-1,244,263,264,-1,240,242,258,-1,258,242,265,-1,258,265,259,-1,259,265,266,-1,259,266,260,-1,260,266,267,-1,260,267,261,-1,261,267,268,-1,261,268,262,-1,262,268,269,-1,262,269,263,-1,263,269,270,-1,263,270,264,-1,264,270,271,-1,245,271,270,-1,245,270,247,-1,247,270,269,-1,247,269,249,-1,249,269,268,-1,249,268,251,-1,251,268,267,-1,251,267,253,-1,253,267,266,-1,253,266,255,-1,255,266,265,-1,255,265,257,-1,257,265,242,-1,257,242,236,-1,245,244,272,-1,272,244,273,-1,244,264,274,-1,275,276,277,-1,244,274,273,-1,273,274,275,-1,273,275,278,-1,278,275,277,-1,278,277,279,-1,279,277,280,-1,279,280,281,-1,276,282,277,-1,277,282,283,-1,277,283,284,-1,284,285,277,-1,277,285,286,-1,277,286,287,-1,288,289,290,-1,280,291,281,-1,281,291,288,-1,281,288,292,-1,292,288,290,-1,264,271,274,-1,274,271,293,-1,294,295,296,-1,296,295,293,-1,296,293,272,-1,272,293,271,-1,272,271,245,-1,294,296,297,-1,297,296,298,-1,297,298,299,-1,299,298,300,-1,299,300,301,-1,302,303,304,-1,305,306,297,-1,297,306,307,-1,297,307,294,-1,308,309,297,-1,297,309,310,-1,297,310,305,-1,301,300,304,-1,304,300,311,-1,304,311,302,-1,312,313,314,-1,314,313,315,-1,314,315,316,-1,316,315,317,-1,316,317,318,-1,318,317,319,-1,319,313,318,-1,318,313,312,-1,320,321,322,-1,322,321,323,-1,322,323,324,-1,324,323,325,-1,324,325,326,-1,326,325,327,-1,326,327,328,-1,328,327,329,-1,328,329,330,-1,330,329,331,-1,330,331,332,-1,332,331,333,-1,332,333,314,-1,314,333,312,-1,314,316,332,-1,332,316,334,-1,332,334,330,-1,330,334,335,-1,330,335,328,-1,328,335,336,-1,328,336,326,-1,326,336,337,-1,326,337,324,-1,324,337,338,-1,324,338,322,-1,322,338,339,-1,322,339,320,-1,320,339,340,-1,316,318,334,-1,334,318,341,-1,334,341,335,-1,335,341,342,-1,335,342,336,-1,336,342,343,-1,336,343,337,-1,337,343,344,-1,337,344,338,-1,338,344,345,-1,338,345,339,-1,339,345,346,-1,339,346,340,-1,340,346,347,-1,321,347,346,-1,321,346,323,-1,323,346,345,-1,323,345,325,-1,325,345,344,-1,325,344,327,-1,327,344,343,-1,327,343,329,-1,329,343,342,-1,329,342,331,-1,331,342,341,-1,331,341,333,-1,333,341,318,-1,333,318,312,-1,321,320,348,-1,348,320,349,-1,350,351,352,-1,320,340,349,-1,349,340,353,-1,349,353,354,-1,354,353,352,-1,354,352,355,-1,355,352,351,-1,355,351,356,-1,356,357,355,-1,355,357,358,-1,355,358,359,-1,359,358,360,-1,359,360,361,-1,362,363,364,-1,364,363,365,-1,364,365,366,-1,352,367,350,-1,350,367,364,-1,350,364,368,-1,368,364,366,-1,340,347,353,-1,353,347,369,-1,370,369,371,-1,371,369,348,-1,348,369,347,-1,348,347,321,-1,372,370,373,-1,373,370,374,-1,370,371,374,-1,374,371,375,-1,374,375,376,-1,377,374,378,-1,378,374,379,-1,376,380,374,-1,374,380,381,-1,374,381,379,-1,382,383,384,-1,384,383,385,-1,384,385,386,-1,372,373,384,-1,384,373,387,-1,384,387,382,-1,388,389,390,-1,390,389,391,-1,390,391,392,-1,392,391,393,-1,392,393,394,-1,394,393,395,-1,395,389,394,-1,394,389,388,-1,396,397,398,-1,398,397,399,-1,398,399,400,-1,400,399,401,-1,400,401,402,-1,402,401,403,-1,402,403,404,-1,404,403,405,-1,404,405,406,-1,406,405,407,-1,406,407,408,-1,408,407,409,-1,408,409,390,-1,390,409,388,-1,390,392,408,-1,408,392,410,-1,408,410,406,-1,406,410,411,-1,406,411,404,-1,404,411,412,-1,404,412,402,-1,402,412,413,-1,402,413,400,-1,400,413,414,-1,400,414,398,-1,398,414,415,-1,398,415,396,-1,396,415,416,-1,392,394,410,-1,410,394,417,-1,410,417,411,-1,411,417,418,-1,411,418,412,-1,412,418,419,-1,412,419,413,-1,413,419,420,-1,413,420,414,-1,414,420,421,-1,414,421,415,-1,415,421,422,-1,415,422,416,-1,416,422,423,-1,397,423,422,-1,397,422,399,-1,399,422,421,-1,399,421,401,-1,401,421,420,-1,401,420,403,-1,403,420,419,-1,403,419,405,-1,405,419,418,-1,405,418,407,-1,407,418,417,-1,407,417,409,-1,409,417,394,-1,409,394,388,-1,397,396,424,-1,424,396,425,-1,426,425,427,-1,427,425,428,-1,428,425,396,-1,428,396,416,-1,429,426,430,-1,430,426,431,-1,431,426,427,-1,431,427,432,-1,432,433,431,-1,431,433,434,-1,431,434,435,-1,435,436,431,-1,431,436,437,-1,431,437,438,-1,439,440,430,-1,430,440,441,-1,430,441,429,-1,442,443,430,-1,430,443,444,-1,430,444,439,-1,416,423,428,-1,428,423,445,-1,446,445,447,-1,447,445,424,-1,424,445,423,-1,424,423,397,-1,448,446,449,-1,449,446,450,-1,450,446,447,-1,450,447,451,-1,451,452,450,-1,450,452,453,-1,450,453,454,-1,454,455,450,-1,450,455,456,-1,450,456,457,-1,458,459,449,-1,449,459,460,-1,449,460,448,-1,461,462,449,-1,449,462,463,-1,449,463,458,-1,430,450,457,-1,430,457,442,-1,442,457,456,-1,442,456,443,-1,443,456,455,-1,443,455,444,-1,444,455,454,-1,444,454,439,-1,439,454,453,-1,439,453,440,-1,440,453,452,-1,440,452,441,-1,441,452,451,-1,441,451,429,-1,426,447,425,-1,425,447,424,-1,451,447,429,-1,429,447,426,-1,432,448,460,-1,432,460,433,-1,433,460,459,-1,433,459,434,-1,434,459,458,-1,434,458,435,-1,435,458,463,-1,435,463,436,-1,436,463,462,-1,436,462,437,-1,437,462,461,-1,437,461,438,-1,438,461,449,-1,438,449,431,-1,446,448,427,-1,427,448,432,-1,445,446,428,-1,428,446,427,-1,351,374,377,-1,351,377,356,-1,356,377,378,-1,356,378,357,-1,357,378,379,-1,357,379,358,-1,358,379,381,-1,358,381,360,-1,360,381,380,-1,360,380,361,-1,361,380,376,-1,361,376,359,-1,359,376,375,-1,359,375,355,-1,354,371,349,-1,349,371,348,-1,375,371,355,-1,355,371,354,-1,367,372,384,-1,367,384,364,-1,364,384,386,-1,364,386,362,-1,362,386,385,-1,362,385,363,-1,363,385,383,-1,363,383,365,-1,365,383,382,-1,365,382,366,-1,366,382,387,-1,366,387,368,-1,368,387,373,-1,368,373,350,-1,370,372,352,-1,352,372,367,-1,369,370,353,-1,353,370,352,-1,293,295,274,-1,274,295,275,-1,295,294,275,-1,275,294,276,-1,276,294,307,-1,276,307,282,-1,282,307,306,-1,282,306,283,-1,283,306,305,-1,283,305,284,-1,284,305,310,-1,284,310,285,-1,285,310,309,-1,285,309,286,-1,286,309,308,-1,286,308,287,-1,287,308,297,-1,287,297,277,-1,278,296,273,-1,273,296,272,-1,298,296,279,-1,279,296,278,-1,280,299,301,-1,280,301,291,-1,291,301,304,-1,291,304,288,-1,288,304,303,-1,288,303,289,-1,289,303,302,-1,289,302,290,-1,290,302,311,-1,290,311,292,-1,292,311,300,-1,292,300,281,-1,281,300,298,-1,281,298,279,-1,
        ]
    }
}
Shape{
    appearance Appearance {
        material  Material 	{
            diffuseColor 1.0 1.0 1.0
            specularColor 0.8784313725490196 0.8784313725490196 0.8784313725490196
            ambientIntensity 1.0
            transparency 0.0
            shininess 0.5
        }
    }
    geometry IndexedFaceSet {
        ccw TRUE
        solid FALSE
        coord DEF co Coordinate {
            point [
                0.1763 2.9913 0.3976, 0.1763 2.9913 0.3937, 0.1843 3.0133 0.3976, 0.1843 3.0133 0.3937, 0.1438 2.9913 0.3976, 0.1438 2.9913 0.3937, 0.1363 3.0133 0.3976, 0.1363 3.0133 0.3937, 0.1248 3.0133 0.3976, 0.1248 3.0133 0.3937, 0.1545 2.9346 0.3976, 0.1545 2.9346 0.3937, 0.1651 2.9346 0.3976, 0.1651 2.9346 0.3937, 0.1958 3.0133 0.3976, 0.1958 3.0133 0.3937, 0.1465 2.9826 0.3976, 0.1728 2.9826 0.3976, 0.1582 2.9497 0.3976, 0.159 2.947 0.3976, 0.1595 2.9442 0.3976, 0.1597 2.9442 0.3976, 0.1603 2.947 0.3976, 0.161 2.9497 0.3976, 0.1597 2.9442 0.3937, 0.1603 2.947 0.3937, 0.161 2.9497 0.3937, 0.1595 2.9442 0.3937, 0.1582 2.9497 0.3937, 0.159 2.947 0.3937, 0.1465 2.9826 0.3937, 0.1728 2.9826 0.3937, 0.0779 2.9346 0.3976, 0.0779 2.9346 0.3937, 0.0556 2.9346 0.3976, 0.0556 2.9346 0.3937, 0.119 2.973 0.3976, 0.119 2.973 0.3937, 0.1189 2.9691 0.3937, 0.1189 2.9691 0.3976, 0.1173 2.9608 0.3937, 0.1173 2.9608 0.3976, 0.114 2.9531 0.3937, 0.114 2.9531 0.3976, 0.1093 2.947 0.3937, 0.1093 2.947 0.3976, 0.1063 2.9441 0.3937, 0.1063 2.9441 0.3976, 0.0985 2.9391 0.3937, 0.0985 2.9391 0.3976, 0.0892 2.9358 0.3937, 0.0892 2.9358 0.3976, 0.0771 3.0133 0.3976, 0.0771 3.0133 0.3937, 0.087 3.0125 0.3937, 0.087 3.0125 0.3976, 0.0961 3.0097 0.3937, 0.0961 3.0097 0.3976, 0.1042 3.0049 0.3937, 0.1042 3.0049 0.3976, 0.1107 2.9987 0.3937, 0.1107 2.9987 0.3976, 0.1151 2.9917 0.3937, 0.1151 2.9917 0.3976, 0.1179 2.9835 0.3937, 0.1179 2.9835 0.3976, 0.0556 3.0133 0.3976, 0.0556 3.0133 0.3937, 0.1085 2.9732 0.3976, 0.1078 2.9654 0.3976, 0.1059 2.9592 0.3976, 0.1032 2.9543 0.3976, 0.0994 2.9502 0.3976, 0.0937 2.9465 0.3976, 0.0872 2.9442 0.3976, 0.0778 2.9432 0.3976, 0.0662 2.9432 0.3976, 0.0662 3.0047 0.3976, 0.0774 3.0047 0.3976, 0.0857 3.0039 0.3976, 0.0923 3.0019 0.3976, 0.0976 2.9987 0.3976, 0.1021 2.9943 0.3976, 0.1054 2.9889 0.3976, 0.1075 2.9827 0.3976, 0.0774 3.0047 0.3937, 0.0662 3.0047 0.3937, 0.1085 2.9732 0.3937, 0.1075 2.9827 0.3937, 0.1054 2.9889 0.3937, 0.1021 2.9943 0.3937, 0.0976 2.9987 0.3937, 0.0923 3.0019 0.3937, 0.0857 3.0039 0.3937, 0.0778 2.9432 0.3937, 0.0872 2.9442 0.3937, 0.0937 2.9465 0.3937, 0.0994 2.9502 0.3937, 0.1032 2.9543 0.3937, 0.1059 2.9592 0.3937, 0.1078 2.9654 0.3937, 0.0662 2.9432 0.3937, -0.002 2.9346 0.3976, -0.002 2.9346 0.3937, -0.002 3.0133 0.3976, -0.002 3.0133 0.3937, 0.0384 2.9346 0.3976, 0.0384 2.9346 0.3937, 0.0384 2.9432 0.3976, 0.0384 2.9432 0.3937, 0.0086 2.9432 0.3976, 0.0086 2.9432 0.3937, 0.0086 2.9692 0.3976, 0.0086 2.9692 0.3937, 0.0364 2.9692 0.3976, 0.0364 2.9692 0.3937, 0.0364 2.9778 0.3976, 0.0364 2.9778 0.3937, 0.0086 2.9778 0.3976, 0.0086 2.9778 0.3937, 0.0086 3.0047 0.3976, 0.0086 3.0047 0.3937, 0.0403 3.0047 0.3976, 0.0403 3.0047 0.3937, 0.0403 3.0133 0.3976, 0.0403 3.0133 0.3937, -0.0759 2.9755 0.3976, -0.0759 2.9755 0.3937, -0.0751 2.9846 0.3937, -0.0751 2.9846 0.3976, -0.0727 2.9931 0.3937, -0.0727 2.9931 0.3976, -0.0685 3.0005 0.3937, -0.0685 3.0005 0.3976, -0.0627 3.0066 0.3937, -0.0627 3.0066 0.3976, -0.0563 3.0107 0.3937, -0.0563 3.0107 0.3976, -0.0487 3.0133 0.3937, -0.0487 3.0133 0.3976, -0.039 3.0143 0.3937, -0.039 3.0143 0.3976, -0.0359 2.9336 0.3976, -0.0359 2.9336 0.3937, -0.0442 2.9344 0.3976, -0.0414 2.9341 0.3937, -0.0442 2.9344 0.3937, -0.0528 2.937 0.3937, -0.0528 2.937 0.3976, -0.0602 2.9412 0.3937, -0.0602 2.9412 0.3976, -0.0671 2.9479 0.3937, -0.0671 2.9479 0.3976, -0.0718 2.9553 0.3937, -0.0718 2.9553 0.3976, -0.0748 2.9643 0.3937, -0.0748 2.9643 0.3976, -0.0289 2.9341 0.3937, -0.0264 2.9343 0.3976, -0.0264 2.9343 0.3937, -0.0173 2.9368 0.3976, -0.0173 2.9368 0.3937, -0.0173 2.9473 0.3976, -0.0173 2.9473 0.3937, -0.0358 2.9423 0.3976, -0.0358 2.9423 0.3937, -0.0262 2.9435 0.3937, -0.0262 2.9435 0.3976, -0.0653 2.9748 0.3976, -0.0653 2.9748 0.3937, -0.065 2.9689 0.3937, -0.065 2.9689 0.3976, -0.0629 2.9604 0.3937, -0.0629 2.9604 0.3976, -0.0597 2.9543 0.3937, -0.0597 2.9543 0.3976, -0.055 2.949 0.3937, -0.055 2.949 0.3976, -0.0494 2.9453 0.3937, -0.0494 2.9453 0.3976, -0.0435 2.9432 0.3937, -0.0435 2.9432 0.3976, -0.0375 3.0057 0.3976, -0.0375 3.0057 0.3937, -0.0449 3.0048 0.3937, -0.0449 3.0048 0.3976, -0.0506 3.0027 0.3937, -0.0506 3.0027 0.3976, -0.0555 2.9994 0.3937, -0.0555 2.9994 0.3976, -0.0591 2.9956 0.3937, -0.0591 2.9956 0.3976, -0.0624 2.9901 0.3937, -0.0624 2.9901 0.3976, -0.0646 2.9833 0.3937, -0.0646 2.9833 0.3976, -0.0173 3.0006 0.3976, -0.0173 3.0006 0.3937, -0.0187 3.0014 0.3937, -0.0187 3.0014 0.3976, -0.0271 3.0045 0.3937, -0.0271 3.0045 0.3976, -0.0173 3.0093 0.3976, -0.0173 3.0093 0.3937, -0.0369 3.0143 0.3937, -0.0369 3.0143 0.3976, -0.0257 3.0127 0.3937, -0.0257 3.0127 0.3976, -0.123 2.9346 0.3976, -0.123 2.9346 0.3937, -0.123 3.0133 0.3976, -0.123 3.0133 0.3937, -0.1124 2.9346 0.3976, -0.1124 2.9346 0.3937, -0.1124 3.0047 0.3976, -0.1124 3.0047 0.3937, -0.0826 3.0047 0.3976, -0.0826 3.0047 0.3937, -0.0826 3.0133 0.3976, -0.0826 3.0133 0.3937
            ]
        }
        coordIndex [
            0,1,2,-1,2,1,3,-1,4,5,0,-1,0,5,1,-1,6,7,4,-1,4,7,5,-1,8,9,6,-1,6,9,7,-1,10,11,8,-1,8,11,9,-1,12,13,10,-1,10,13,11,-1,14,15,12,-1,12,15,13,-1,14,2,15,-1,15,2,3,-1,16,4,17,-1,17,4,0,-1,18,10,16,-1,16,10,8,-1,16,8,4,-1,4,8,6,-1,18,19,10,-1,10,19,20,-1,10,20,12,-1,12,20,21,-1,12,21,22,-1,22,23,12,-1,12,23,17,-1,12,17,14,-1,14,17,0,-1,14,0,2,-1,21,24,25,-1,21,25,22,-1,22,25,26,-1,22,26,23,-1,20,27,21,-1,21,27,24,-1,18,28,29,-1,18,29,19,-1,19,29,27,-1,19,27,20,-1,16,30,18,-1,18,30,28,-1,17,31,16,-1,16,31,30,-1,26,31,23,-1,23,31,17,-1,32,33,34,-1,34,33,35,-1,36,37,38,-1,36,38,39,-1,39,38,40,-1,39,40,41,-1,41,40,42,-1,41,42,43,-1,43,42,44,-1,43,44,45,-1,45,44,46,-1,45,46,47,-1,47,46,48,-1,47,48,49,-1,49,48,50,-1,49,50,51,-1,51,50,33,-1,51,33,32,-1,52,53,54,-1,52,54,55,-1,55,54,56,-1,55,56,57,-1,57,56,58,-1,57,58,59,-1,59,58,60,-1,59,60,61,-1,61,60,62,-1,61,62,63,-1,63,62,64,-1,63,64,65,-1,65,64,37,-1,65,37,36,-1,66,67,52,-1,52,67,53,-1,66,34,67,-1,67,34,35,-1,65,36,68,-1,68,36,39,-1,68,39,69,-1,69,39,41,-1,69,41,70,-1,70,41,43,-1,70,43,71,-1,71,43,45,-1,71,45,72,-1,72,45,47,-1,72,47,73,-1,73,47,49,-1,73,49,74,-1,74,49,51,-1,74,51,75,-1,75,51,32,-1,75,32,76,-1,76,32,34,-1,76,34,77,-1,77,34,66,-1,77,66,78,-1,78,66,52,-1,78,52,79,-1,79,52,55,-1,79,55,80,-1,80,55,57,-1,80,57,81,-1,81,57,59,-1,81,59,82,-1,82,59,61,-1,82,61,83,-1,83,61,63,-1,83,63,84,-1,84,63,65,-1,84,65,68,-1,78,85,77,-1,77,85,86,-1,68,87,88,-1,68,88,84,-1,84,88,89,-1,84,89,83,-1,83,89,90,-1,83,90,82,-1,82,90,91,-1,82,91,81,-1,81,91,92,-1,81,92,80,-1,80,92,93,-1,80,93,79,-1,79,93,85,-1,79,85,78,-1,75,94,95,-1,75,95,74,-1,74,95,96,-1,74,96,73,-1,73,96,97,-1,73,97,72,-1,72,97,98,-1,72,98,71,-1,71,98,99,-1,71,99,70,-1,70,99,100,-1,70,100,69,-1,69,100,87,-1,69,87,68,-1,76,101,75,-1,75,101,94,-1,86,101,77,-1,77,101,76,-1,102,103,104,-1,104,103,105,-1,106,107,102,-1,102,107,103,-1,108,109,106,-1,106,109,107,-1,110,111,108,-1,108,111,109,-1,112,113,110,-1,110,113,111,-1,114,115,112,-1,112,115,113,-1,116,117,114,-1,114,117,115,-1,118,119,116,-1,116,119,117,-1,120,121,118,-1,118,121,119,-1,122,123,120,-1,120,123,121,-1,124,125,122,-1,122,125,123,-1,124,104,125,-1,125,104,105,-1,104,124,122,-1,122,120,104,-1,104,120,118,-1,104,118,102,-1,108,106,110,-1,110,106,102,-1,110,102,112,-1,112,102,118,-1,112,118,114,-1,114,118,116,-1,126,127,128,-1,126,128,129,-1,129,128,130,-1,129,130,131,-1,131,130,132,-1,131,132,133,-1,133,132,134,-1,133,134,135,-1,135,134,136,-1,135,136,137,-1,137,136,138,-1,137,138,139,-1,139,138,140,-1,139,140,141,-1,142,143,144,-1,144,143,145,-1,145,146,144,-1,144,146,147,-1,144,147,148,-1,148,147,149,-1,148,149,150,-1,150,149,151,-1,150,151,152,-1,152,151,153,-1,152,153,154,-1,154,153,155,-1,154,155,156,-1,156,155,127,-1,156,127,126,-1,143,142,157,-1,157,142,158,-1,157,158,159,-1,159,158,160,-1,159,160,161,-1,162,163,160,-1,160,163,161,-1,164,165,166,-1,164,166,167,-1,167,166,163,-1,167,163,162,-1,168,169,170,-1,168,170,171,-1,171,170,172,-1,171,172,173,-1,173,172,174,-1,173,174,175,-1,175,174,176,-1,175,176,177,-1,177,176,178,-1,177,178,179,-1,179,178,180,-1,179,180,181,-1,181,180,165,-1,181,165,164,-1,182,183,184,-1,182,184,185,-1,185,184,186,-1,185,186,187,-1,187,186,188,-1,187,188,189,-1,189,188,190,-1,189,190,191,-1,191,190,192,-1,191,192,193,-1,193,192,194,-1,193,194,195,-1,195,194,169,-1,195,169,168,-1,196,197,198,-1,196,198,199,-1,199,198,200,-1,199,200,201,-1,201,200,183,-1,201,183,182,-1,202,203,196,-1,196,203,197,-1,141,140,204,-1,141,204,205,-1,205,204,206,-1,205,206,207,-1,207,206,203,-1,207,203,202,-1,185,141,182,-1,182,141,205,-1,182,205,201,-1,201,205,207,-1,201,207,199,-1,199,207,202,-1,199,202,196,-1,162,160,167,-1,167,160,158,-1,167,158,164,-1,164,158,142,-1,164,142,181,-1,181,142,144,-1,181,144,179,-1,179,144,148,-1,179,148,177,-1,177,148,150,-1,177,150,175,-1,175,150,152,-1,175,152,173,-1,173,152,154,-1,173,154,171,-1,171,154,156,-1,171,156,168,-1,168,156,126,-1,168,126,195,-1,195,126,129,-1,195,129,193,-1,193,129,131,-1,193,131,191,-1,191,131,133,-1,191,133,189,-1,189,133,135,-1,189,135,187,-1,187,135,137,-1,187,137,185,-1,185,137,139,-1,185,139,141,-1,208,209,210,-1,210,209,211,-1,212,213,208,-1,208,213,209,-1,214,215,212,-1,212,215,213,-1,216,217,214,-1,214,217,215,-1,218,219,216,-1,216,219,217,-1,218,210,219,-1,219,210,211,-1,212,208,214,-1,214,208,210,-1,214,210,216,-1,216,210,218,-1,
        ]
    }
}
Shape{
    appearance Appearance {
        material  Material 	{
            diffuseColor 0.10980392156862745 0.10980392156862745 0.10980392156862745
            specularColor 0.0784313725490196 0.0784313725490196 0.0784313725490196
            ambientIntensity 0.1098
            transparency 0.0
            shininess 0.5
        }
    }
    geometry IndexedFaceSet {
        ccw TRUE
        solid FALSE
        coord DEF co Coordinate {
            point [
                0.1465 2.9826 0.3937, 0.1728 2.9826 0.3937, 0.1582 2.9497 0.3937, 0.161 2.9497 0.3937, 0.159 2.947 0.3937, 0.1603 2.947 0.3937, 0.1595 2.9442 0.3937, 0.1597 2.9442 0.3937, 0.0662 2.9432 0.3937, 0.0662 3.0047 0.3937, 0.0778 2.9432 0.3937, 0.0774 3.0047 0.3937, 0.1075 2.9827 0.3937, 0.1085 2.9732 0.3937, 0.1078 2.9654 0.3937, 0.1059 2.9592 0.3937, 0.0872 2.9442 0.3937, 0.0857 3.0039 0.3937, 0.0923 3.0019 0.3937, 0.0976 2.9987 0.3937, 0.1032 2.9543 0.3937, 0.0994 2.9502 0.3937, 0.0937 2.9465 0.3937, 0.1021 2.9943 0.3937, 0.1054 2.9889 0.3937
            ]
        }
        coordIndex [
            0,1,2,-1,2,1,3,-1,2,3,4,-1,4,3,5,-1,4,5,6,-1,6,5,7,-1,8,9,10,-1,10,9,11,-1,12,13,10,-1,13,14,10,-1,10,14,15,-1,10,15,16,-1,11,17,10,-1,10,17,18,-1,10,18,19,-1,20,21,15,-1,15,21,22,-1,15,22,16,-1,19,23,10,-1,10,23,24,-1,10,24,12,-1,
        ]
    }
}